-0.058190
0.042119
0.029016
0.007739
-0.054957
0.058548
-0.024549
-0.027997
-0.406268
-0.015563
0.053232
0.028483
0.076012
-0.061913
0.103961
0.046131
-0.039058
0.040412
-0.073393
-0.127663
0.016350
0.023286
-0.068209
-0.170614
-0.090621
0.050461
-0.002884
0.117433
0.024672
-0.073659
-0.044684
0.085926
-0.012335
-0.036252
-0.190943
-0.040414
-0.066103
0.051891
0.030226
-0.069823
0.005099
-0.046614
0.108805
0.018537
0.006429
-0.177657
-0.082822
0.074857
-0.068754
0.040082
0.083933
0.043920
0.112016
-0.018492
0.096548
0.018282
0.043820
0.007295
-0.006483
-0.085689
-0.028164
0.051538
0.060011
0.059608
-0.044358
-0.136169
0.128314
-0.184651
-0.148656
0.049471
0.047749
0.049005
0.001280
-0.106575
-0.081822
-0.026926
0.024346
0.035157
-0.023549
0.071619
-0.039371
0.042813
-0.050869
-0.052426
0.029939
-0.057121
-0.170812
-0.319451
-0.036947
0.084046
0.185465
-0.034324
-0.023377
-0.068262
0.024394
0.131240
0.116639
-0.099089
0.111624
0.027457
0.062263
-0.036406
-0.223204
0.057603
0.066691
-0.035693
0.034217
0.091004
0.071782
-0.004339
0.026573
-0.038184
0.034849
0.095352
0.045172
-0.162111
-0.076218
0.055626
-0.109812
-0.013288
-0.217222
-0.076818
0.018793
0.028498
-0.079929
0.026924
0.073593
-0.021138
-0.134060
0.267972
0.058477
0.064840
-0.053192
0.077871
-0.001159
-0.064752
-0.077808
0.047829
0.076804
-0.080457
0.088471
0.029123
0.081754
-0.008754
0.201302
-0.081903
0.082760
0.026808
-0.001161
0.044806
0.063597
-0.067662
0.031248
0.053491
0.064597
0.204715
-0.004113
0.153344
-0.192698
0.022599
-0.001394
0.141106
-0.103182
-0.055091
0.033108
0.180004
0.007782
-0.140227
0.073701
0.075349
0.020962
0.216347
0.036849
0.023029
0.085914
-0.063009
0.136455
0.183087
-0.165268
-0.070596
0.065964
0.060035
-0.104098
0.061186
-0.020145
0.100725
0.090666
0.092095
0.114564
-0.094954
-0.195297
0.155860
-0.126467
0.109879
-0.040945
0.131754
-0.164453
0.078430
-0.087248
-0.008925
-0.435797
-0.122466
0.044728
-0.078566
0.111554
-0.039803
0.232338
-0.125987
0.111150
0.010644
-0.012403
-0.116512
-0.066332
0.063567
-0.074430
-0.197702
-0.020442
0.009366
0.042867
0.168421
0.101683
0.064420
0.060800
0.032341
-0.008733
0.065352
-0.149695
-0.109117
-0.046543
0.155832
0.074017
0.016694
-0.031330
0.090297
0.018800
-0.026317
0.018026
-0.534616
0.034332
0.083780
-0.040502
0.089792
0.063545
-0.096229
0.173218
0.009459
0.062545
0.012680
0.013668
0.134878
0.049247
0.035855
-0.151494
-0.084008
0.019961
-0.021518
0.006511
-0.010609
-0.042195
0.011560
-0.256464
0.048216
-0.070501
0.134450
0.057815
-0.123582
0.136900
-0.251503
-0.009399
-0.022199
0.103493
-0.039518
0.001095
0.091168
-0.182624
0.191279
-0.324331
0.150859
0.012022
-0.023868
0.095620
0.130120
-0.093672
0.010444
0.040018
-0.045395
0.082505
-0.007803
0.261686
-0.006147
0.166654
0.066668
-0.165968
-0.138433
-0.033671
-0.127476
0.147108
-0.111364
0.049711
0.136624
0.215027
0.288158
0.188252
-0.020415
-0.069670
0.134595
0.019429
-0.245266
-0.031056
-0.390753
-0.390934
0.081789
-0.366647
0.080817
0.036546
0.041081
0.084059
0.068814
-0.310383
-0.091895
-0.096052
-0.019306
-0.064724
0.135167
-0.065221
0.043744
-0.061892
-0.201092
-0.164609
-0.369871
0.137030
0.052557
0.109769
-0.006066
0.248401
-0.114905
0.035389
0.053947
0.132659
0.088574
0.051722
0.111548
0.031123
-0.023386
0.118103
-0.068529
0.039057
0.162996
0.119902
0.029988
0.117187
0.000698
0.090403
-0.107004
-0.367523
-0.076499
-0.239768
0.125853
0.140457
-0.190749
0.132609
0.186475
0.152233
0.130824
0.053951
-0.591981
0.022263
0.040225
-0.123290
0.198636
-0.047193
-0.035086
0.134603
-0.162184
0.037723
-0.066324
-0.124272
-0.042908
0.035023
0.009317
-0.430783
-0.029540
-0.008529
0.104998
-0.102689
0.007679
0.059046
-0.093604
-0.058935
-0.011943
0.003678
-0.073924
0.086466
-0.003505
0.041999
0.000316
-0.010659
-0.049634
-0.002746
-0.015324
0.022953
-0.048710
0.045940
-0.011607
0.059491
0.022555
-0.002732
-0.025232
0.035820
-0.056118
-0.024397
0.125301
-0.038263
0.035859
-0.090703
-0.084400
0.058951
0.055451
0.044997
0.016599
-0.019584
0.001158
-0.270515
0.001013
-0.079811
-0.047033
0.076101
-0.041787
0.038361
-0.084447
-0.061040
-0.009058
-0.005056
-0.058308
-0.120470
-0.057374
-0.007712
-0.019526
-0.069389
0.047099
0.091969
-0.009714
-0.004999
-0.040016
0.012738
-0.033551
0.007049
0.019548
0.035538
0.062709
-0.049821
0.094072
0.050453
0.025963
-0.115063
-0.041147
0.186896
0.134706
-0.038084
0.196603
0.019236
-0.042256
-0.134852
-0.002392
0.026133
0.031675
0.004517
-0.160449
-0.082643
0.121154
-0.034835
-0.023899
-0.074096
0.094234
0.044682
0.113985
0.068916
-0.010020
0.010390
0.067973
0.010825
-0.152346
-0.009850
-0.073846
-0.012691
0.080151
0.131162
-0.037414
0.056591
0.049785
0.026310
-0.144777
-0.113430
0.182700
0.044370
-0.087108
0.055097
-0.144949
-0.079273
0.071957
-0.000744
-0.000264
0.134954
0.087818
-0.020532
-0.033846
0.051403
0.028687
-0.044205
-0.030540
-0.039015
0.246321
-0.073080
0.094226
-0.023787
-0.119446
0.003047
-0.045518
0.123521
0.015874
0.077409
0.111739
-0.049406
-0.049273
0.073314
-0.075813
0.074813
-0.119149
-0.104003
-0.003777
-0.081247
-0.059240
-0.098959
0.019156
-0.012788
0.099335
0.040562
0.012119
0.035677
-0.000210
-0.005976
-0.050092
0.057036
0.025075
-0.089456
0.056878
0.002518
-0.021449
-0.029899
0.142772
-0.024281
-0.039005
-0.073541
-0.105558
-0.019257
-0.189595
0.072663
0.051547
-0.044534
0.025705
-0.042844
0.000477
-0.123189
-0.051818
-0.004462
-0.086299
0.076818
-0.035120
0.151069
0.100915
0.070753
0.012455
-0.146816
0.004418
-0.050491
0.033398
0.001632
0.032325
0.120396
-0.190092
0.088420
0.224636
0.048240
-0.035466
0.017605
0.037766
-0.006489
-0.128619
-0.005892
0.035198
0.048534
-0.027526
-0.063552
0.116680
-0.010423
0.008351
-0.240724
-0.058904
0.065202
-0.421250
0.027781
-0.078983
-0.020029
-0.062347
-0.095745
-0.040025
-0.036978
0.025059
0.035071
-0.079690
-0.005383
-0.018651
-0.101472
-0.023908
-0.051767
0.004177
0.104320
-0.041240
0.009462
0.113469
0.018025
0.054492
-0.047906
-0.009093
0.004782
0.047886
0.089603
0.033961
0.014679
0.057306
-0.007910
-0.014576
0.089635
0.076388
-0.024548
0.001223
-0.017464
0.045265
-0.220307
-0.020832
0.011260
0.181945
0.005349
0.032479
-0.042136
-0.083013
-0.077382
-0.112288
0.107438
0.042689
0.064957
0.104806
0.039465
0.080668
-0.254675
-0.331077
-0.097070
-0.102140
-0.039881
-0.061831
-0.051723
-0.044051
0.002467
-0.025036
-0.088184
-0.099887
0.117426
0.015252
0.110957
0.004616
-0.030407
0.035230
0.042856
-0.018509
0.007485
0.008490
-0.058847
-0.074878
0.086828
0.114292
0.064100
-0.049160
-0.057014
-0.054664
0.058206
0.059953
-0.011560
-0.052024
0.079444
-0.153762
0.059217
-0.052281
0.066569
-0.016133
0.046260
-0.033963
-0.076464
0.073688
0.084591
0.071743
0.023353
-0.064507
-0.023270
0.153272
-0.178489
-0.005533
0.059121
-0.005042
-0.032268
0.021427
0.071013
-0.079184
0.019004
0.114757
0.098615
-0.004737
-0.086002
-0.038661
0.065695
0.004185
0.012273
-0.000379
-0.101594
0.007507
0.038089
-0.010141
-0.141881
-0.000085
-0.013516
0.083402
0.033114
-0.039356
0.081283
-0.040142
0.033512
0.103542
-0.087042
0.016403
0.081762
-0.126234
-0.051393
0.117319
-0.355550
0.076643
0.028832
-0.032740
-0.105393
0.029975
0.015393
0.030209
-0.276862
0.083341
0.047069
-0.003201
0.031534
-0.256019
-0.038559
-0.005036
-0.013674
0.041595
-0.001134
-0.058452
-0.048467
0.097519
-0.126704
-0.052615
0.002103
0.107722
-0.026025
0.053102
0.028597
-0.014848
0.077285
-0.016418
-0.066751
-0.021672
0.048370
-0.069217
-0.078691
0.048999
-0.093307
-0.013062
-0.064708
0.053264
0.068405
0.008524
0.060857
-0.132821
0.004997
-0.272251
-0.036975
-0.097602
0.037383
-0.026844
0.019598
-0.039311
-0.115000
0.007580
0.048421
-0.039673
0.076901
0.097328
-0.204149
-0.041157
-0.017067
-0.059313
-0.079998
-0.046781
-0.120483
-0.015467
0.058206
0.094671
-0.082111
-0.012887
-0.076636
0.022766
0.049720
-0.016719
-0.025591
0.018591
-0.008916
-0.026878
-0.200523
-0.197283
-0.076384
0.023945
-0.062946
-0.021522
-0.049015
0.019246
-0.011227
0.046351
-0.093788
0.017860
0.107919
-0.058244
0.062868
0.151358
0.006256
-0.021590
0.106748
0.126724
-0.007206
-0.035971
0.018962
-0.020590
0.028608
-0.110619
-0.075612
0.105178
-0.015261
-0.000693
-0.098641
0.014481
0.042679
-0.089467
0.038397
0.058956
0.039266
-0.027564
0.059524
-0.162306
0.075725
-0.059797
-0.086651
0.001438
0.032029
-0.022847
-0.210948
-0.033893
0.046804
0.103262
0.077977
-0.063825
0.035436
0.053786
0.026262
0.002598
0.018543
-0.031562
0.014688
0.035868
0.064032
-0.006655
-0.032841
-0.076299
0.025597
0.052789
0.162238
0.099517
-0.077029
-0.044392
-0.004431
0.015788
0.040161
0.006458
0.182602
-0.024178
-0.031643
-0.028472
-0.109288
-0.074514
-0.100122
-0.065475
0.254468
0.065118
0.118421
0.117778
-0.040599
0.046232
0.049499
0.180989
0.070833
0.074839
0.041346
0.018060
0.006722
-0.135255
0.090881
-0.205188
0.024618
0.143796
0.101881
-0.093058
-0.108440
0.055573
-0.033442
-0.130547
0.009298
-0.070946
0.047189
0.024259
0.173975
-0.006761
-0.087917
-0.144949
0.138975
0.030736
-0.141563
0.044832
0.069676
0.170243
-0.172587
0.041810
-0.237892
0.086038
0.046651
-0.169564
-0.026223
-0.080356
-0.266580
-0.045161
-0.841744
0.094569
-0.027026
-0.017383
-0.216797
0.015323
0.081125
0.041678
-0.028090
-0.446382
0.140110
0.181658
-0.062813
-0.118007
-0.004476
-0.074400
0.185490
-0.074556
-0.054361
0.255091
-0.054899
0.090854
0.128593
-0.193086
-0.211330
-0.030794
-0.073979
-0.010289
-0.184866
0.257345
0.144900
-0.086615
0.059118
-0.126105
-0.039138
-0.040943
-0.053478
0.008122
0.042448
-0.230679
-0.120635
-0.244021
0.119188
0.109039
0.096205
0.088585
0.187290
-0.055259
0.098707
-0.031648
-0.074011
0.060361
0.136670
0.211687
0.072010
-0.042775
0.125044
-0.143637
0.104841
-0.044053
-0.116454
0.109403
0.115324
0.170224
0.039246
0.070634
0.005213
-0.098662
0.148324
0.059472
0.062378
0.231421
-0.231192
0.167690
0.066533
0.055101
-0.010928
-0.117401
0.069220
0.033325
0.072723
0.069231
-0.376192
0.064782
-0.030901
0.032208
-0.070834
-0.098502
0.060184
-0.083717
0.103160
-0.057474
0.081887
0.007377
-0.185255
-0.008891
-0.044968
0.025738
0.051158
-0.559771
0.046391
0.032517
-0.349150
0.126213
0.010587
-0.070214
0.012642
0.028104
0.041501
0.114378
-0.052401
0.074896
-0.101856
0.017639
-0.066612
0.023566
0.005670
0.058051
0.080444
0.015222
0.008896
0.057595
-0.081961
0.005704
0.011179
-0.024477
0.021384
0.046081
-0.058510
0.078119
0.048966
0.050505
0.038798
-0.116719
-0.007551
0.102525
-0.038449
-0.019508
-0.106312
0.022595
-0.010749
-0.030838
0.021110
-0.085591
0.095270
0.036831
-0.087641
0.028008
-0.034426
-0.010305
0.083201
-0.190242
-0.016992
-0.061688
0.081796
0.074834
0.035120
0.157072
-0.088865
-0.061349
-0.029770
-0.006479
0.100544
0.015670
-0.086036
-0.071703
-0.026599
-0.006763
-0.008150
-0.023931
0.074278
-0.040986
-0.078360
-0.053750
-0.052023
-0.118239
-0.062210
-0.061140
0.033603
0.026712
-0.053171
-0.084474
0.088628
-0.063977
0.009665
-0.042610
-0.052393
0.028343
-0.038864
-0.047544
-0.094429
-0.088295
0.012196
0.031294
-0.014793
-0.046620
-0.029371
0.039651
-0.037029
0.027686
-0.057277
0.264552
-0.084621
0.008203
-0.065054
0.021039
-0.017279
-0.112994
-0.048193
0.074712
0.070513
0.033795
-0.036228
0.088488
-0.027346
-0.121149
0.001129
-0.034682
0.115322
-0.149957
-0.013825
-0.022708
-0.133816
-0.021809
0.047272
-0.091514
0.150712
0.002110
-0.047987
-0.038547
-0.000192
0.024800
0.042646
0.064908
-0.113629
-0.056238
0.004581
-0.004713
-0.047853
0.069750
-0.069711
0.075917
0.083769
0.041948
-0.080693
-0.020382
0.009515
0.014952
0.078416
-0.000511
0.010903
-0.012706
0.009807
0.089048
-0.082747
-0.073696
0.037271
-0.039675
-0.030960
0.029460
0.022789
-0.004205
0.035051
0.131193
0.048389
0.004666
0.018263
-0.058978
0.040054
0.104716
0.136903
-0.035567
0.018627
0.050565
-0.088669
-0.071582
-0.000261
-0.115376
0.067284
-0.110674
0.087526
0.018289
-0.011868
0.043906
-0.041029
0.008575
-0.076246
0.051775
0.007778
-0.050705
0.096789
0.077818
-0.086632
0.056527
-0.000530
-0.026123
-0.078611
-0.114058
0.049825
-0.010080
-0.085961
0.052735
-0.037996
0.068413
0.075873
-0.058915
0.127087
-0.085360
0.116625
-0.036196
-0.126259
0.091159
-0.063680
0.003529
-0.016548
-0.040093
-0.019997
-0.153766
-0.002254
0.057146
0.093127
0.099755
-0.022361
0.060185
-0.149720
-0.014885
0.102858
-0.036534
-0.139603
-0.142338
0.035676
-0.013660
-0.148397
0.066191
-0.013978
0.075388
0.134997
-0.325392
0.009937
-0.114729
0.149526
0.116573
0.121011
-0.095763
0.058740
0.049500
0.107822
0.035936
-0.475632
0.031824
0.082463
-0.059574
0.239141
0.061801
0.077862
0.029340
-0.076201
-0.017929
-0.084219
0.182100
-0.026271
-0.079674
0.101340
0.208690
0.040495
0.207325
-0.227525
-0.107856
0.205696
-0.098475
0.144477
-0.045703
0.142369
0.068229
0.108169
-0.118262
0.043434
0.288923
-0.002910
0.017328
0.194052
-0.018912
-0.480944
-0.175516
-0.026057
0.037801
0.084488
0.160705
0.116009
-0.037328
-0.088100
-0.036904
-0.132096
0.075974
-0.102707
-0.201430
-0.023215
0.019438
-0.292092
-0.308164
0.028757
-0.205907
0.070291
0.222983
0.046758
-0.057397
-0.068851
0.106811
0.078666
-0.122895
0.017969
-0.032558
-0.344827
0.206714
0.069388
0.063132
0.117824
-0.004594
-0.023108
0.161389
0.136935
0.115407
-0.080699
0.050989
-0.045585
0.123647
0.067391
-0.196443
-0.303341
0.044676
0.045496
-0.034577
-0.111517
0.013616
0.075768
0.126126
-0.109354
-0.227559
-0.023381
0.074183
0.057299
0.090962
-0.092939
-0.002460
0.095195
0.069698
0.270959
0.027170
0.029926
0.045799
-0.097549
0.086260
-0.080559
-0.041689
-0.046967
0.186680
-0.182176
0.060565
-0.073725
-0.042711
0.056870
-0.016005
0.036964
-0.058808
0.094340
0.055260
-0.359351
-0.108416
-0.032282
0.029818
0.091224
-0.027907
0.108609
-0.025203
0.057102
-0.099883
0.060134
0.093254
-0.003704
0.006122
-0.091418
-0.059749
0.083198
0.020821
0.022740
-0.039648
-0.174337
0.085639
-0.115276
0.053077
0.131288
0.002070
-0.104807
-0.053416
0.011610
-0.079130
-0.129183
0.117834
-0.005062
-0.070962
0.055518
0.024033
0.137511
-0.177748
0.011793
-0.074475
-0.072147
-0.051938
0.100459
0.072970
-0.037559
-0.017312
-0.066519
0.061208
0.105379
0.116731
0.024475
-0.065114
0.021547
-0.056174
0.081635
0.022998
0.014733
-0.018814
-0.115318
-0.010650
0.017326
0.077001
-0.529862
-0.246205
0.070947
-0.010233
-0.047713
-0.069649
0.086085
0.008317
0.083671
0.011767
0.207413
0.004597
-0.016226
-0.397186
-0.094834
-0.154941
0.039561
-0.022462
0.081581
0.016929
0.044007
0.011697
0.055972
-0.101311
0.077441
-0.004487
-0.186488
0.066720
0.094996
0.035403
0.064926
0.016548
0.028227
0.260604
0.067416
0.041601
0.012261
-0.037326
-0.052989
-0.023802
-0.090198
0.291293
0.075676
-0.076867
0.039195
0.036768
-0.233038
-0.168382
-0.185614
0.034619
0.083661
-0.012418
0.017101
-0.105652
-0.081791
-0.108775
-0.032555
-0.004125
-0.035515
-0.098399
0.003150
0.081042
-0.029895
0.053526
0.088395
-0.044733
-0.026168
0.057317
0.008570
-0.057146
0.034964
-0.069198
0.059919
-0.009518
0.001754
-0.065555
0.018764
0.043929
0.063658
-0.027212
-0.038485
0.094690
0.065011
-0.296800
-0.151703
0.061848
-0.020352
0.065494
-0.055876
0.087195
-0.001976
-0.011212
-0.022189
0.110148
-0.011048
-0.066552
0.010047
0.057393
0.092436
0.027742
-0.026102
0.036610
0.045436
-0.100503
0.096674
-0.058551
-0.031115
-0.098390
0.039895
-0.014023
-0.003777
-0.360980
-0.045549
0.033099
0.142898
0.008575
-0.020603
-0.026415
-0.055952
0.203240
0.106394
0.004767
0.068346
-0.022589
-0.146792
-0.036411
-0.010408
0.051250
0.144798
0.077481
-0.155893
-0.055074
-0.093691
-0.014950
-0.039151
0.143359
0.135018
0.027519
0.007435
-0.085908
-0.029591
0.082150
0.099286
-0.125177
-0.045148
0.054994
-0.009336
-0.071055
-0.201793
0.081391
-0.348806
0.091405
0.084717
0.049900
0.071423
0.010944
0.047183
-0.074521
-0.111803
-0.052113
0.053032
-0.003089
0.117764
-0.014603
-0.090429
0.025812
-0.077641
-0.155489
0.037619
-0.388652
0.005396
-0.069387
0.002178
0.045536
-0.125900
-0.509191
-0.158116
-0.115733
0.101238
0.061838
0.042767
0.010560
0.043775
0.110485
-0.144049
0.027041
0.057013
-0.145867
-0.035142
0.056416
0.202440
0.059144
0.006763
0.014281
-0.230214
0.027848
0.134092
0.136934
0.096786
0.011131
0.152741
0.104014
-0.070649
-0.040254
-0.133230
0.039213
0.136805
-0.076821
0.111724
-0.050463
0.162649
0.069865
-0.203709
-0.002956
-0.031048
0.070372
-0.030748
-0.074895
-0.011586
0.031231
0.038304
0.206118
-0.106865
0.038237
0.064019
-0.127683
0.014547
0.016367
0.002243
-0.059505
0.119643
0.098528
0.020816
0.033801
0.120407
0.150870
-0.056175
-0.324703
-0.042456
0.016312
0.024799
-0.107508
-0.033036
-0.019766
0.122525
0.035917
-0.147079
-0.029028
0.008568
0.034117
-0.047948
0.072382
-0.021430
0.042221
0.038195
0.005505
-0.033598
-0.025746
0.036253
-0.100156
-0.081970
-0.029567
0.052365
-0.064016
0.069067
0.043267
0.033930
-0.082814
0.018869
-0.198458
-0.121136
-0.067175
-0.053628
-0.049558
0.135611
0.091204
-0.065617
0.046886
0.066926
0.102115
-0.033671
0.087442
-0.275328
-0.035274
0.068051
0.092600
-0.075248
-0.083565
0.019921
0.084946
0.013472
0.018206
-0.092826
-0.070709
0.032287
0.063791
-0.061112
0.072847
0.032096
0.008804
0.145107
0.036389
-0.178122
-0.308192
-0.040197
0.014895
-0.046178
-0.036304
-0.059720
0.060839
-0.003776
0.126187
-0.334161
0.051062
0.056325
-0.061955
0.015323
0.010554
0.064807
0.035637
0.059894
0.051970
-0.422713
-0.033547
-0.048331
0.017377
0.082847
-0.147283
-0.052618
-0.258985
-0.047917
-0.028543
0.108422
0.030850
0.172494
0.092030
-0.001916
-0.023183
0.071312
-0.244522
-0.378476
-0.101775
0.021617
0.065301
-0.053914
-0.012530
-0.084040
0.039680
-0.043586
0.186174
-0.101876
-0.049020
-0.125575
-0.026114
0.020005
-0.063281
0.063134
0.069224
-0.027235
-0.084654
0.064737
-0.157391
-0.020785
-0.039388
-0.080403
-0.004897
0.073169
-0.099762
-0.009012
0.053094
-0.041713
0.106371
0.099116
0.009733
-0.062125
0.128176
0.075197
0.062610
-0.078899
0.152847
0.085295
-0.016042
0.017198
-0.151638
-0.119427
-0.053484
0.078322
-0.035458
-0.036409
-0.068089
0.008464
0.088601
0.078380
-0.022103
-0.002243
-0.099393
-0.033565
-0.022751
0.008137
-0.048100
-0.033589
-0.058010
0.094653
0.006351
0.034362
0.062849
0.020498
-0.041777
-0.063607
-0.067844
-0.064407
-0.087355
-0.098944
0.096028
0.094161
0.071443
0.037096
-0.061905
-0.010794
-0.014197
-0.095809
0.036167
-0.082580
-0.013426
0.014942
0.046515
-0.054721
0.045521
0.040716
-0.068319
0.101044
-0.075324
0.013830
0.013539
-0.069273
0.028705
-0.061049
0.014660
0.021430
0.093314
0.094570
0.006891
0.003704
-0.033224
0.029960
-0.103632
0.049421
-0.093083
0.061383
-0.177432
0.118963
0.023679
-0.007312
-0.065107
0.015455
-0.055306
-0.038054
-0.001088
0.020745
0.078977
-0.018868
-0.074764
-0.084740
0.275795
-0.026270
-0.077418
-0.079433
-0.092515
0.021086
0.157090
-0.066927
-0.015774
0.095447
0.099331
-0.006186
-0.107752
-0.170360
-0.094993
-0.458066
0.060261
0.215649
0.096164
-0.087325
0.011123
0.108831
-0.059092
-0.393972
0.016210
-0.118996
0.062051
-0.064173
0.111234
-0.112600
-0.809218
-0.097566
0.037123
-0.398096
0.112498
0.020773
0.155078
0.041031
0.102470
-0.200092
0.084310
-0.059141
-0.013846
-0.354044
0.026510
-0.035819
-0.037114
0.042995
-0.161968
-0.030446
0.090850
-0.025590
-0.017306
-0.024955
0.080414
-0.053467
-0.142742
-0.091488
-0.115625
-0.123608
-0.107540
0.024640
0.029932
-0.068186
-0.148255
-0.025626
-0.001016
0.012752
0.113600
0.108174
0.037272
0.091416
-0.007054
-0.031966
-0.168586
0.188446
-0.095141
-0.085067
-0.013026
0.097167
-0.069708
-0.038415
-0.057251
0.118961
0.072925
0.043240
-0.011768
-0.007830
-0.014169
-0.053202
-0.071045
-0.037141
0.000185
-0.039114
0.070266
0.141727
-0.027348
-0.001458
0.057588
-0.047239
-0.125839
-0.111793
-0.011547
0.113756
0.084184
-0.016871
0.081573
-0.067178
0.071027
0.088251
-0.043230
-0.061688
-0.080302
-0.356860
-0.024049
0.021828
0.009117
-0.026545
-0.075235
-0.022506
0.064834
0.061434
-0.006803
-0.085366
0.053022
-0.039896
-0.002209
-0.018184
0.011915
-0.057151
0.023383
-0.039288
0.013243
0.067342
0.011755
0.034162
0.106593
0.028666
0.036632
-0.095142
-0.055891
0.002100
0.091392
0.059142
0.040675
0.029946
0.002372
0.008279
0.011529
0.165290
-0.120981
0.007526
-0.038242
-0.064442
-0.055601
0.035552
-0.053357
0.089613
0.004197
0.029382
0.009063
-0.110652
0.097143
-0.048461
-0.048527
-0.022006
0.124498
0.077318
-0.052982
-0.002932
-0.171958
0.080943
-0.070689
-0.148530
0.185236
0.076795
0.103605
0.100253
-0.040121
-0.048140
0.000771
-0.047260
0.102560
0.009465
0.006045
0.007746
0.037144
-0.123830
0.019659
-0.008573
0.142038
-0.090356
-0.154772
-0.003007
0.077745
0.186925
0.090774
0.016556
-0.014087
0.099009
0.082198
0.102940
-0.140901
0.093218
0.112746
-0.022281
0.075211
-0.107229
-0.059676
-0.085717
-0.016932
-0.086433
0.123365
0.072413
-0.078469
0.004151
-0.004816
-0.014439
0.029324
-0.011315
-0.022557
-0.110912
-0.087927
-0.110026
-0.137751
-0.043511
-0.003391
-0.029011
-0.045768
-0.173528
0.063861
0.079096
0.017143
-0.353319
0.247683
-0.081574
-0.021333
0.061645
0.007180
0.049174
-0.017689
0.018808
0.017690
0.032560
-0.014644
0.104516
0.097935
0.103742
0.084708
0.158994
-0.157840
0.162985
0.031194
-0.099321
-0.043059
0.082400
0.012144
-0.016525
0.136287
0.002152
0.139691
0.096329
0.158410
-0.141860
0.036847
0.074653
0.121693
0.017177
-0.065209
0.041579
0.077397
0.046079
-0.170930
-0.077407
0.060568
0.023145
-0.026867
0.142552
-0.020766
0.113620
-0.158936
0.152274
0.244482
0.015956
-0.181390
0.080199
0.029898
-0.039708
0.113729
-0.093311
-0.017698
0.051652
-0.041630
0.101425
-0.093856
-0.210205
0.089600
0.006415
0.100242
-0.106210
0.125658
-0.084172
0.031082
-0.133841
0.094592
-0.402418
-0.084117
0.016366
-0.057397
0.105421
0.135243
-0.049041
-0.029693
0.179849
-0.071705
0.037929
0.121471
-0.058826
-0.066139
-0.009294
-0.100382
0.055212
0.022511
-0.047576
0.026645
0.139798
0.035428
0.084712
0.030398
-0.054535
-0.078868
0.015088
0.116050
-0.080430
-0.025775
0.118262
-0.027404
0.035525
-0.025332
0.016284
-0.104335
0.179628
-0.463710
-0.029368
0.089658
-0.040170
-0.012362
0.010173
-0.051642
0.063568
-0.069805
-0.072788
-0.006636
-0.059020
0.072877
-0.039301
-0.078005
-0.035878
-0.038696
0.029560
0.042032
0.026018
0.016100
0.058199
0.112660
-0.331136
0.030901
0.001212
0.193108
-0.064547
-0.086033
0.061370
-0.343779
0.014537
-0.025422
-0.055022
0.023055
0.148119
0.070805
-0.188769
0.238998
-0.381000
-0.009547
0.078045
0.059547
0.214889
0.165079
-0.015249
-0.006421
0.133716
0.177934
-0.086817
0.098823
0.235639
-0.024816
0.098935
-0.003011
-0.112324
-0.024048
-0.318059
-0.202382
0.256535
-0.042944
-0.011894
0.045910
0.248832
-0.076037
0.096157
-0.067992
-0.036798
0.204615
0.018688
-0.229334
0.136253
-0.317968
-0.399725
0.099559
-0.220689
0.003823
0.106374
0.000774
0.017132
0.134519
-0.248732
-0.123685
0.030651
-0.032301
-0.279566
0.074571
0.022097
0.030127
-0.053294
-0.165336
-0.354435
-0.085812
0.107532
-0.013734
0.093830
0.069308
0.096496
0.047021
0.082991
-0.037549
0.235596
0.167169
0.024813
0.193901
-0.037118
-0.114063
0.060833
-0.003352
-0.012369
0.048574
-0.013433
-0.052483
0.194567
0.066334
-0.055379
-0.223454
-0.349615
0.021580
-0.097004
0.020675
0.136909
-0.082297
0.091322
0.066168
0.053874
0.181067
0.179370
-0.250436
-0.064113
0.117831
-0.157155
0.192195
0.054761
-0.151930
0.088163
-0.061054
-0.104971
-0.088476
-0.018213
0.169768
-0.091718
-0.097082
-0.478043
-0.017160
0.026745
-0.020106
-0.139392
0.015158
0.027671
0.040946
0.064106
-0.013223
0.129141
-0.074213
0.069991
0.022239
-0.057970
0.021126
-0.080371
0.032205
0.065914
-0.012718
-0.035278
0.023160
0.025594
-0.073265
-0.068700
-0.030929
-0.112877
0.085279
-0.014898
0.103540
-0.046584
0.090434
0.018332
0.049913
0.056525
0.082178
-0.032128
-0.021841
-0.074731
-0.050331
0.026159
0.028194
-0.128676
0.055340
-0.048546
0.069674
0.011049
0.049271
-0.066661
-0.027928
-0.029982
0.010871
0.004291
0.064932
-0.104807
-0.043381
-0.058600
-0.062490
-0.066774
0.048188
0.000883
0.062028
0.109385
-0.004134
0.009411
0.042635
0.045658
-0.012983
-0.023911
0.106667
-0.076044
0.140116
-0.048462
0.030455
-0.116968
-0.064626
0.131605
0.167750
-0.019897
-0.005304
-0.006072
0.051473
-0.237714
-0.111281
0.014308
-0.029372
-0.008528
-0.041173
-0.150597
0.077027
0.017586
0.036692
-0.007546
0.027424
0.070333
0.022034
0.122997
0.008419
-0.094391
0.139399
-0.009430
-0.150189
0.046558
0.017271
-0.079710
-0.070871
0.070320
-0.092140
0.047963
0.108983
-0.084798
-0.158871
-0.033257
0.051840
-0.017850
-0.099207
-0.012975
-0.154598
0.009546
0.045430
0.065850
0.091735
0.179082
0.007341
0.016290
0.022324
0.071428
0.052158
0.111189
0.082349
0.085910
0.099821
-0.189963
0.131370
-0.002941
-0.055761
0.008051
0.020901
0.167761
-0.075404
-0.049157
-0.015416
-0.065999
0.046060
-0.013742
-0.086004
0.091790
0.036296
-0.006011
0.028057
-0.102917
0.001468
-0.109450
-0.011471
-0.016646
0.114881
0.049863
0.036619
0.012571
-0.068994
-0.043113
0.042769
0.080966
-0.032255
-0.007264
-0.024206
0.068042
0.049087
0.001850
0.094645
0.068845
-0.010411
0.011208
-0.055193
0.011806
-0.012479
-0.016891
0.047559
-0.071944
0.016467
0.042195
0.096162
-0.084648
0.040143
-0.082029
0.010928
0.018907
-0.001430
0.024717
-0.055805
-0.052221
0.002392
-0.113444
-0.133279
-0.034237
0.015503
-0.034225
0.071679
0.094045
-0.117975
0.091351
0.078336
0.000626
0.034571
0.070036
-0.037398
-0.028610
-0.090230
0.126057
-0.033631
-0.024289
0.011076
-0.007082
0.078745
-0.016965
0.017516
-0.199736
-0.098588
0.096523
-0.144301
0.118977
0.049246
-0.015161
0.087211
-0.095331
0.005566
0.007801
0.107654
0.049095
0.058306
0.018799
-0.012145
-0.094111
-0.018017
-0.029748
0.054598
-0.011878
-0.049775
0.070778
0.045310
-0.039001
-0.013259
0.027435
0.031682
0.024573
-0.068730
0.018895
0.074259
-0.112639
-0.848524
-0.004515
0.049676
0.077805
-0.080086
-0.016402
0.031725
-0.014801
0.068766
-0.512233
-0.049969
0.060163
0.091447
-0.146092
0.122757
0.011553
-0.004245
0.002171
-0.104255
0.149379
-0.021456
-0.052824
-0.007134
-0.067981
0.041942
-0.121296
-0.231269
-0.049742
-0.075492
-0.017016
0.015537
-0.072702
0.022329
-0.013759
-0.037679
0.014659
-0.042062
0.085450
-0.060092
-0.066579
0.113003
-0.007738
-0.077722
0.009157
0.112847
0.054016
-0.031514
-0.031515
0.000319
0.041761
-0.037892
-0.003827
0.069690
-0.017057
-0.081470
0.045326
-0.037608
0.001635
-0.106328
0.079285
-0.094158
-0.041798
-0.050186
-0.017974
-0.021393
0.070885
0.090151
-0.074258
0.023936
-0.050992
-0.015317
-0.033749
-0.037476
-0.043668
0.165230
-0.085283
-0.020546
0.024995
-0.066987
-0.002045
-0.007336
0.052138
0.077568
0.067594
0.020815
0.045477
-0.083791
-0.013340
-0.042748
0.035068
0.089933
-0.091496
-0.125691
-0.096903
0.041828
0.072410
0.058282
-0.091698
-0.084686
-0.043135
0.005305
-0.032063
-0.042902
0.045715
-0.143497
0.073967
0.003138
0.051931
0.012924
-0.074613
-0.068144
0.034335
0.196791
-0.199641
0.056293
-0.008344
-0.010472
-0.084638
0.061906
-0.084744
0.042082
-0.210575
-0.031551
-0.015427
-0.087695
0.073572
-0.169765
0.028434
0.054350
0.061055
-0.046141
-0.244434
-0.038597
0.047548
0.014506
-0.205590
0.027019
-0.005318
0.044320
0.029251
0.001798
-0.076690
0.027364
-0.034401
-0.070949
-0.041475
0.021325
0.055911
-0.096617
-0.036610
-0.006364
-0.017625
-0.003453
-0.056384
0.041457
0.122732
-0.012133
0.053125
-0.089860
0.096392
-0.044728
-0.080730
-0.027925
0.031020
0.032992
0.012142
-0.020009
-0.170132
-0.014080
0.065815
-0.069117
-0.055732
0.030545
-0.031845
-0.100028
0.048804
0.060471
-0.059292
-0.082671
0.029008
-0.061811
0.057693
-0.164150
-0.070899
-0.036416
0.008394
-0.036037
-0.026957
-0.036377
-0.026740
0.052515
0.057248
0.079355
-0.139052
-0.182312
-0.018401
-0.040621
0.047303
-0.042300
-0.000232
-0.014100
0.066928
-0.092128
-0.143464
0.052611
0.120478
-0.014738
0.069429
0.200825
0.102880
-0.043104
-0.015636
0.008033
0.008542
-0.064025
0.016118
0.047887
-0.049080
0.020834
-0.039292
0.131232
0.002151
0.062363
-0.042861
0.013363
0.113437
0.036368
0.048136
-0.043246
0.037343
-0.039251
-0.055086
0.009301
-0.022750
0.071127
-0.006402
0.052102
0.052205
0.039906
-0.071377
0.024418
-0.001353
0.025284
-0.028910
-0.054319
-0.028534
-0.071649
0.082404
0.000651
-0.011709
0.023586
0.052231
0.030870
0.067907
0.034849
-0.039078
-0.212896
0.062051
0.061335
0.165724
0.037849
-0.026693
-0.040925
0.079606
-0.027621
0.070831
0.010983
0.117723
-0.070507
0.082684
-0.150653
-0.050584
-0.024889
-0.003788
-0.024676
0.260872
0.000762
0.020619
0.117105
-0.064277
0.056669
-0.024057
0.188443
0.024887
0.133847
-0.106827
0.040659
-0.031205
-0.307472
-0.008661
-0.139513
0.163359
0.131920
0.026503
-0.049435
0.073797
-0.034058
-0.291453
0.028800
0.058445
0.088449
-0.041797
0.009106
0.067421
0.060375
-0.321077
-0.185283
0.005658
0.093433
-0.011967
0.049985
0.034190
0.095317
-0.277545
0.016731
-0.195104
0.259405
-0.087259
-0.074042
0.058736
-0.095143
0.001747
-0.123306
-0.329259
0.078550
0.021754
0.072416
-0.228124
-0.071003
-0.026344
0.087527
0.000520
-0.342915
0.019756
0.084339
0.004131
-0.009098
-0.011764
-0.081088
0.116122
0.010200
-0.074531
0.103753
0.103789
-0.050387
0.138976
-0.401587
0.084960
-0.052982
-0.202844
-0.246158
-0.146741
0.116605
0.229145
0.118230
0.033514
0.052147
-0.217553
0.110732
0.027657
0.189714
0.025513
-0.091365
-0.093451
-0.160311
0.096470
0.019172
0.045953
-0.025583
0.092547
-0.155603
-0.004025
0.075536
-0.085435
-0.028356
0.085570
0.269079
0.093997
-0.027095
0.120937
0.150272
0.033254
-0.086600
-0.167130
0.114696
0.199363
0.055125
0.091884
0.072783
0.056470
-0.036311
0.126066
0.078645
0.035388
-0.006034
-0.164377
0.087366
0.115029
-0.056602
0.006106
-0.028747
0.096329
0.048780
0.043435
0.067815
-0.432129
0.032440
-0.046907
-0.070373
-0.035312
0.046593
0.020420
-0.093317
0.065205
0.044989
0.006843
0.092658
-0.306001
0.002250
0.073815
0.079680
0.078478
-0.409942
0.047795
-0.035854
-0.180287
0.024518
-0.075159
-0.005625
0.007525
0.051990
-0.078628
0.129926
0.082465
-0.065549
-0.075910
0.005129
-0.130338
-0.007416
0.070670
0.034694
-0.067248
-0.109980
0.138174
0.035497
-0.006510
-0.092657
0.066250
0.078634
0.000177
0.105000
0.009896
0.151667
-0.044901
-0.023169
0.033733
-0.151891
-0.020339
-0.103868
0.022297
0.001047
-0.099052
-0.017729
0.100939
0.054585
-0.030417
-0.024979
0.054905
-0.068512
0.005561
0.005895
-0.060916
-0.042209
-0.017240
-0.210643
0.005360
-0.041263
-0.065897
0.055144
-0.054588
0.200490
0.027912
0.069099
0.065516
-0.028175
-0.067676
0.014205
-0.109920
0.020887
-0.128977
-0.066001
-0.062650
0.022924
0.035189
0.001419
0.054620
-0.034159
0.071558
-0.172609
0.082530
0.074938
-0.081122
-0.029143
0.009579
-0.020730
0.046979
0.013116
0.044139
0.029903
0.029792
0.051370
-0.007351
0.083074
-0.161357
-0.027236
-0.111063
-0.024149
0.009476
0.029485
0.040407
-0.052973
0.006930
-0.128974
0.079692
0.191543
-0.035699
-0.005872
0.074386
0.032167
0.034266
-0.088444
-0.017977
0.000865
0.007292
-0.032303
-0.036727
-0.056834
-0.035992
-0.113632
0.012372
-0.044663
0.013627
-0.028961
0.012878
0.014275
0.009779
0.080588
-0.009308
0.087309
0.064653
-0.085722
-0.020996
-0.045414
0.054166
0.017257
-0.028874
-0.020757
-0.006732
-0.011370
0.027487
0.050203
-0.020362
-0.086795
-0.097259
0.088737
0.045770
-0.033780
-0.088158
0.002895
0.025608
0.007326
0.047355
0.067966
0.039244
0.048707
0.008395
0.023604
0.028039
-0.004478
-0.073774
0.030320
-0.105911
-0.087788
0.101582
-0.068868
0.058490
0.043783
-0.310475
0.073083
-0.079312
0.008819
-0.013271
0.019923
0.118012
-0.008945
0.057755
0.082882
-0.066545
-0.068149
0.051827
-0.066469
-0.042258
-0.078457
0.139674
0.056987
-0.079861
0.034713
-0.019259
-0.018375
0.047918
0.106471
0.025719
0.149520
0.069259
0.027465
-0.051633
0.057042
0.002287
0.105562
-0.063182
-0.041298
0.056280
0.023244
-0.002819
-0.027534
0.040728
0.038751
-0.022529
-0.102408
0.025104
-0.108302
0.091480
-0.084656
-0.102267
-0.012554
-0.052348
0.016049
0.053025
0.026450
0.000550
-0.048453
-0.009995
-0.037556
0.072448
0.097022
0.019456
-0.088432
-0.115292
-0.027639
-0.037469
0.071093
-0.193633
-0.227643
0.047408
-0.123488
-0.261779
0.181170
-0.108638
0.016947
0.344197
-0.258864
-0.023245
-0.104574
0.182252
0.129958
0.125264
-0.068034
0.152631
0.003287
0.196065
0.148868
-0.392312
-0.017774
0.348187
0.094064
0.258576
0.162964
0.137352
0.135937
0.086947
0.201207
-0.068345
0.077642
-0.167596
-0.006521
0.291017
0.143412
0.153991
0.232202
-0.036523
-0.166215
-0.038763
-0.047129
0.148830
-0.086727
0.003177
0.068004
0.148999
-0.067715
-0.120369
0.315101
0.021807
-0.112281
0.116191
0.028725
-0.443058
-0.262303
0.043919
-0.110666
0.147719
0.095144
-0.024710
-0.024480
-0.143667
0.075503
-0.068319
0.059663
-0.366000
-0.145603
0.054685
0.082372
-0.236205
-0.122479
0.004813
-0.147479
-0.005426
0.012522
0.156362
0.044125
-0.204318
-0.066159
0.011947
-0.162508
0.053974
-0.030992
-0.225970
0.146349
0.001790
-0.064634
0.058562
0.149456
0.078649
0.092941
0.148689
-0.002734
0.042936
0.121502
0.005906
0.083808
0.109938
-0.027863
0.056863
-0.038583
0.021481
-0.146706
-0.082825
0.146714
0.054164
0.079888
-0.011461
-0.266257
0.078156
0.154510
0.082832
0.124322
0.087212
-0.000744
0.097701
0.121901
0.167486
0.031854
-0.049544
0.026529
-0.000523
0.008686
-0.144799
0.130191
-0.084170
0.090563
-0.262403
0.048966
-0.101374
0.003790
-0.059247
-0.044929
-0.070015
0.056499
-0.058475
-0.020504
-0.467496
-0.061931
0.036585
0.041982
-0.073875
-0.068476
0.125144
0.025623
-0.030825
-0.098426
-0.026265
0.119928
-0.083440
0.082621
0.067910
0.114912
0.096237
-0.026164
-0.043207
0.008087
-0.202549
0.131946
0.023599
-0.030111
0.068675
0.071923
-0.047173
-0.047610
-0.053749
0.005033
-0.019628
0.083101
-0.125888
-0.155963
0.001628
0.088699
0.084174
-0.127433
-0.011138
0.017411
-0.057280
-0.090214
-0.001016
0.056659
-0.014929
0.075409
0.004013
0.104612
0.053670
0.025948
0.088372
0.029366
0.034686
-0.462022
0.077163
-0.077339
0.082891
-0.045635
0.048935
-0.054072
0.031301
0.047096
-0.217652
-0.073068
0.071355
0.005296
0.011699
-0.017534
0.107295
0.053224
0.166919
-0.016992
0.011278
0.031030
0.028816
-0.274553
-0.063407
-0.144507
-0.054380
-0.025491
-0.021069
0.030544
0.064994
-0.068100
-0.071262
-0.049962
0.085503
-0.111591
-0.001469
0.064008
0.115976
0.106176
-0.093501
-0.152622
-0.006872
0.252655
-0.042370
-0.226683
0.094099
0.022233
-0.087223
-0.025355
-0.060392
0.246657
0.018524
-0.079736
-0.037518
-0.064911
-0.413987
-0.144864
-0.108514
0.013774
0.028199
-0.091061
0.005294
0.027419
-0.109048
-0.069920
0.084895
-0.120366
-0.058185
-0.068995
-0.014809
-0.000418
0.082997
-0.041526
0.127880
-0.130205
-0.243333
0.073654
-0.129051
-0.081632
0.009463
0.001216
0.151446
-0.142519
0.132610
0.063810
0.083255
0.095934
-0.009696
0.080410
-0.009864
0.122216
0.022912
-0.232117
-0.120280
-0.020332
0.042837
0.132603
0.047860
0.008563
-0.114457
-0.006172
-0.058650
0.149977
-0.054169
-0.079754
0.002364
0.007432
0.029101
0.078998
0.048998
0.056308
0.044501
-0.180495
-0.010059
0.035151
-0.114502
-0.096917
0.009963
-0.000597
-0.105009
-0.286831
-0.117526
0.159426
0.144542
-0.038318
0.044228
-0.105684
0.085247
-0.085269
0.094618
-0.054213
-0.088936
0.008779
-0.022598
0.058798
0.075088
-0.077480
0.131265
-0.046073
-0.185830
-0.035195
-0.076903
-0.088735
0.032440
0.174571
0.068085
0.008363
0.027157
-0.039641
0.073925
-0.029107
-0.001628
-0.125052
0.058228
0.118853
-0.058147
-0.250999
0.007850
0.020663
-0.319081
0.045000
0.101986
0.002574
0.121845
0.002223
-0.027599
0.010459
-0.166721
0.073252
-0.075828
0.056253
-0.047367
-0.035733
-0.006982
-0.019857
-0.044043
-0.076188
0.122315
-0.278434
-0.058491
-0.092390
-0.023942
0.068652
-0.006886
-0.823606
-0.064478
-0.044417
-0.039122
0.068477
0.000108
-0.149907
-0.065369
0.001054
0.008366
0.083164
0.018155
0.016447
-0.079975
0.028715
0.094461
0.117362
0.064850
-0.035903
-0.248731
0.075554
0.006933
0.174096
0.088130
0.050950
0.184062
0.041397
0.050522
-0.100716
-0.043027
0.160747
0.052294
0.167419
0.216015
0.126839
0.173304
0.117387
-0.010396
0.064646
0.133484
0.071837
-0.005763
-0.084067
0.056253
-0.049479
-0.074775
0.081665
0.042096
0.024272
0.141437
-0.275113
0.021022
0.038802
0.026651
0.091199
0.075828
0.066013
0.016230
-0.009423
0.301742
0.060856
-0.093538
-0.236218
-0.055329
-0.038055
-0.167453
-0.005341
-0.159863
-0.027102
0.083757
0.153253
-0.108846
0.025922
0.110101
-0.062844
0.005872
0.072416
0.030574
0.052581
-0.058678
0.021014
0.104666
0.021815
-0.054532
-0.012633
-0.009621
-0.016594
0.000833
-0.020430
0.107755
-0.062679
0.112790
-0.040036
0.088371
-0.097791
-0.002529
-0.061790
-0.016015
-0.020386
0.051421
-0.024162
-0.002396
0.049897
0.035527
-0.011961
0.059007
0.036509
-0.154796
-0.031831
-0.057844
-0.079476
0.044007
-0.109601
-0.055014
-0.102431
-0.015033
0.047355
-0.083921
0.041015
0.057053
-0.019933
-0.043063
0.039225
-0.101913
0.029163
0.100739
0.000151
-0.289649
-0.225605
-0.092233
-0.020921
0.052751
-0.040040
-0.031869
0.087931
0.011412
0.062278
-0.468741
0.067310
0.016784
0.032407
-0.012750
-0.037379
0.017443
0.043859
0.069648
0.035815
-0.266400
0.063817
0.062714
-0.025251
-0.072307
0.025133
-0.012864
-0.319251
-0.048326
0.016344
-0.020292
0.014036
-0.054296
0.089198
0.047378
-0.019445
0.038713
-0.466384
-0.416464
-0.077372
0.126479
-0.080796
0.007320
-0.047118
-0.087640
-0.105629
0.019841
0.193498
-0.140999
0.041934
-0.118056
0.020135
0.009629
0.040323
0.039780
-0.008708
0.011971
0.053373
0.069951
-0.211356
-0.033894
-0.060215
-0.105101
-0.098447
-0.010475
-0.098579
0.056324
0.028547
0.006172
0.065609
0.012348
-0.139130
0.071685
0.075567
-0.055445
0.090624
0.023257
0.143510
0.051954
0.057002
-0.006738
-0.063940
-0.049012
0.019499
-0.030298
-0.052303
0.032237
0.067767
-0.128969
0.107837
0.083955
-0.023211
-0.084573
-0.081160
-0.042066
0.088701
-0.044185
-0.000385
0.067002
0.134226
0.037625
0.006909
0.025766
-0.014072
0.061226
0.071817
0.039777
-0.084787
-0.031168
-0.022677
-0.063963
0.035706
0.003889
-0.053612
0.083448
-0.079111
0.014190
-0.163639
0.121923
0.068783
-0.062443
-0.074484
0.049490
-0.040075
-0.057957
0.040223
-0.012672
-0.067181
0.097898
0.083894
-0.032876
-0.022672
-0.074074
0.075056
-0.049280
0.089705
-0.032174
0.045055
0.051254
-0.035884
0.069867
-0.047304
-0.128862
-0.021882
0.063771
-0.092979
-0.096031
-0.143096
0.160266
-0.002499
0.043455
0.078960
-0.054933
0.097723
-0.022718
0.014092
0.045281
-0.060278
-0.011933
-0.077603
0.022269
-0.301773
-0.059034
0.048712
0.035370
-0.043901
-0.059360
0.129360
0.064111
-0.006084
-0.047323
0.084218
0.073823
-0.140338
-0.137019
-0.013649
-0.324813
-0.000317
0.081616
0.093618
-0.136434
0.106439
-0.017395
-0.083428
-0.482034
0.024458
-0.153598
0.065834
-0.020414
-0.003680
-0.123581
-0.851064
-0.210070
0.107951
-0.420503
0.114820
-0.000712
0.170704
0.028064
0.138463
-0.428889
0.127770
-0.054195
-0.059927
-0.411380
0.038755
0.105278
0.050673
0.073339
-0.200243
0.131603
0.126319
-0.048928
-0.151382
0.034983
0.065959
-0.110301
-0.208385
0.002998
-0.129357
-0.095923
-0.000778
-0.138054
0.049119
0.015301
0.042345
0.001632
0.131153
-0.019358
-0.027663
-0.020405
0.037168
0.041242
0.036061
0.037747
-0.175639
0.071344
0.007248
-0.016028
-0.026150
0.039742
0.061295
-0.003667
-0.126023
0.031269
0.078157
0.050564
-0.048479
0.069991
-0.004400
0.009501
-0.017525
0.001073
-0.110153
0.001808
0.000696
0.159181
-0.003352
-0.016123
-0.029118
-0.047261
0.015861
-0.117828
0.121608
0.097861
0.164681
0.048879
-0.014285
0.048392
0.094342
0.113285
0.055965
-0.095429
-0.167987
-0.137527
-0.077397
-0.075285
-0.095483
0.000870
-0.105120
0.007494
0.050830
0.093567
0.011574
-0.017919
-0.063488
0.014056
-0.191979
-0.079804
0.044073
-0.043079
0.095305
-0.040062
0.063862
0.029427
-0.054316
-0.130588
0.074915
0.076905
-0.027674
0.007967
-0.005381
-0.073384
0.136673
-0.010607
0.068605
0.078522
-0.018972
-0.052429
-0.200241
0.178840
-0.213038
0.050239
-0.006816
-0.108344
0.020888
0.085055
-0.069053
0.047188
-0.066846
-0.074196
0.099363
-0.037935
0.046796
-0.098505
0.070457
-0.091889
0.115799
-0.029117
-0.037315
0.101377
-0.171844
0.100547
0.050711
-0.236325
0.132670
0.076286
0.006123
0.092760
-0.085083
-0.096335
-0.013291
0.026655
0.077306
0.089715
0.076822
0.089716
0.113183
0.036327
-0.092893
-0.042153
0.023928
-0.069490
-0.086695
0.100348
0.082146
0.078367
-0.045452
0.204891
0.039628
-0.005903
0.073864
-0.059373
-0.087641
0.104995
0.036340
0.073675
0.047758
-0.045037
-0.122394
-0.071452
-0.127085
-0.033042
-0.074856
-0.028619
-0.019546
0.059114
0.110068
0.026040
-0.105286
0.063388
-0.034767
-0.105529
-0.089437
-0.123131
-0.141183
0.075472
-0.105059
0.084751
-0.055575
-0.193086
-0.029113
0.151896
-0.010549
-0.169459
0.132861
-0.005249
-0.021644
0.082489
0.136479
-0.062941
0.051378
-0.110920
-0.001218
0.044261
0.047728
0.035850
0.025950
0.108417
0.067332
0.140247
-0.080648
0.164840
-0.062941
0.028439
-0.048673
-0.069611
0.024695
0.072821
0.178328
0.073025
0.103803
0.094194
0.051281
-0.100557
0.153461
0.127171
0.085707
-0.029533
0.116990
0.125051
-0.102492
-0.030172
-0.264297
-0.011415
0.092419
0.021497
-0.118773
0.082403
0.073497
0.243316
-0.126811
0.118293
0.162419
0.164023
-0.178891
0.110291
-0.017246
-0.052929
0.166803
-0.021369
0.001134
-0.018402
-0.127165
0.099899
-0.118272
-0.011235
-0.082068
-0.101133
0.081527
-0.117772
0.043575
-0.051423
0.113379
-0.154313
0.087581
-0.242704
-0.078005
0.040134
-0.034608
0.040030
0.137408
-0.060854
0.032595
0.174039
-0.009686
-0.109491
0.099252
-0.083220
-0.060868
-0.048531
-0.050324
-0.103962
0.097571
-0.055622
0.126643
0.014916
-0.059877
-0.018264
-0.022392
-0.058977
-0.031859
0.010361
0.159735
-0.051646
0.102873
-0.011228
-0.087464
0.016332
0.037077
-0.086122
-0.213727
0.199174
-0.425927
0.027755
0.026923
-0.027178
-0.005880
0.003435
-0.001749
0.097937
-0.106922
-0.208919
0.056058
-0.115925
0.036035
-0.012014
-0.012386
-0.074626
0.085892
-0.049605
-0.149939
0.054255
0.054861
0.040239
0.084509
-0.188867
-0.007047
-0.063386
0.055987
-0.125647
-0.073915
0.073371
-0.320803
0.020476
0.168930
-0.053525
-0.023158
0.192999
0.085884
-0.173773
0.151006
-0.172864
-0.247249
0.087952
0.096510
0.154729
0.213116
0.131322
0.140181
0.018483
0.132534
-0.139892
0.089301
0.249259
0.027765
0.106764
0.065070
-0.133571
-0.103559
-0.336517
-0.102683
0.042302
-0.065089
0.074850
0.115141
0.367620
-0.034631
0.162007
-0.090768
-0.012199
0.052566
0.035807
-0.034011
0.132928
-0.353409
-0.431992
0.032458
-0.234329
-0.071766
0.069429
0.052912
-0.099708
0.123742
-0.170757
-0.052320
0.172320
-0.144766
-0.182986
0.162877
0.066135
0.073228
-0.151593
-0.000430
-0.095149
-0.041691
-0.065378
-0.184087
0.086287
0.009876
0.135521
0.119712
0.023795
0.070157
0.022440
0.263130
-0.285892
0.069562
-0.007021
0.042211
-0.033407
0.110985
-0.005447
0.155093
0.051424
0.009662
0.130343
0.048204
0.027957
0.033311
-0.108359
0.087937
-0.018644
0.033017
0.050008
-0.033196
0.090024
0.152504
0.068384
-0.078330
0.254143
-0.260084
-0.076846
0.007071
-0.203165
-0.031799
0.094657
-0.144080
0.155068
-0.143018
-0.216919
-0.003639
-0.040321
0.089234
-0.025983
0.077296
-0.568023
-0.032798
0.020713
-0.079003
-0.056360
0.079330
0.037381
0.078889
0.026091
0.009050
0.118936
-0.000846
0.096347
0.015326
-0.067736
-0.001190
0.033803
0.114831
0.054581
0.043836
0.028804
0.090911
-0.008337
-0.086825
-0.030944
0.073509
-0.108623
0.036762
0.044011
-0.023734
-0.074675
0.013068
-0.035769
0.000090
0.072493
0.006593
0.028442
0.027139
0.022140
-0.015207
0.066283
0.020439
0.087214
-0.013664
-0.045460
-0.083033
-0.103559
-0.026993
0.011173
0.029829
0.061649
-0.040033
0.082692
0.055200
-0.047412
-0.258789
0.041121
-0.061791
-0.008250
0.060391
-0.016608
-0.063244
0.023345
0.082576
-0.003919
-0.071547
0.065277
0.011282
-0.021245
0.140308
0.038215
0.077261
0.063557
-0.043346
0.022324
0.025397
0.148024
0.026365
0.030722
0.068101
0.006079
-0.033593
-0.091670
-0.017090
0.123415
-0.092958
-0.204465
-0.150095
-0.125296
-0.073792
0.023185
0.086044
0.022354
0.120471
-0.014580
-0.003452
0.046327
0.067740
-0.107493
0.163511
0.028113
-0.242273
0.010676
0.051292
0.043862
-0.069020
0.060196
-0.160070
0.008426
-0.017944
-0.063786
-0.108509
0.103885
0.104213
-0.001000
-0.027263
0.034064
-0.163778
-0.009033
0.002583
-0.066726
0.068487
0.171301
0.127789
-0.016116
-0.008291
0.062816
0.002006
0.108214
0.003186
-0.022899
-0.049247
0.096708
0.139044
-0.056482
-0.027488
-0.051182
-0.035919
0.070424
0.066008
0.047064
-0.020574
-0.021300
0.098511
0.000137
0.064813
-0.027691
0.017362
0.045387
0.141698
0.020649
-0.106976
-0.015331
0.007268
-0.014093
-0.023084
0.162118
0.097899
-0.068699
0.055216
0.008078
-0.095779
0.023685
-0.034276
0.018150
-0.033974
-0.091230
-0.014922
0.011755
-0.036888
0.115277
0.008297
-0.089480
0.049148
-0.023694
-0.042102
-0.060644
0.056040
-0.096203
-0.035986
0.081047
0.098361
-0.109223
-0.030337
-0.025677
-0.015463
0.093672
-0.136264
-0.035139
-0.012719
0.033785
0.006264
-0.086575
-0.070399
-0.048321
-0.075458
0.068642
0.051278
0.193337
0.061992
-0.059081
0.062733
0.055624
0.044942
0.013682
0.026750
-0.083717
0.093558
0.001521
0.066689
-0.077344
-0.031934
-0.067950
0.102330
-0.002519
0.061312
-0.092136
0.008416
0.067826
-0.126848
0.037896
-0.015816
0.111245
-0.011649
0.003450
-0.017203
0.064732
0.059414
-0.044162
-0.085107
-0.051879
0.117925
-0.020748
0.040216
0.170462
-0.022065
-0.077422
-0.015859
0.049231
0.012142
-0.033884
-0.081853
0.014450
0.021343
0.008764
0.015634
0.128196
-0.072692
-0.020012
-1.245082
0.005625
-0.030960
-0.201937
-0.086150
0.016798
-0.028610
0.065945
0.013542
-0.257172
0.033092
0.071991
0.028183
-0.052636
0.070100
0.043530
0.059938
-0.085798
-0.062230
0.119141
-0.010906
-0.068463
0.076820
0.017527
0.020039
-0.196976
-0.334461
0.073275
0.000777
-0.066214
-0.128969
0.047075
-0.113784
0.071381
0.014013
-0.062338
0.036939
-0.043252
-0.001619
-0.056330
0.009465
-0.006910
-0.035610
0.007016
0.010397
-0.004829
0.040211
0.024314
-0.120856
0.081441
-0.090476
-0.056761
0.078926
-0.146404
-0.230878
0.067932
-0.017766
0.007414
-0.107505
-0.063461
0.103099
0.025143
-0.064957
0.055794
-0.050373
0.081977
0.119434
-0.098658
0.050790
-0.072686
-0.057334
0.059570
0.058329
-0.045007
-0.001533
0.055732
-0.006919
0.117281
0.004966
-0.118243
0.046365
0.145582
-0.001870
0.067493
0.072044
-0.040417
-0.026892
-0.030746
-0.003105
-0.027498
0.061140
-0.103130
-0.033473
0.032183
-0.016876
0.089358
-0.025833
-0.077936
-0.015961
-0.031375
0.110999
0.057054
-0.046341
-0.012534
-0.127678
0.072896
-0.002252
0.011110
-0.029858
0.005556
-0.092638
0.017714
0.164160
-0.144731
-0.072964
-0.003729
-0.018033
-0.120991
0.082043
-0.026365
-0.034547
-0.341498
0.112816
-0.012532
-0.065296
0.019136
-0.214782
-0.055211
0.042330
-0.042993
-0.113884
-0.264292
0.070145
-0.028262
-0.008930
-0.079894
-0.062805
0.128623
-0.016289
0.030003
0.026569
-0.037009
-0.052770
0.160479
0.009868
0.005831
-0.023952
-0.011805
-0.066458
-0.111721
0.054455
-0.002616
-0.030514
0.003824
0.135961
0.075971
-0.041223
0.033866
-0.099641
0.006860
-0.254471
-0.020395
-0.015561
-0.082016
-0.021718
-0.008781
0.033359
-0.141357
-0.094665
-0.118628
0.011326
0.079654
-0.007770
-0.053436
0.039338
-0.027382
-0.009596
-0.084243
-0.050758
0.023042
-0.120839
-0.125436
-0.105236
-0.012933
-0.018157
0.026533
-0.052235
-0.015475
0.093614
-0.098008
0.061691
-0.056182
-0.016189
-0.271034
-0.195077
-0.142245
-0.051456
-0.094056
-0.032521
-0.018975
-0.080954
0.041929
-0.134191
-0.134239
-0.044202
0.045658
0.029268
-0.053258
0.103202
0.114849
0.002958
-0.063596
-0.025485
-0.049341
0.071780
-0.051459
0.031645
-0.062761
0.036411
-0.023631
0.161712
0.000609
-0.016633
-0.045285
0.053619
0.089747
-0.028717
0.143858
0.122472
0.018931
0.073733
-0.059948
-0.106391
0.031517
-0.009283
-0.084571
-0.063264
0.047008
0.016186
-0.187452
0.128962
0.101583
0.089817
-0.061183
0.024825
0.093509
0.041466
0.032942
-0.043354
-0.124356
0.135206
-0.038615
0.025289
0.079930
0.011114
-0.080312
-0.160455
0.026910
-0.031907
0.059986
0.066161
0.109694
-0.035879
0.034671
-0.040343
0.003816
-0.075901
0.095493
-0.030822
0.024321
-0.151348
0.012362
-0.036972
-0.011192
0.021200
0.100198
0.044424
0.110090
0.041102
0.125439
0.073981
0.020575
0.223882
0.052882
0.130716
-0.044144
-0.112427
-0.087987
-0.276991
0.098958
-0.045912
0.115523
0.143497
0.073640
0.023390
0.008251
0.068976
-0.056847
-0.056213
0.021348
0.017262
0.105244
0.067455
0.134597
0.092262
-0.152416
-0.162150
0.078841
0.136856
-0.016079
-0.094978
-0.023232
0.016299
-0.188369
0.068009
-0.211004
0.091688
-0.104439
-0.028194
0.054266
-0.041700
-0.162316
-0.260915
-0.339284
-0.040094
0.036207
-0.050909
-0.260919
-0.029321
-0.008312
-0.021797
-0.093517
-0.297896
0.147931
0.110548
0.005334
-0.030639
-0.006066
-0.014496
0.044247
-0.063784
0.073176
-0.106880
-0.037040
0.109147
0.087838
-0.137008
0.076500
-0.032720
-0.046363
-0.319000
-0.105302
-0.125720
0.206806
-0.003857
0.012982
0.242001
-0.144022
-0.071136
0.099282
0.268485
-0.105670
-0.079122
0.014370
-0.201478
-0.051011
0.149517
0.082600
-0.055810
0.069299
-0.197325
-0.044396
0.014476
0.057102
0.094348
0.232110
0.139716
0.054538
0.072227
0.101934
0.131516
0.150220
-0.048289
-0.072498
0.073472
0.151948
0.093895
0.107336
-0.012959
0.035680
-0.131078
0.049758
0.195233
-0.078537
-0.111940
0.053650
0.121804
0.024202
0.045113
0.050517
-0.086428
0.142702
0.077752
-0.032159
-0.009248
-0.500915
0.066438
0.029843
-0.085811
-0.065918
0.050355
0.082707
-0.130422
0.014974
-0.014892
0.085698
0.002232
-0.044397
0.082313
0.024235
0.006516
-0.015482
-0.328480
-0.096536
-0.059225
-0.293732
-0.003931
0.037043
0.085655
0.020318
-0.066773
0.060928
0.149627
0.016700
-0.014148
-0.059658
0.128300
-0.022878
0.026548
0.076827
0.035086
-0.062757
-0.114701
0.084679
0.236422
0.041630
0.023479
0.091153
-0.018860
0.004016
0.003491
-0.065293
0.108401
0.016543
0.037211
0.071310
-0.177122
0.042489
-0.272621
-0.034743
-0.112193
-0.109902
-0.047171
0.114027
-0.045197
0.003865
-0.067465
-0.081978
0.015417
-0.014574
-0.071575
-0.010341
-0.073033
0.084280
-0.107857
-0.006326
-0.107144
-0.032911
-0.067680
0.034268
0.002616
-0.003472
0.125772
0.093440
0.091217
-0.109102
-0.045495
-0.118213
0.089036
-0.177529
-0.016106
0.095961
-0.074133
0.027957
-0.052602
0.073247
-0.103975
0.029639
-0.112782
0.012206
0.035583
-0.178451
-0.140690
0.141523
-0.072709
0.044882
0.028458
-0.053994
0.135679
-0.048759
0.054460
-0.075606
0.000865
-0.164915
-0.031454
-0.103739
-0.060206
0.007855
-0.017911
0.008072
0.073207
-0.001252
-0.143578
-0.024735
0.129788
-0.069965
0.050690
-0.019072
-0.028493
0.067048
-0.079179
-0.054289
0.104541
-0.061178
-0.102535
0.026446
-0.014266
0.028564
-0.098910
0.021357
-0.065137
-0.114411
-0.030799
-0.019829
-0.057445
0.033709
0.113560
-0.085399
0.037619
-0.032739
0.036082
-0.024332
-0.019420
-0.028143
0.059516
0.093507
0.037542
0.110222
-0.107631
0.070126
-0.038083
-0.063778
-0.126509
0.060233
0.032368
-0.003735
-0.171382
-0.034595
-0.073979
-0.031248
-0.042586
0.027608
0.215078
-0.070452
0.057195
0.079453
0.065145
0.006638
-0.007222
-0.003394
0.007912
-0.040539
-0.025838
-0.034138
0.019620
-0.035452
-0.101384
-0.096082
-0.028152
0.053118
0.075135
0.133723
-0.039992
0.108954
-0.041018
0.054964
0.094857
0.075784
0.022090
0.110618
0.049906
0.061331
-0.007402
0.020430
0.184351
0.047519
-0.014021
-0.024199
0.038001
-0.065415
0.027213
0.170329
0.175783
0.013039
0.024264
0.086584
0.082655
0.039653
0.085317
-0.011114
-0.094518
-0.086535
0.008113
0.005319
-0.078699
0.081830
-0.082947
-0.081080
-0.083034
0.046337
-0.131438
0.094568
0.065015
-0.095444
0.009370
0.002275
0.029915
0.096281
0.036882
-0.006257
-0.097376
0.017747
-0.152900
0.055471
0.033876
0.038471
0.000961
-0.177452
-0.046271
0.039077
0.036772
0.021904
-0.346749
-0.103527
-0.108891
-0.014180
0.162635
-0.114154
0.065798
0.315420
-0.288039
0.000391
-0.110384
0.016379
0.113983
0.075380
-0.022873
0.231248
0.090870
0.173810
0.081713
-0.258761
-0.141293
0.241146
0.110640
0.293799
0.380375
0.107230
0.113588
0.177163
0.213222
-0.175366
0.125150
-0.152237
0.034788
0.218527
0.254096
0.173432
0.026220
0.036019
-0.266271
0.101679
-0.126386
0.222411
-0.146913
0.267379
0.021773
0.168330
0.040845
0.001879
0.039984
0.160351
-0.038994
0.059825
0.014954
-0.525804
-0.293397
-0.079551
-0.031646
0.117667
0.164699
-0.014846
0.055920
-0.030615
-0.061100
-0.059610
0.180780
-0.083558
-0.054082
0.099921
0.105703
-0.221322
0.068836
0.068932
-0.153475
0.084358
-0.066897
0.092211
0.109841
-0.116558
-0.034759
0.059879
-0.109993
0.002933
-0.030390
-0.343505
0.039162
0.054056
0.076562
-0.046335
0.094813
0.093780
0.249904
0.195463
0.204183
0.040494
0.082748
-0.071124
0.090840
0.063241
-0.093346
0.106483
-0.141327
0.005060
-0.094963
-0.210850
0.102051
0.068150
0.111312
0.006712
-0.125799
0.060548
0.058840
0.031961
-0.083096
0.114577
-0.160735
0.020676
0.047314
0.192281
-0.022081
0.078773
0.056621
-0.088301
0.126074
-0.133639
0.165625
-0.041487
0.014889
-0.164655
0.105667
-0.021595
0.064593
0.013526
-0.066447
0.031593
0.091016
-0.060786
0.035985
-0.338702
0.032548
0.027359
0.090485
-0.007508
-0.095725
0.166797
-0.184193
0.020563
-0.121551
0.033985
-0.075017
0.003029
0.108649
0.091037
0.074957
0.048427
-0.044220
0.042577
0.073366
-0.187936
0.086082
0.006533
-0.024071
-0.074246
-0.071332
0.006586
0.000204
0.006368
-0.013518
-0.014729
0.093068
-0.117367
-0.078585
0.049839
-0.001539
0.172650
-0.298580
0.037343
0.092104
0.018082
-0.069907
0.025295
0.062922
0.059754
-0.032169
-0.029899
-0.051920
0.021660
-0.067756
0.070096
-0.086608
-0.042238
-0.708609
-0.064658
0.036359
0.091464
-0.120494
0.017128
0.067460
-0.059345
0.009013
-0.668271
-0.056212
-0.038033
0.115782
0.037186
-0.030458
0.110590
0.051336
0.213506
0.024171
0.121630
-0.001466
-0.067827
-0.416639
-0.050565
-0.011240
-0.038375
0.025217
-0.111936
-0.019381
0.053956
-0.064587
-0.082557
-0.083456
-0.015591
-0.009278
0.139155
0.025190
0.003103
0.176069
-0.019931
-0.165083
0.011497
0.013018
-0.089885
-0.312734
0.099900
-0.078409
0.020100
0.087896
-0.015953
0.135870
0.055254
0.042865
-0.028395
-0.043697
-0.421494
-0.047144
-0.124921
0.099083
0.007931
0.039129
0.055387
-0.056428
-0.100009
-0.086650
0.093701
-0.115071
-0.061751
-0.055150
0.019780
-0.051139
-0.041982
-0.001819
0.155588
-0.086071
-0.294443
0.099728
-0.118271
-0.042943
0.092123
0.027278
0.095240
0.042256
0.053467
0.070367
0.064688
-0.066903
0.126115
0.036355
0.128841
0.062219
-0.019755
-0.268156
-0.099104
-0.012477
-0.019757
0.010350
0.071075
0.069125
-0.024301
0.065112
0.095293
0.126868
0.036571
-0.044952
0.030520
0.072904
-0.053847
-0.120052
0.058487
-0.029778
-0.048322
-0.198125
0.038117
0.112814
-0.061120
0.053534
0.030034
0.098312
-0.060809
-0.147259
-0.044737
0.113297
0.114047
0.071206
0.114621
-0.155574
-0.023106
-0.265734
0.133919
-0.122172
0.026187
-0.077663
-0.069879
0.023497
0.040569
0.087581
0.178535
0.039999
-0.046738
-0.031647
-0.021789
-0.023641
0.037357
0.237411
-0.081738
-0.059480
-0.120420
0.018559
-0.055558
0.052165
0.031825
0.018482
0.006614
0.133707
-0.112919
-0.176069
-0.098024
-0.009923
-0.294355
0.022728
0.005176
-0.067356
0.153856
-0.072231
-0.016135
0.001358
-0.180392
-0.037200
-0.000307
0.103629
-0.043912
-0.091026
-0.079628
0.037817
0.020297
-0.124713
0.126716
-0.164780
0.017240
0.081228
0.007699
0.093137
-0.020724
-0.556164
-0.154179
-0.061303
-0.023506
-0.073885
0.058718
-0.085488
0.021355
0.048874
0.245860
-0.004331
-0.104624
0.146184
-0.055178
0.011183
0.106037
0.108752
0.109219
0.011599
-0.339879
0.037388
-0.021880
0.056658
0.034992
0.009684
0.167320
0.146882
0.032590
0.133638
-0.031850
0.073480
0.033510
0.101888
0.148835
0.119770
0.174688
0.201710
0.065666
0.164182
-0.113408
0.114872
-0.024863
-0.047816
0.057006
-0.023591
0.105432
0.000528
0.117197
0.018211
0.026762
-0.200035
0.003961
-0.133997
0.025556
0.140294
0.012634
0.138959
-0.037346
0.007344
0.265984
-0.012742
0.058847
-0.256328
-0.178837
-0.089717
-0.222595
-0.066472
-0.084499
-0.039655
0.059727
0.065909
0.016464
-0.147967
0.045176
-0.053357
-0.005590
0.056974
0.119623
0.035431
0.032211
-0.047320
-0.018887
-0.015845
-0.048750
0.073184
-0.090177
0.068195
-0.070445
0.032136
0.003824
0.016074
-0.083465
-0.097638
0.009567
-0.099959
-0.101108
-0.035145
-0.031777
0.047610
-0.075189
0.022441
-0.161594
-0.125584
-0.105807
0.040463
0.098665
0.085701
-0.120287
-0.008892
0.030363
-0.028895
-0.106416
-0.089155
-0.030938
-0.003053
-0.013876
-0.194332
-0.085612
0.074399
0.060908
-0.033447
0.005835
-0.005574
-0.081731
-0.068886
0.028982
-0.028718
-0.214164
-0.134318
-0.113973
-0.033356
0.027639
0.032926
-0.040946
0.047851
0.051066
-0.152251
0.078735
-0.044984
0.090475
-0.089397
0.068357
-0.102686
0.064093
0.053300
0.042733
-0.003948
0.028450
0.013777
-0.014073
0.036663
-0.026655
-0.081081
-0.010758
-0.207521
0.081661
-0.145099
-0.031947
-0.029895
0.050785
0.079154
-0.055659
0.059008
-0.144967
-0.379489
-0.577453
-0.092696
0.130657
0.022565
-0.017457
-0.072973
-0.057379
-0.010282
0.080173
0.185086
-0.026565
0.030342
0.045406
-0.078928
-0.013872
-0.086880
0.083803
-0.023856
-0.095371
-0.034012
0.028539
0.118865
-0.084079
-0.106588
0.055351
0.039215
0.119452
0.064504
0.043413
0.003486
-0.033809
-0.036735
0.080634
-0.079003
0.081294
-0.007471
-0.030593
0.070070
-0.024355
0.039098
0.029927
0.088693
-0.040772
-0.108126
-0.017833
0.022741
-0.059260
0.008865
-0.017180
-0.052775
-0.153831
0.099400
0.175082
-0.112825
0.035366
-0.071910
-0.008249
-0.158904
-0.004824
-0.086422
-0.067359
0.029136
-0.021675
0.020805
-0.044773
-0.013041
-0.134658
-0.005121
0.028389
-0.010342
0.001681
0.051582
-0.011947
0.051735
0.065584
-0.009447
-0.006074
0.012826
0.033991
-0.334593
0.030784
0.089699
0.003807
-0.086763
-0.058525
0.024588
0.028257
-0.032441
-0.057587
-0.064539
0.015275
-0.018938
0.012414
0.034275
-0.091948
0.049256
-0.032229
0.007246
-0.019667
-0.010976
0.016666
0.033198
0.068702
0.020123
-0.098168
-0.021395
0.077029
-0.010707
-0.033187
0.030389
0.129862
0.079320
0.073304
0.115175
-0.104900
0.013629
-0.042801
0.081505
-0.056701
0.010851
0.130632
-0.002075
-0.110616
-0.153996
0.044247
-0.013698
0.013523
0.048721
0.049186
0.176413
0.072317
-0.024553
-0.179447
0.083346
0.127138
0.040840
-0.301441
0.001424
-0.090688
0.021625
0.097379
0.055873
-0.130920
0.064194
-0.050534
-0.007852
-0.362340
0.085939
-0.207544
0.071160
0.096000
-0.446520
-0.095417
-1.036873
-0.259432
0.027072
-0.610835
0.148529
0.031749
0.053237
0.066113
-0.009347
-0.424654
0.000918
0.000127
0.026945
-0.129644
0.034166
0.151325
-0.051564
0.086430
-0.038496
0.111816
0.117104
-0.014327
-0.168402
-0.060772
0.144245
-0.022444
-0.093887
0.147131
-0.039399
-0.143470
0.052558
-0.095690
-0.119203
-0.004479
0.076587
0.020616
0.113889
-0.179099
0.021976
0.025353
0.001655
-0.135630
0.087819
0.074381
0.015296
0.080208
0.001779
-0.033347
0.024799
-0.078239
-0.001152
-0.043275
-0.026651
-0.058090
0.050217
0.084014
-0.204798
-0.076046
0.059227
0.033875
-0.148902
0.110629
-0.052657
-0.036311
0.110894
0.099288
0.016547
0.008309
0.050741
-0.006539
-0.002382
-0.130775
0.119745
-0.010721
-0.019653
0.060711
-0.023259
0.033782
0.034106
-0.037332
-0.070478
0.050590
-0.075517
-0.113858
-0.086410
0.057111
0.023050
0.040146
-0.122252
-0.035013
-0.060628
0.010832
-0.031555
-0.063719
0.063425
0.095824
-0.048105
0.038655
-0.147424
0.013012
-0.100109
0.098777
-0.060568
0.059451
-0.076926
0.078540
0.049730
-0.095849
-0.128805
-0.031627
-0.073293
0.013097
0.046221
0.073050
0.054803
-0.022663
0.061235
0.106092
-0.054202
-0.019299
-0.007636
-0.028325
0.024972
0.045024
0.045284
0.010384
-0.052916
-0.010479
-0.093463
0.022492
-0.100030
0.006074
-0.031726
0.025226
-0.097279
-0.095705
-0.114759
0.012259
0.056734
-0.091249
-0.035837
0.065670
0.065268
-0.267501
0.200890
-0.039086
0.006376
0.007855
-0.098563
-0.060361
0.046729
0.015422
-0.060578
0.052566
-0.032810
0.107510
0.116628
-0.114798
-0.073882
-0.012724
0.032462
-0.079892
-0.316918
0.105792
0.069046
0.024592
0.002533
0.122339
0.097431
-0.022363
0.106247
0.050584
0.143870
0.141193
-0.073440
0.072470
-0.298263
0.035440
0.098805
0.137190
-0.025858
0.037601
0.181201
0.079758
-0.056103
-0.263885
-0.060705
-0.045423
0.135244
0.002975
-0.048701
0.060055
0.004215
-0.009229
-0.036441
0.147085
-0.143447
-0.028496
0.085457
-0.250863
0.123938
0.017284
0.051428
0.019395
0.008348
0.218340
-0.091363
-0.025995
0.209448
0.014162
0.063296
0.042288
0.087077
0.033628
-0.127961
0.087366
0.023246
0.062510
0.101480
-0.141734
-0.131142
0.222341
-0.040045
0.062196
0.217239
0.083901
-0.065273
0.022927
0.042313
0.058816
0.087790
0.135455
-0.009436
-0.218773
0.050110
0.031375
-0.018490
-0.150185
-0.108114
0.008949
0.121110
-0.102408
-0.055837
-0.121112
0.211076
0.110843
0.088577
-0.100355
-0.062452
0.067244
-0.048156
0.025652
0.177226
0.080428
-0.219728
-0.012493
0.037299
-0.047814
0.092927
-0.305303
-0.123645
0.019690
-0.088206
0.183086
-0.074843
-0.125692
0.041091
-0.032119
0.018130
-0.048532
0.015995
-0.029710
-0.001406
-0.030497
0.098921
-0.092170
-0.243468
0.036313
-0.069374
-0.022576
0.003657
0.085942
-0.070436
-0.019025
-0.018753
0.095862
0.101951
0.007686
-0.075413
0.033981
0.000613
-0.045886
-0.092416
0.090999
-0.038985
0.010440
0.037752
0.079372
-0.018301
-0.100611
-0.178892
-0.139592
0.079129
-0.041374
0.055299
0.127740
0.010815
-0.043341
0.058973
0.206754
-0.050105
-0.042006
-0.447339
-0.048788
0.049359
-0.001131
0.067764
0.033933
-0.028374
-0.048054
-0.050470
0.078963
0.018209
-0.090763
0.044308
0.023379
-0.094440
0.008214
-0.238658
-0.083901
0.006996
0.068364
0.075660
0.248788
-0.072331
-0.253531
0.148046
-0.026785
0.287855
0.021342
0.010950
0.166047
-0.258550
-0.035028
-0.012042
0.017690
0.068366
-0.037996
-0.050671
-0.094530
0.114906
-0.150903
0.115687
-0.010502
0.053752
0.074710
-0.164637
0.017386
0.036697
0.032237
0.034668
0.062928
0.039813
-0.029649
-0.123739
0.050818
0.006710
-0.139587
-0.127302
0.051967
0.088410
0.227357
-0.033248
0.061470
0.252363
-0.013746
-0.224508
0.171176
-0.146122
-0.075977
-0.031888
0.151229
-0.148128
-0.056758
-0.335751
-0.354077
0.114971
-0.299431
0.007112
0.050314
-0.054010
0.101054
0.067886
-0.280142
-0.118148
-0.123094
-0.012132
0.015380
0.050805
-0.040824
0.002351
0.039538
-0.007038
0.107270
-0.246548
0.008908
0.078597
0.149909
0.023090
0.075489
0.016839
-0.047738
0.113801
0.224190
0.133551
0.012963
0.052261
-0.041674
-0.009058
-0.014356
0.004235
0.113308
-0.059512
0.056822
-0.149978
0.052568
0.067796
0.028577
-0.203376
-0.181473
0.106608
0.001361
-0.060131
0.002210
-0.089539
0.074183
0.240199
0.114379
0.024519
0.071693
-0.358310
-0.033841
-0.051788
-0.046582
0.212305
0.021386
-0.080406
0.075967
-0.042639
0.102500
-0.015351
-0.052668
0.026622
0.036173
0.032253
-0.443989
-0.089095
-0.049592
0.128108
-0.079149
-0.001069
-0.123023
-0.040978
-0.011263
-0.095288
-0.030664
-0.035221
-0.021223
0.001558
-0.013598
-0.097718
0.056666
-0.022090
0.040218
-0.007856
-0.007590
-0.112151
0.064184
0.029062
0.035842
0.081402
-0.048995
0.043687
-0.075362
-0.030326
-0.027736
-0.076398
-0.021970
-0.060632
0.031871
-0.095328
0.056716
-0.005913
-0.061079
0.037067
0.007182
-0.091973
-0.232040
-0.097641
-0.021756
0.020752
0.029508
-0.134672
0.030480
0.053750
0.088165
0.058449
-0.010625
-0.024282
0.035819
-0.024641
0.017189
-0.045410
-0.044048
-0.031395
0.124125
-0.027238
-0.050970
-0.040739
-0.116832
0.009978
-0.048682
-0.000629
0.044949
-0.330190
-0.055967
-0.073151
-0.041356
0.041385
-0.067568
0.011947
0.314692
0.074231
0.035442
0.192011
-0.034971
0.067747
-0.265173
-0.203778
-0.099573
-0.006169
-0.103444
-0.116104
-0.129592
0.032762
0.075685
0.029969
0.051069
-0.161687
0.134244
0.017979
0.084730
-0.128699
0.112536
-0.029381
-0.044887
-0.317094
0.099591
-0.017930
-0.000536
0.027384
0.016629
0.078005
0.082911
-0.067510
0.035949
-0.019761
0.008063
0.180227
0.061635
-0.103168
0.075992
-0.172531
-0.098640
0.041351
0.009516
0.077244
0.064830
0.078082
-0.065387
-0.067243
0.029502
-0.090393
0.096186
-0.072418
0.082665
0.130943
-0.072267
0.054935
-0.176553
0.007653
0.057802
-0.054206
-0.010863
0.013423
0.061783
0.030915
-0.017611
-0.113559
0.018251
0.038578
0.020214
0.013793
0.045588
0.051746
0.018481
0.052468
-0.012674
-0.043409
-0.007979
0.030280
0.003054
0.078201
0.051529
-0.000978
0.022548
-0.113640
-0.070188
0.025344
0.033561
-0.066505
0.012958
-0.105122
-0.086374
0.012496
0.021760
0.021448
0.039422
0.032831
0.060374
-0.098609
-0.024252
-0.039981
0.058895
0.024181
-0.046326
0.070186
-0.060192
-0.055559
-0.090401
-0.078786
0.021662
-0.048406
0.036731
0.037911
-0.065500
0.101095
-0.055845
0.051364
0.032787
0.057599
0.091683
-0.045079
-0.023126
-0.149585
0.100999
-0.017921
0.019982
-0.038947
0.027584
-0.061383
0.049050
-0.051576
0.006557
-0.054639
0.036628
-0.119255
-0.082264
-0.030635
0.050464
-0.057835
-0.087005
0.016019
0.038204
-0.254887
0.089469
-0.057402
0.029172
0.005185
-0.058968
0.023473
-0.030671
-0.071732
-0.000062
-0.030138
0.016376
0.052572
0.003799
-0.018671
-0.116659
-0.056028
0.047525
0.095615
0.070919
0.053004
0.024154
-0.106232
0.099610
-0.000481
0.094373
-0.030036
0.002473
0.075417
-0.114817
-0.011823
-0.020358
0.006138
0.061078
0.073114
0.035984
-0.041517
0.038953
-0.011695
-0.582197
0.041873
-0.058304
-0.015508
0.014000
-0.052162
0.042151
-0.063802
0.088326
-0.041283
0.069276
0.090141
0.011782
0.126526
-0.080428
-0.032807
-0.340823
-0.538806
0.031508
-0.056903
0.034884
-0.066276
-0.019839
-0.099209
-0.071647
0.026394
-0.059348
-0.079649
0.054003
-0.028109
-0.050006
0.057098
0.038303
0.008474
0.026672
0.118840
-0.008883
-0.053176
-0.073356
-0.051497
0.098707
0.129191
0.061030
-0.093509
0.068998
0.091273
0.093846
0.028908
0.056980
0.011344
-0.010580
-0.252679
-0.003798
-0.060289
0.052259
-0.046474
0.117414
-0.028674
0.085978
0.039996
0.051415
-0.003224
0.038976
-0.029402
0.074850
0.092856
-0.005498
-0.000677
0.013650
0.023466
-0.062196
-0.014533
-0.098261
0.052848
0.028265
0.101628
0.081254
0.028538
0.005756
0.042150
-0.022228
-0.016514
0.004912
-0.124420
0.050270
0.016067
-0.038114
0.032970
-0.141546
-0.123389
-0.045829
-0.063889
-0.043175
0.054278
0.036855
-0.006104
-0.042704
-0.059944
0.049247
-0.005902
0.072227
-0.122396
0.023929
-0.007136
-0.200835
0.022511
0.001203
0.032853
-0.084569
-0.040079
-0.011966
-0.041331
-0.134364
-0.026777
-0.084151
0.071252
0.012561
-0.124977
0.067701
0.028732
0.020677
-0.073815
0.033188
-0.063452
0.010217
-0.048547
-0.193403
0.059734
0.103722
0.108291
0.042174
-0.261988
0.058408
0.061915
-0.096570
-0.027619
-0.091242
-0.090437
0.089128
-0.071853
0.036422
-0.074017
-0.124025
0.060675
-0.024200
0.046241
-0.082540
-0.048318
-0.017730
-0.041258
0.017737
-0.058241
-0.091004
-0.084216
0.030112
-0.021814
0.125024
0.015868
-0.102359
0.053494
0.016241
0.006341
0.013693
-0.047545
-0.171812
0.041963
0.061058
-0.157969
0.004783
0.038587
-0.122853
-0.142380
0.022144
0.114920
-0.080021
0.092878
-0.027445
0.070501
0.099335
-0.314739
0.050391
-0.041659
0.066936
-0.018978
-0.253255
-0.207115
-0.106712
-0.017393
-0.078196
0.026248
0.009420
0.122684
0.084566
-0.130201
0.008570
0.080455
0.043656
-0.047432
-0.006573
0.094274
-0.040360
-0.015533
-0.007002
-0.038652
0.040228
0.024835
0.015382
-0.029861
0.093616
0.021346
-0.040972
0.024976
-0.038873
-0.063291
-0.000295
-0.102001
0.071772
-0.026099
0.008811
-0.019858
-0.064571
0.036593
-0.069044
-0.099577
-0.025711
0.041422
0.048402
-0.001309
-0.018962
-0.106872
-0.197652
0.088348
-0.106364
-0.035223
0.017067
-0.056775
0.045698
0.020042
-0.036015
0.001109
0.100675
0.074004
-0.002169
-0.080447
0.091466
0.125840
0.030897
-0.131183
-0.035165
0.065360
0.125985
0.115024
0.006975
-0.010300
0.069466
-0.060326
0.106704
0.031325
0.120459
0.098947
0.102640
0.016359
-0.158819
0.091564
-0.018699
0.117801
0.246215
0.048608
0.123889
-0.033837
-0.064512
0.076455
-0.051637
0.178585
0.028977
0.078540
0.020395
0.038833
0.087644
-0.070997
0.041766
-0.035803
0.018533
0.048420
0.071546
-0.008445
0.027893
-0.060139
0.052030
-0.027805
0.023667
0.028973
0.019644
-0.014703
0.110651
-0.185647
-0.075898
-0.155390
0.132668
0.020007
-0.122979
0.071437
-0.018063
0.010442
-0.088401
0.051217
-0.273760
0.117616
0.003434
-0.134292
-0.113186
-0.018628
-0.206255
-0.014380
-0.563470
-0.037231
-0.038489
0.093177
-0.257359
0.083054
0.011412
0.088148
-0.108237
-0.510881
0.015672
0.079825
-0.041913
0.122314
-0.019739
-0.031365
-0.055510
-0.015108
0.013972
0.190455
0.031508
-0.006108
-0.261491
-0.422292
-0.147512
0.067422
0.041640
-0.108450
-0.057329
0.199520
0.133652
-0.041723
-0.074091
-0.114358
-0.130308
-0.030686
0.146601
0.025419
0.069926
-0.329262
-0.023998
0.135092
-0.048074
0.090538
-0.019643
0.186167
0.012716
0.077519
0.062181
0.026370
-0.077196
0.204869
-0.083320
0.287446
0.033908
-0.066068
0.098511
-0.018390
-0.044340
-0.043530
-0.003334
-0.001291
0.203078
0.142508
0.082946
0.093614
0.175380
-0.111440
0.154492
0.087596
-0.015280
0.122629
-0.443275
0.085492
-0.026893
-0.014802
0.018451
-0.148185
0.057641
-0.055503
-0.049706
0.079720
-0.462907
0.044081
-0.067178
0.031355
-0.066203
-0.046917
-0.017409
-0.003162
0.042078
-0.103657
0.062661
0.084510
-0.397099
-0.017236
0.046091
-0.122449
0.090287
-0.584533
-0.011735
-0.040966
-0.200963
0.119811
0.043823
0.082215
0.035347
-0.033396
-0.009016
0.130064
-0.019017
0.074208
-0.094417
-0.121503
-0.003768
-0.113997
0.046607
0.052219
0.035160
-0.006197
-0.020204
-0.045246
-0.032241
-0.033407
-0.019680
0.020475
0.035174
0.073146
-0.057764
0.082787
0.092436
0.093979
0.067898
-0.021568
-0.033192
0.012969
0.023903
0.075965
0.007438
0.111489
-0.078791
0.044250
-0.106438
0.077029
-0.021162
0.078891
-0.020893
-0.043082
-0.068578
0.054599
0.001356
-0.189376
-0.157537
-0.025401
-0.009252
0.024792
-0.106767
0.152967
0.069553
-0.032082
0.005492
-0.212911
0.079489
-0.060148
-0.042231
-0.039980
0.128308
-0.033235
0.019150
0.126543
0.044336
0.104372
-0.005165
0.000424
-0.034825
0.094704
-0.041898
-0.023251
0.029053
0.086123
-0.050578
-0.029109
0.105293
-0.058031
0.034713
0.063987
-0.057540
0.065266
0.014879
0.072809
-0.151827
-0.063452
-0.020599
-0.007963
0.005382
-0.047143
0.125107
0.100208
-0.036128
0.118069
0.002721
0.294450
-0.056965
0.057367
-0.128338
-0.001635
0.025484
0.026554
-0.070848
0.041291
-0.038792
-0.004075
0.005690
-0.062301
-0.027715
-0.104657
-0.110988
-0.075403
0.017690
-0.052815
-0.091387
-0.030053
-0.022657
0.057419
-0.070914
-0.100071
0.148555
0.047116
-0.083384
0.058602
0.018163
0.046432
0.001847
0.086535
-0.014507
0.013530
-0.052061
-0.100618
-0.033236
0.058578
-0.107089
-0.118445
0.117276
0.059813
-0.068517
-0.029977
-0.024481
0.033660
0.046054
-0.161572
0.070249
-0.072222
0.003366
-0.001539
-0.102739
0.015793
0.086720
0.048785
-0.020601
-0.041504
-0.014009
-0.023623
-0.020321
0.179834
-0.032949
0.032089
-0.193000
0.085154
0.103734
0.017052
-0.043372
0.029927
0.093043
0.008441
-0.139433
-0.068726
0.153120
-0.138724
0.062612
-0.127957
-0.020750
0.050793
-0.051960
-0.005406
-0.038625
-0.005957
-0.039078
0.025235
-0.089741
-0.054420
0.028690
0.072737
0.108069
0.031767
0.067935
-0.109532
0.084578
-0.019542
0.000978
0.019530
-0.074151
-0.087424
0.006487
0.084625
0.120263
-0.086948
0.075607
-0.094209
0.003708
-0.062364
-0.009909
0.083172
-0.061583
-0.017244
-0.102689
-0.050090
0.013876
0.029130
0.083700
0.046663
-0.072150
0.135025
0.036088
-0.078633
-0.093036
0.047780
-0.011855
0.120883
-0.202068
0.028217
0.059752
-0.114544
-0.072851
0.198772
-0.092950
0.158885
0.283503
-0.399297
0.060498
-0.175507
0.253851
0.065023
0.056680
-0.005034
0.279472
0.066334
0.232168
0.094937
-0.351033
-0.228308
0.283739
-0.032825
0.076995
0.158781
0.129786
0.110175
0.176940
0.137105
0.063587
0.074336
0.045403
0.179293
0.065403
0.042343
0.209633
0.169793
-0.145218
0.060354
0.222498
0.286247
0.300919
0.149264
0.034244
0.104395
-0.116453
-0.030579
-0.053031
0.322172
-0.142517
-0.074479
0.224187
0.184462
-0.417060
-0.116466
-0.005660
-0.117001
0.243218
0.099558
0.071958
-0.039379
-0.215755
-0.104807
-0.051820
0.090438
-0.063729
-0.155455
0.034407
-0.006030
-0.322977
0.052903
0.066933
-0.124399
-0.017275
0.061360
0.030915
-0.101001
-0.263366
0.198741
-0.028844
-0.020529
-0.031084
-0.076370
-0.115270
0.086423
0.104008
-0.020208
0.036156
0.032897
0.002534
0.170173
0.141389
-0.086792
-0.009797
0.034437
-0.025324
0.175368
0.142242
-0.224677
-0.250656
0.032104
-0.023233
-0.035490
-0.179698
0.140014
0.081992
0.080055
0.013321
-0.029947
0.030655
0.144394
0.204882
0.077883
-0.046116
-0.007883
-0.012914
0.111998
0.116920
0.038455
-0.024073
0.005882
-0.069767
-0.056695
0.028991
-0.088295
0.009913
0.179883
-0.093230
0.041329
-0.083928
-0.053304
-0.033926
-0.041718
-0.100108
-0.018798
0.026867
0.021293
-0.272303
0.003372
-0.000761
0.008071
0.043306
-0.188317
-0.091904
0.092625
0.086353
-0.017854
0.071236
0.101139
0.027735
0.126188
0.049798
-0.031571
-0.031636
-0.316245
0.072428
0.053442
-0.171108
-0.023429
-0.017086
-0.052695
0.042033
-0.006040
0.043864
0.111606
0.030790
-0.068780
-0.035628
0.112828
0.043188
0.047704
0.072103
0.031829
0.000419
-0.127819
0.064339
0.076373
-0.068680
-0.013844
-0.009401
0.078450
0.088209
0.077204
-0.047158
0.010411
0.041826
0.021894
0.063682
0.080884
0.033341
-0.057768
0.062530
0.172489
0.092539
0.006747
-0.252805
0.103881
-0.041445
-0.074712
-0.720535
-0.124353
0.015033
0.041901
-0.029347
-0.029894
0.117599
0.036006
0.196834
0.017058
-0.040146
0.106711
-0.081455
-0.303522
0.020717
-0.107851
-0.022634
-0.140999
0.089975
-0.017318
-0.068158
0.103848
0.099389
-0.029314
-0.058262
-0.022796
-0.279934
0.064400
0.091871
-0.193489
0.079386
0.073067
0.029499
0.077287
0.049702
0.105916
-0.027020
-0.088063
-0.024301
-0.026627
-0.158222
0.212646
0.072644
0.008611
-0.131685
-0.072517
-0.188900
-0.043726
-0.031424
0.107620
0.027284
0.006011
-0.010108
-0.095603
0.024948
-0.134274
-0.083712
-0.067732
-0.038798
0.026825
-0.057567
0.106823
-0.041092
0.033613
0.029817
-0.047522
-0.153346
-0.029603
-0.006987
-0.033876
0.012976
0.031760
0.024309
0.033593
0.029906
0.009778
-0.018460
0.108637
-0.158845
-0.010420
0.107034
0.085824
0.105295
-0.369492
0.028111
0.021564
-0.040176
0.073255
-0.103860
0.062157
0.018784
-0.037119
0.011436
-0.054714
-0.105131
0.123082
-0.061273
0.001480
0.055520
0.041808
0.084465
0.037440
0.015313
-0.085811
0.071925
-0.138331
-0.022636
0.028882
-0.000677
-0.008297
-0.137531
-0.333772
-0.014663
-0.038701
0.100920
0.012229
-0.023504
-0.089922
0.006585
0.090040
0.035939
-0.061339
0.036791
0.067337
-0.189914
0.122795
-0.063644
-0.018197
0.134473
-0.045054
-0.169419
-0.023956
-0.084200
0.036049
0.100341
0.155902
-0.032860
-0.021987
-0.017873
-0.001346
-0.053453
0.068612
-0.028702
-0.022519
0.024133
-0.005005
-0.040282
-0.159703
-0.158038
0.093227
-0.373673
0.073988
0.081778
0.027685
0.129651
-0.022595
0.033060
-0.509542
0.036430
0.000708
-0.075715
-0.040646
0.066926
0.038099
-0.052896
0.027860
-0.152712
-0.125147
-0.024621
-0.527724
0.087469
0.031279
-0.048054
0.077581
-0.021447
-0.961690
-0.174699
-0.169431
0.091356
0.078837
-0.035695
0.025297
-0.098537
0.133951
-0.319423
0.064376
-0.058866
-0.040866
-0.043931
0.087051
0.128470
0.063497
0.075661
-0.019810
-0.329510
-0.026151
0.066138
-0.077464
-0.051241
-0.125016
0.040340
0.145243
0.035895
-0.036278
-0.152887
-0.065042
0.076685
-0.009812
0.054123
-0.068660
0.168992
0.050294
0.026535
0.105364
0.127819
-0.049045
0.060394
0.051608
0.165218
0.006041
0.156893
-0.078167
-0.050132
0.105195
0.070194
-0.046563
0.117990
0.098212
0.078706
-0.051643
0.118793
-0.007557
-0.007882
0.192968
0.054749
-0.090586
-0.016973
-0.269167
0.005569
0.019087
-0.075445
-0.125235
-0.022021
-0.004188
0.165260
0.134539
-0.273771
0.003608
0.026030
-0.152793
-0.030224
-0.005342
-0.030189
-0.080496
-0.013975
-0.089384
0.015088
-0.067897
0.006360
-0.014467
-0.026473
0.054700
0.043600
-0.061325
-0.028457
0.056589
0.103980
-0.017247
0.125326
-0.181614
-0.117242
-0.037111
0.044935
-0.077420
0.050568
-0.105608
-0.025780
0.025068
0.037911
0.080997
-0.066511
-0.008848
-0.129318
-0.016179
0.046883
-0.056528
0.025888
0.076316
-0.097242
-0.034103
0.110738
0.029767
0.010660
0.062432
0.069790
-0.026506
0.005967
-0.201010
-0.005379
-0.063436
0.050583
-0.046726
-0.157626
-0.146123
-0.116087
0.000400
0.078022
-0.058950
-0.055271
0.138386
-0.077570
0.093641
-0.480845
-0.101316
0.060356
0.017821
-0.131894
-0.064197
-0.075650
-0.028441
-0.042185
0.067263
-0.352081
0.012779
0.070999
0.001909
-0.011177
-0.119514
0.056568
-0.244929
0.006403
-0.039049
-0.010359
0.005979
0.009766
0.071012
-0.067322
-0.068445
0.023673
-0.139586
-0.345184
0.088913
-0.056048
0.017011
0.086760
0.026542
-0.061879
0.010958
-0.073127
-0.045541
0.013692
0.031545
-0.046682
0.020229
0.083539
-0.042441
-0.001617
-0.008679
-0.033534
-0.053156
0.030624
-0.185812
-0.014909
-0.065665
0.063748
0.039458
0.088652
-0.128075
0.000555
0.001586
-0.016417
0.072233
0.059144
0.091505
-0.017406
0.099951
0.034059
-0.021518
0.106062
0.080720
0.013132
0.047977
-0.043964
-0.104921
0.039545
-0.017917
-0.001277
-0.047038
0.079722
0.010531
-0.071618
0.071748
0.022307
0.032125
-0.024855
-0.042603
-0.134525
-0.090124
0.026531
-0.131684
0.007000
-0.062687
0.023889
0.001193
-0.004994
-0.076253
-0.002825
0.011845
-0.049593
-0.032255
-0.059475
0.081030
-0.059039
0.001670
0.023993
0.109512
-0.041737
-0.064586
-0.016608
-0.064710
-0.059776
0.071188
-0.013144
-0.091420
0.107871
0.025343
0.076248
-0.062014
0.077772
-0.015403
0.070657
-0.007319
0.074748
-0.007305
0.016637
0.084599
-0.022713
0.043537
0.098115
0.086455
0.100527
-0.060529
0.020532
0.137865
0.013312
-0.032179
-0.032392
0.033706
-0.003896
-0.078576
0.162710
0.018379
0.007108
0.000962
0.079089
-0.009836
-0.077266
0.017379
0.050668
-0.044277
-0.011840
0.025899
0.019848
0.038000
0.060526
-0.005951
-0.076922
-0.127326
0.040257
0.046230
-0.064618
0.035581
-0.100314
-0.025960
0.072725
-0.016491
-0.093996
-0.028470
-0.290851
-0.132859
0.196836
0.134912
0.025213
0.066471
-0.215405
-0.120138
-0.391761
0.020671
-0.027376
0.071675
0.158293
-0.204753
-0.053376
-0.582816
-0.030138
0.153834
-1.124116
0.033742
0.096743
0.031076
0.127285
0.024279
-0.288608
0.099428
0.065445
0.034327
-0.129420
-0.093280
-0.075068
0.026654
0.037256
-0.164477
0.001650
-0.087524
0.096504
0.009424
-0.063357
0.131289
0.017791
-0.360733
-0.002703
-0.018511
0.014074
0.016612
0.031612
0.049992
-0.099669
-0.039529
0.039894
0.029485
0.016565
0.082948
0.010433
-0.203306
0.029729
0.086406
0.053395
-0.311817
0.144637
0.054499
0.014078
-0.008430
-0.062876
0.075233
-0.038176
-0.120584
0.012926
-0.085290
-0.068022
0.069769
0.032080
-0.069828
-0.092565
0.116644
0.028897
0.067583
0.046565
-0.039208
0.127583
0.028381
0.010437
0.069573
-0.038126
0.027694
-0.103931
-0.091674
0.097563
0.036419
0.016270
-0.028621
0.087507
0.094054
-0.029213
0.023174
-0.072444
-0.181744
0.081895
-0.000369
0.029072
-0.000689
-0.073706
0.000552
-0.009681
0.119939
-0.113712
-0.025847
-0.049891
0.028420
0.080183
-0.036787
-0.019072
0.028261
-0.013416
0.016513
-0.033426
-0.058830
-0.049482
-0.140997
-0.032005
0.033139
0.004744
-0.082321
-0.023480
0.074918
-0.003114
0.036350
-0.011954
-0.003382
0.011635
-0.028262
0.079587
-0.060872
0.063195
-0.051636
-0.022425
-0.041203
0.010580
0.124257
0.068989
0.051766
-0.119888
-0.040299
0.059938
-0.015584
-0.089338
0.028811
0.005118
0.066338
0.016749
0.011668
0.096357
0.102689
-0.118312
-0.076923
0.064893
0.028409
-0.195896
0.113684
-0.023655
0.136503
0.091924
-0.046642
-0.076713
0.016159
-0.021585
0.092446
0.011267
0.037656
-0.080211
0.063828
-0.081286
0.029599
0.019731
0.027752
-0.058008
-0.336667
0.071216
0.047227
0.051731
0.111546
0.176687
0.076347
0.118415
0.106986
0.114221
0.120567
0.000737
0.038134
0.011145
-0.151009
0.022599
-0.005695
-0.002474
-0.039709
-0.057201
0.149894
0.037835
0.010342
-0.259446
-0.017535
-0.061392
0.038418
0.042530
0.104293
-0.082105
-0.011560
0.000879
-0.038307
0.207911
-0.049159
0.160634
-0.042710
-0.209591
0.112732
0.067846
0.000414
-0.128263
0.052721
0.024262
-0.041842
0.023817
0.261739
0.043795
0.108070
0.001254
-0.021779
0.064534
-0.149589
0.142036
0.000431
0.134027
0.159867
0.006753
-0.202213
0.113703
-0.000637
0.093268
0.144243
0.000587
0.167080
0.072704
0.004451
0.063177
-0.154332
0.150348
-0.034161
-0.183308
0.072530
0.029011
0.023749
-0.138887
0.011312
0.028188
-0.066047
-0.082785
-0.325196
-0.091638
0.217371
0.109304
0.070153
-0.053687
-0.102190
0.008753
-0.151602
0.135691
0.041122
0.032706
-0.105167
0.031582
-0.097065
-0.085026
0.142286
-0.332255
-0.023547
0.138567
-0.112910
0.177222
-0.102376
0.035022
0.038860
-0.023674
0.059493
-0.043882
0.028970
-0.012607
0.006934
-0.130199
0.051268
-0.077543
-0.081449
0.021100
-0.176968
-0.009062
-0.012476
0.160384
0.094924
0.107843
-0.042108
0.030667
0.083690
-0.036144
-0.085497
-0.076678
0.089612
-0.073000
-0.047660
0.032361
-0.094782
0.037614
-0.015386
0.082720
0.043191
0.012064
-0.092053
0.066992
0.124631
0.054106
-0.032991
0.000115
0.039388
-0.062968
0.079012
0.033602
0.030227
0.027331
-0.262373
0.082329
0.064111
0.080877
0.016421
-0.033230
-0.043006
-0.022602
-0.067120
-0.059515
0.011864
-0.022434
-0.000161
0.011998
0.064102
0.070492
-0.002258
-0.020197
0.137251
-0.026307
0.008863
0.193866
0.047080
-0.197682
0.090648
-0.115621
0.097494
-0.000534
-0.026402
0.178397
-0.399516
-0.094441
0.103845
0.134894
-0.051370
0.180693
-0.063351
-0.143269
0.181368
-0.161518
-0.054506
0.087791
0.098948
0.012333
-0.007416
-0.087274
0.045199
0.098105
0.158379
-0.097124
-0.035331
0.039689
0.210140
0.192360
0.048621
-0.129643
-0.146122
-0.179148
0.033163
0.074993
-0.161236
0.066754
0.119509
-0.040120
-0.349303
0.191657
-0.089499
0.068596
0.140559
0.086898
-0.119702
-0.060757
-0.375827
-0.299069
0.170372
-0.147454
-0.017544
0.196813
-0.034346
0.126451
0.010595
-0.289674
-0.047536
-0.005841
-0.058146
0.069210
0.032334
0.076342
0.055248
-0.080650
0.023777
-0.121903
-0.149085
-0.057705
-0.124079
-0.064784
-0.082486
0.183253
0.261892
0.017921
0.041647
0.115266
0.090554
-0.029474
0.135824
-0.043133
0.000984
0.028303
-0.036839
0.035310
-0.007144
-0.012044
-0.105831
0.216984
0.071780
-0.021702
-0.593431
-0.173179
0.032281
-0.059560
-0.060926
0.124739
-0.034851
0.126650
0.100722
0.115489
0.136897
0.043965
-0.143641
-0.029965
0.029461
-0.114182
0.256501
-0.070906
-0.061598
0.081772
-0.088941
-0.106299
-0.033860
0.032813
0.197921
-0.037358
0.068689
-0.382079
-0.134941
0.069982
0.103557
-0.098290
0.028554
-0.004961
0.032771
0.012699
-0.084513
-0.028170
-0.039323
0.056782
0.059287
-0.003474
-0.059715
-0.039555
0.015164
-0.075065
0.006382
0.045896
-0.073776
-0.031758
-0.063035
-0.042426
-0.046138
-0.049089
0.037011
-0.106495
0.079637
-0.020004
-0.029488
0.096177
-0.032095
0.056232
-0.054331
0.049399
-0.048265
-0.065589
-0.024614
-0.007002
-0.086978
-0.122957
0.064244
0.079882
0.096348
0.017624
-0.064625
0.014129
0.028769
0.024850
0.000194
0.014743
0.050833
-0.087006
-0.028582
0.020193
-0.044754
0.056535
0.061879
-0.119006
0.046294
0.065336
-0.049464
-0.046596
-0.090904
0.016782
-0.024932
-0.004371
-0.306219
-0.130830
0.025550
-0.001137
-0.094473
-0.024111
0.037266
0.300543
0.035168
0.039538
0.113245
-0.066443
-0.019470
-0.213932
-0.047377
-0.122231
-0.010016
-0.138524
0.018360
-0.071891
0.037954
0.096895
0.102082
-0.005141
0.010859
-0.009018
0.030207
-0.065657
-0.052277
0.039199
-0.005747
-0.008583
-0.211358
0.005550
0.075705
-0.067414
0.037329
0.068844
-0.056879
0.041869
0.118064
-0.087087
-0.138113
-0.052564
0.181450
0.054263
-0.068263
0.028710
-0.075308
0.031478
-0.034389
0.039824
0.033710
0.057735
0.083519
0.001878
0.024309
-0.041762
-0.054877
0.103981
0.039502
-0.037513
0.090820
-0.141811
0.081657
-0.129205
-0.132991
0.037693
-0.164004
0.077614
-0.003195
0.067953
0.055354
0.023835
-0.053457
0.075267
-0.062231
0.033297
-0.065671
-0.052210
0.023334
-0.028646
0.029900
0.060946
-0.071493
-0.022796
0.035970
0.082945
0.077513
0.019308
-0.030575
-0.023532
-0.068409
-0.030788
-0.103814
0.019473
0.092690
-0.041029
-0.065823
0.073617
0.023681
0.088044
-0.016972
-0.034240
-0.070574
0.002561
-0.078790
-0.045322
0.076786
0.071139
0.076537
-0.007645
0.048545
-0.060683
0.059117
-0.079219
-0.055524
-0.009690
-0.190739
0.088668
-0.127434
-0.042622
0.062576
-0.151449
-0.059157
-0.001820
-0.000536
-0.039071
-0.053036
-0.041697
0.052666
0.076027
-0.064668
0.080361
-0.063154
0.020180
-0.042384
-0.106937
-0.011840
0.075636
-0.063428
0.062638
-0.067089
-0.057629
0.024007
-0.028968
0.077737
0.019825
-0.023367
0.091934
-0.131080
0.002943
-0.049656
0.034070
-0.030572
-0.003010
0.013303
-0.058006
0.038948
-0.045020
-0.019628
-0.035418
-0.019060
0.097407
-0.029078
-0.042480
0.051443
0.006854
0.079633
0.076167
0.045447
-0.033756
-0.013483
0.113458
0.104861
0.063028
0.067304
-0.015949
0.107993
-0.134576
-0.624881
0.079020
0.047553
0.095695
-0.038356
-0.011624
-0.015968
0.077897
-0.017430
-0.376517
-0.040057
-0.025318
-0.001696
0.004573
-0.068462
0.085994
-0.003817
0.068496
-0.034858
0.027957
0.089760
-0.085088
0.029678
-0.014286
0.001634
-0.248142
-0.315143
-0.089871
-0.008966
0.028151
-0.025595
0.004578
-0.143929
-0.008224
0.093129
-0.011400
-0.064205
-0.010206
-0.015235
-0.035157
0.025221
0.030261
-0.024414
-0.070691
0.105010
-0.012833
-0.061481
0.006049
0.101404
0.037499
0.040655
-0.034412
-0.057218
0.029897
0.145880
0.058617
-0.012778
0.020805
0.019827
-0.071555
-0.064406
0.048255
0.027414
-0.077330
-0.041664
0.067868
0.077185
-0.048033
0.039590
0.092963
-0.010243
0.039808
-0.000489
0.042658
0.080659
-0.151245
0.021986
0.100100
0.059272
-0.077481
0.056311
-0.008899
-0.018422
0.014658
0.011434
0.070105
0.051755
-0.009321
0.023598
-0.088163
0.046272
0.001131
-0.241103
0.067818
0.033214
0.021037
-0.069129
-0.165573
-0.036466
0.040497
0.066436
0.030299
-0.022416
0.089403
-0.117001
0.052490
-0.071475
-0.017539
0.051863
0.061818
-0.119038
0.048880
-0.015672
-0.185078
0.086678
-0.006381
0.063879
-0.108741
-0.070739
0.063357
-0.014585
-0.063779
-0.025838
-0.099723
0.051266
0.058934
-0.062883
-0.071351
-0.075065
0.032109
-0.132640
-0.205982
-0.005093
0.063987
-0.045310
-0.165225
0.068618
0.004200
0.093183
0.090443
-0.269852
-0.047991
0.028965
0.052493
-0.058103
0.025910
0.015947
0.131106
-0.004064
-0.013034
0.011499
-0.043236
-0.020107
0.039141
0.043087
-0.087626
-0.072296
-0.064552
-0.013206
0.100423
-0.123535
0.013403
-0.029950
-0.037146
-0.106889
0.006613
0.016159
-0.104775
0.062053
-0.069505
0.008109
-0.009869
-0.059276
-0.005542
0.054841
0.090813
-0.159654
-0.072684
-0.065129
-0.033192
0.006616
0.020999
-0.024437
-0.016768
-0.041813
0.068489
0.094222
-0.031509
-0.324286
-0.048581
0.009629
-0.021006
-0.054020
-0.189066
-0.049066
-0.095087
0.023363
-0.082738
-0.096799
-0.032766
0.041562
-0.002358
-0.201757
-0.097161
0.071787
-0.061642
0.047333
-0.001581
0.080082
-0.034667
0.008188
-0.008763
0.035157
0.045036
-0.013200
-0.013590
-0.069017
-0.047393
-0.120844
-0.012490
0.072711
0.025773
0.050717
0.001330
-0.010120
0.069724
0.054196
0.065485
0.047197
-0.046202
-0.043070
0.021916
-0.027456
0.031737
0.041242
-0.038687
0.033732
-0.009183
0.024694
-0.066217
0.074321
0.028626
0.010459
-0.055127
0.040839
0.124259
-0.005710
-0.050557
0.012477
0.148689
0.067365
0.033517
0.001450
-0.082031
0.170260
0.005079
-0.161153
0.056816
-0.069859
0.134687
-0.071114
0.026747
-0.000938
0.071147
-0.059098
-0.061596
0.014031
-0.007011
0.032673
0.037363
-0.030630
-0.091524
0.040590
0.031907
0.097017
0.238696
0.090007
0.179546
0.117909
0.100195
0.089311
0.004946
0.150233
0.006815
0.095212
0.011134
0.046355
0.043081
-0.204816
0.060600
-0.052730
0.133876
0.068949
-0.065463
-0.101757
0.100103
0.110075
-0.179798
-0.128199
-0.013483
0.103130
0.015787
-0.025573
0.166633
-0.113157
-0.053200
-0.118764
0.102477
0.069946
0.066304
-0.006723
-0.110559
0.021512
-0.182527
0.157018
-0.230787
0.219898
-0.025501
0.041333
-0.114853
-0.148478
0.230787
-0.060555
-0.106335
-0.003592
0.091086
0.022469
-0.239024
-0.030202
0.001343
0.185536
-0.019818
-0.361342
0.105240
0.062316
0.042656
0.003895
-0.065218
0.033525
-0.121571
-0.128313
-0.052303
-0.091062
0.051645
0.098615
-0.013686
-0.358039
-0.352754
-0.001911
0.097978
-0.192786
-0.089757
0.035254
0.246179
-0.015085
0.082723
-0.099748
-0.186381
-0.110905
0.099994
0.125368
0.110716
-0.193210
0.060709
0.088197
-0.018075
0.084070
-0.059382
0.180858
0.129508
0.004037
0.004614
0.112576
-0.059260
0.186200
-0.028982
0.071691
0.076933
0.011252
0.173747
0.083706
-0.039717
0.060964
-0.111145
0.092558
0.159547
0.175795
0.141759
-0.077901
0.211714
-0.098123
0.093511
0.158534
-0.011887
-0.186684
-0.252672
0.065639
0.069037
-0.033470
0.019767
-0.067167
0.073315
-0.057337
-0.038861
-0.044221
-0.428230
0.021115
0.037603
-0.106013
-0.157936
-0.112250
-0.036560
-0.158048
-0.020799
-0.080897
0.038811
0.046486
-0.454089
-0.023607
0.076773
-0.160857
-0.008138
-0.439009
0.040061
-0.083011
-0.136855
0.019326
-0.018892
-0.010024
-0.059742
0.063636
-0.022038
0.160073
0.052417
0.002222
0.027475
-0.084108
-0.167961
0.020528
-0.010988
0.102625
0.101961
-0.065506
0.012049
-0.160960
-0.050441
0.014129
0.065503
0.027708
0.118228
0.086697
0.013908
0.018594
0.048945
0.050241
0.087722
0.019788
-0.003525
-0.186447
0.046522
0.222625
-0.139674
0.021463
-0.004312
0.128128
-0.046097
-0.036410
-0.246325
0.044311
-0.052826
-0.009021
0.143389
0.035451
0.014771
-0.119092
-0.270041
0.001183
-0.040733
-0.003603
0.013015
0.051971
-0.001454
0.127315
0.040308
-0.091890
-0.096611
-0.001927
-0.004340
-0.008436
-0.066246
-0.139453
-0.073471
0.094638
0.158714
-0.024090
-0.015709
0.046089
0.054955
-0.091993
0.035473
0.149180
-0.067676
0.033755
-0.044901
-0.077829
0.038660
0.071111
0.022963
0.133036
0.012577
0.096442
-0.022433
-0.009943
-0.183365
0.053078
0.091478
0.004405
0.015694
-0.054919
-0.004804
0.055030
-0.011331
-0.100483
0.040249
0.352604
-0.127736
0.021433
0.035158
-0.078125
-0.019496
0.063506
-0.090425
0.116885
-0.075287
-0.077207
-0.093275
0.040698
-0.085319
-0.055131
-0.192209
0.014281
-0.140977
-0.053610
-0.077148
-0.035024
-0.013604
-0.032498
0.060766
-0.056184
0.055436
0.033202
0.002130
-0.049830
-0.055117
-0.084173
-0.038643
0.086719
-0.062029
-0.099007
0.064915
0.060569
-0.009033
-0.009658
-0.069206
0.035216
0.083286
0.077486
-0.022116
0.018032
0.029608
0.010448
0.086312
-0.170127
0.072435
-0.056319
-0.031666
0.001863
-0.029978
0.016919
0.019842
0.009348
0.031082
-0.052859
0.006912
-0.076350
-0.043973
0.046105
-0.252632
-0.050490
-0.128290
-0.027891
-0.009993
0.119757
0.002378
0.061810
-0.059641
-0.002654
-0.033539
-0.102410
0.106077
-0.085563
0.010595
-0.015605
0.089047
0.046044
0.017548
-0.059827
-0.117135
-0.071285
0.071193
0.099056
-0.002574
0.029784
0.030419
-0.019211
0.150212
-0.008958
0.030722
-0.059556
0.011591
0.076730
0.050341
0.000261
-0.065538
-0.085925
-0.024020
0.014627
0.131510
0.031180
0.172432
-0.097881
0.070843
-0.097760
0.011194
0.123816
0.015825
0.008512
-0.057113
0.063712
0.051771
-0.162065
-0.048066
-0.141360
-0.003650
0.058957
0.027004
0.002789
-0.139059
0.061217
-0.010834
0.075488
-0.215703
-0.025258
0.090866
-0.145962
-0.045843
0.301836
-0.130293
0.016494
0.172700
-0.212727
-0.007931
-0.175484
0.054118
0.153364
0.129719
0.121803
0.067553
0.160061
0.218449
0.185558
-0.265528
-0.253286
0.285922
0.031847
0.219048
0.276085
0.111627
0.010438
0.309830
0.116925
0.109280
0.075080
0.001095
0.078322
0.152850
0.126416
0.216819
0.125688
0.011007
-0.055962
-0.035678
0.160141
0.249968
0.127117
0.005709
0.156668
0.048407
-0.019056
-0.066020
0.226730
-0.062387
0.005346
0.116055
0.025787
-0.318005
-0.246939
0.043899
-0.090417
0.193473
0.119680
-0.057338
0.144923
-0.167472
-0.054380
-0.023374
0.111061
-0.014188
-0.200852
0.001349
0.037065
-0.396054
0.163814
0.070855
-0.178931
-0.032041
-0.019022
0.021583
-0.187234
-0.073871
0.254092
-0.049197
-0.113256
-0.003350
-0.141804
-0.173777
0.184523
-0.032493
0.120579
-0.000472
0.031130
0.034755
0.054968
0.166109
0.109294
0.006239
0.110002
-0.061677
0.287107
0.122821
-0.049771
-0.133857
0.046062
0.035321
-0.078254
-0.223915
0.205570
0.156838
0.102929
-0.052616
-0.192884
0.005033
-0.015109
0.175076
0.021188
-0.067381
-0.027592
-0.037521
0.108799
0.084933
0.014863
0.042540
0.036428
-0.105460
0.098406
-0.052234
-0.021048
0.020971
0.037668
-0.123709
0.013908
-0.064866
-0.086072
-0.003516
0.096661
-0.074162
-0.006670
-0.047654
0.029436
-0.320813
0.027919
0.000577
-0.108581
0.099861
-0.212948
-0.066749
0.097112
0.024015
0.049735
0.048118
-0.000456
-0.002300
0.154926
-0.107673
0.010674
0.014117
-0.250163
0.162698
0.060175
-0.269595
0.120978
-0.083719
0.081906
0.065876
-0.023197
-0.053889
-0.067772
0.061669
-0.003162
0.002612
0.055450
0.043755
-0.090045
-0.004192
0.040702
0.089659
-0.246906
0.039410
-0.134538
0.062809
0.027434
0.056135
0.032757
0.118109
0.051871
-0.094312
-0.025219
-0.005192
-0.057368
0.084872
0.102876
-0.065881
-0.490615
0.068713
0.323535
0.099624
-0.090855
-0.185451
0.040970
-0.061091
-0.039714
-0.493441
-0.019331
0.014782
-0.005391
-0.016334
0.034369
0.134561
0.119087
0.160167
0.021922
-0.020818
0.129576
-0.112941
-0.326823
0.027777
-0.073714
0.078504
0.032119
-0.118755
0.066970
0.013630
0.021389
0.035741
-0.177569
0.040216
0.061671
-0.114145
-0.039331
0.106375
-0.099404
-0.041899
0.093569
0.038750
0.019867
0.024712
-0.027362
0.002459
0.007577
-0.081806
0.058748
-0.004777
0.232910
0.086965
-0.050520
-0.009058
-0.004512
-0.405803
-0.116796
-0.066723
-0.032733
0.038592
-0.015981
-0.011695
-0.131640
0.043747
-0.134894
0.135841
-0.057215
0.033523
-0.024911
0.004991
0.125492
-0.057427
0.004107
0.086182
-0.097257
-0.129056
0.077585
-0.072746
0.048659
0.027427
0.022809
0.095530
-0.007317
0.011018
0.058188
0.083433
0.126801
0.034996
0.022046
-0.040901
-0.068983
-0.076797
-0.221805
-0.043363
-0.040736
0.095449
0.108399
-0.113733
-0.087021
-0.113275
0.021797
0.070954
0.108566
-0.073000
-0.028051
0.036368
-0.052201
-0.060181
0.136976
-0.008289
0.059801
-0.037391
0.004964
-0.009046
-0.103212
0.011639
0.008076
0.068757
0.043794
-0.053678
-0.346667
-0.070887
0.158146
0.103088
0.089901
0.020638
0.000388
0.045396
-0.135795
0.084678
-0.104903
-0.008874
0.057595
-0.149836
0.043929
-0.001304
0.028756
0.049197
-0.036469
-0.064272
0.005987
0.043980
-0.050099
0.010390
0.122882
0.029520
-0.041037
-0.073761
0.045822
0.063666
0.132769
-0.165120
-0.027339
-0.075353
-0.007329
-0.067804
-0.210663
-0.094280
0.094310
-0.375810
0.038972
-0.031367
0.035338
0.169802
0.057426
-0.008462
-0.433832
0.023254
-0.057918
0.035356
0.046142
-0.054096
0.023285
-0.050465
-0.041037
-0.127326
-0.102060
0.086562
-0.494630
-0.023837
0.080079
0.071525
0.046771
-0.033032
-1.407548
-0.044665
-0.160260
0.086963
0.015010
0.061056
0.065998
0.028438
0.028745
-0.124559
-0.016046
-0.034453
0.077086
-0.043172
0.226287
-0.054987
0.060931
0.022141
0.030880
-0.298687
0.011246
0.106507
0.082779
0.014922
0.006079
0.106398
0.096850
-0.017020
0.077041
-0.100917
0.058256
-0.066638
0.033978
0.143804
-0.073025
0.189400
0.291371
-0.088028
0.153623
0.245362
0.104700
-0.028591
-0.068809
-0.044419
0.107408
0.126095
0.149752
0.139679
0.019659
-0.023041
-0.184366
0.075593
0.043338
0.064014
-0.045986
0.102515
-0.044870
0.048093
-0.026763
0.119336
0.090427
0.031794
-0.301536
-0.057719
0.033106
-0.138974
0.129470
0.023603
-0.047054
0.155027
0.244929
-0.175351
-0.074089
0.097998
-0.263674
0.028245
-0.058626
0.061777
-0.047977
0.025417
0.042981
0.067478
0.003089
-0.085371
0.008099
-0.080019
0.018017
0.065341
0.057618
-0.005319
-0.021384
-0.063121
-0.099923
0.127400
0.044608
-0.081997
-0.065446
-0.095560
-0.119805
0.082964
-0.036397
-0.171590
0.069989
0.029232
0.064571
-0.061104
-0.009003
-0.061055
-0.086225
-0.001308
-0.029560
0.064478
-0.044502
0.007798
-0.125225
0.025122
0.102171
-0.100517
0.065498
-0.003745
-0.010714
0.060117
-0.250173
0.061344
0.000105
-0.069654
-0.072578
-0.267840
-0.138482
0.021730
0.080698
-0.089168
-0.054050
-0.026764
-0.019905
-0.061650
-0.155512
-0.427226
-0.082195
0.028669
0.027501
-0.001585
-0.046983
-0.044549
-0.012213
0.014301
-0.042743
0.027482
-0.038650
0.082778
-0.008134
-0.084567
-0.086222
-0.000301
-0.359726
-0.037073
-0.091154
0.058331
-0.001803
-0.551095
-0.044405
-0.039330
-0.123665
-0.031843
-0.192739
-0.378674
-0.037756
-0.032176
-0.011276
-0.033238
-0.025313
-0.079094
0.008931
0.001400
-0.062774
0.061117
0.080693
-0.095057
-0.020489
0.077056
-0.025461
0.087670
0.019890
-0.075094
-0.100907
-0.037844
-0.189736
0.059626
-0.044177
0.041321
-0.017646
0.085097
-0.184510
0.029604
0.032843
-0.011338
0.082268
0.048534
0.053987
0.046896
0.047303
-0.046551
0.096544
0.076359
0.080493
-0.107424
-0.085659
0.026245
-0.067002
0.095322
-0.023933
0.054018
0.043781
-0.021172
-0.060906
-0.082996
0.102238
-0.029474
0.019685
0.043985
0.104215
-0.090505
0.002846
0.104796
-0.034131
0.040849
-0.036734
0.078736
-0.000301
0.012259
-0.058412
-0.009944
-0.066352
-0.079297
0.013002
0.005349
0.093347
-0.031737
-0.059642
-0.058659
-0.012382
0.041377
0.021675
-0.063309
-0.037428
-0.047108
0.118715
0.034915
-0.029539
0.106869
0.089305
-0.084437
-0.035164
-0.034559
0.039652
-0.007449
0.030890
-0.024107
0.036610
-0.094278
0.094925
-0.060003
-0.029958
-0.036716
0.122529
-0.040168
-0.027241
0.010029
0.089517
-0.115264
-0.098152
-0.106707
0.083588
-0.007515
-0.067343
0.043774
-0.026865
0.062133
0.001567
0.039180
0.059339
0.046125
0.039181
0.071919
0.047477
0.144834
-0.053855
-0.096205
0.153481
-0.069843
0.034737
-0.013560
-0.107762
0.007728
0.151753
-0.014959
-0.039661
-0.077709
-0.011607
0.028243
0.068811
-0.205924
-0.043726
-0.248454
-0.056901
0.021861
0.100007
-0.025643
-0.024165
-0.084025
0.015261
-0.442591
-0.067435
-0.029447
0.110482
-0.045453
-0.092147
-0.026289
-0.815295
-0.116348
0.070048
-1.399501
0.162571
0.033709
0.042044
0.058903
0.048054
-0.453178
0.006764
-0.017554
-0.042830
-0.022777
-0.055174
0.067861
0.023599
-0.043147
-0.047265
0.049842
-0.092209
-0.067145
-0.100211
-0.052000
0.123890
0.039036
-0.259215
-0.001743
-0.043080
-0.092856
0.087136
-0.005048
0.012552
-0.028890
0.061220
-0.048418
-0.030561
-0.035592
-0.000521
-0.075233
0.023186
0.023928
-0.006066
0.005524
-0.227362
0.088977
0.048144
0.008665
0.038211
0.025246
0.017351
0.028220
-0.030905
-0.047853
0.086053
0.104372
-0.075201
0.075555
0.002730
0.023537
0.252703
-0.025158
-0.013353
0.092238
0.036648
0.194946
0.162638
-0.050524
-0.020635
-0.022103
0.025176
-0.097597
0.061687
0.026868
0.065546
0.038956
-0.028670
0.174389
-0.013775
0.005787
-0.054180
-0.052539
-0.119710
-0.229695
-0.014046
-0.054700
-0.036895
-0.034019
0.002054
0.011080
0.168445
0.066486
0.019539
-0.019933
-0.049548
0.019520
-0.008192
-0.002915
0.118981
-0.006129
0.107765
-0.014554
0.051792
-0.104055
-0.088383
-0.139922
-0.006289
-0.007372
0.035892
0.125738
0.063441
0.064262
-0.009998
-0.029722
-0.034481
-0.037415
-0.033337
0.062700
-0.094212
0.086174
-0.231187
0.049291
-0.063291
0.091226
-0.146142
0.084061
-0.006127
-0.129201
-0.025563
-0.029704
-0.028351
-0.022705
0.056572
0.045928
-0.054186
0.058282
-0.039391
-0.068072
-0.065988
0.094110
-0.006375
0.132628
-0.060501
-0.289588
0.094008
-0.003917
0.055116
-0.017527
-0.069501
0.063688
-0.042392
0.012450
0.048064
-0.025644
0.075128
0.040772
0.025650
-0.029701
-0.002712
-0.038534
0.018682
-0.064400
-0.222259
-0.007295
0.020271
0.063766
0.106503
0.145315
0.085253
0.235518
0.002432
0.088255
0.146483
0.072159
-0.020468
-0.004154
0.011473
0.113237
0.036963
-0.014448
0.071442
-0.031261
0.089277
0.048781
-0.011260
-0.162063
0.116444
0.065294
0.020716
0.118222
0.101811
-0.034132
-0.053794
-0.096689
-0.064262
0.089762
-0.080736
0.106664
0.023211
-0.075231
0.036694
0.091467
0.056513
0.013908
0.021107
-0.005747
0.037325
-0.033028
0.163708
0.010142
0.102984
-0.021654
0.047795
-0.066079
-0.017595
0.025481
-0.145910
0.111763
0.137949
-0.044473
-0.028885
0.011629
-0.021249
0.096456
0.058004
0.091679
0.081162
-0.021938
0.112687
0.006980
-0.134952
0.073369
0.036025
-0.190864
0.105096
0.106491
-0.031900
-0.057503
0.073798
0.030438
0.073962
-0.126056
-0.345129
0.008513
-0.021774
0.101905
-0.043298
0.001584
0.049850
0.097934
-0.166256
0.178130
0.145342
-0.027687
-0.113512
0.059422
0.043431
-0.074416
0.210899
-0.302418
-0.055031
0.144189
-0.086256
0.125793
-0.115195
0.066128
-0.361762
-0.023059
0.175043
0.008506
0.034431
-0.029483
0.096280
-0.091299
0.200873
-0.179398
-0.055331
0.012104
-0.142171
-0.051766
-0.045271
0.148521
0.107829
0.106144
-0.067008
0.013853
0.089668
-0.002916
0.044427
0.032723
0.070485
-0.035927
-0.021233
-0.186652
-0.081329
0.078410
0.005801
-0.014715
-0.015228
-0.057321
0.023942
0.108957
0.079509
-0.001102
0.088644
0.041628
-0.066668
-0.027371
-0.128945
0.059619
-0.107283
0.223726
-0.467350
-0.037475
0.046595
0.002061
-0.141941
0.035935
-0.019763
-0.038562
0.022966
-0.218623
-0.044665
-0.071564
-0.010449
0.090982
0.090626
0.032335
0.006785
-0.009057
-0.010534
-0.046622
0.132013
0.112242
-0.007478
-0.081384
0.024478
-0.070757
0.203731
0.007443
0.007225
0.117585
-0.487869
0.014275
0.063197
0.170180
-0.038879
0.112150
-0.007374
-0.092287
0.037634
0.060987
-0.136552
0.100879
-0.021192
0.024631
0.249420
0.002313
-0.002313
-0.000811
0.195105
-0.036649
0.143095
0.175295
0.141591
0.278665
0.105894
-0.110651
-0.100056
-0.463399
-0.049467
0.008180
-0.110055
0.184286
0.171099
0.072685
-0.280362
0.189731
-0.030223
-0.000537
0.057958
0.127115
-0.118963
0.013364
-0.400607
-0.177671
0.155499
-0.088425
-0.018751
0.148897
0.200264
-0.072643
0.052537
-0.319705
-0.104999
0.160482
-0.054822
-0.012876
0.121265
0.007839
-0.045438
-0.046196
-0.114491
0.046781
-0.242992
0.061704
-0.142168
-0.104163
-0.113983
0.097721
0.349894
0.093914
0.038329
-0.114419
0.172705
-0.120349
0.182631
0.089544
0.187678
0.087335
0.066985
-0.101533
0.001254
-0.075328
-0.057488
0.108621
0.119245
0.062201
0.028139
0.064830
0.180039
-0.045232
0.046123
0.096564
-0.109352
0.056184
0.076519
0.104682
-0.028788
0.096553
-0.329634
0.089143
0.016260
-0.185561
0.060602
0.048980
-0.141020
0.056684
-0.138843
-0.212329
-0.046708
-0.121897
-0.022834
0.105480
0.022978
-0.460508
-0.146614
-0.095476
-0.029702
0.081702
-0.003495
0.012401
0.056398
-0.013279
-0.070960
0.007906
0.017634
-0.100534
0.056473
0.023113
0.075006
0.025949
0.094328
0.036080
0.079523
0.007415
-0.031101
0.024245
0.030948
0.049810
0.080808
0.008798
-0.023919
-0.093256
0.006702
0.034381
0.023425
0.043312
0.039436
0.088896
-0.084301
0.080538
0.021608
-0.052007
0.048812
0.061560
-0.079757
0.068328
0.028815
-0.092772
-0.011663
-0.112765
-0.037341
-0.029982
-0.022554
0.082748
-0.088250
-0.081147
-0.075527
-0.166344
-0.414393
0.000549
-0.079160
-0.062938
0.018622
-0.355608
0.007852
-0.047135
-0.068233
-0.034323
-0.072991
0.096662
-0.059814
-0.039051
-0.116810
-0.056163
0.011164
-0.027253
-0.085614
-0.021189
0.151906
-0.003251
0.134636
-0.009847
0.033820
0.012682
-0.113674
-0.074743
0.072278
-0.104617
-0.115405
-0.039433
-0.086091
-0.067814
-0.066156
0.046468
-0.028612
-0.006173
-0.029008
0.021902
-0.038817
0.023283
0.011877
-0.025183
-0.020418
-0.048801
-0.128599
0.038476
-0.035061
-0.043854
-0.053710
-0.020825
-0.088547
0.038157
0.025583
-0.091421
-0.022861
0.016320
0.134781
-0.046032
0.048280
-0.062699
-0.059345
0.019338
-0.039976
0.006598
0.040316
0.108812
0.155123
0.092459
-0.105313
0.057052
-0.003676
0.080147
0.043253
-0.096228
-0.110289
0.089577
-0.066457
-0.072100
-0.100568
0.095142
-0.052516
0.083811
0.043731
0.054903
-0.065951
0.035266
-0.003191
-0.056605
-0.031310
0.000080
0.017705
-0.067370
0.022277
0.017416
-0.022235
-0.080562
-0.022649
-0.115216
0.049670
0.072992
0.036325
-0.028936
0.082855
-0.028532
0.029125
0.063267
0.002013
0.057143
0.075377
-0.054965
-0.074224
-0.081009
-0.087797
0.164693
0.046927
-0.010378
0.018886
-0.035190
0.005846
-0.072971
-0.068180
-0.030894
-0.066081
-0.028051
0.038907
-0.051193
-0.049217
0.086604
-0.094100
0.062193
-0.138307
-0.088184
0.020146
-0.115306
0.091483
-0.009655
-0.059284
0.102309
0.064957
0.022588
0.005028
0.044459
-0.014270
0.066096
0.068698
-0.040628
-0.018140
0.013993
0.001264
-0.164792
0.098729
0.010626
0.082003
0.067675
-0.046582
-0.054113
0.114659
0.012446
0.068796
0.057820
-0.046831
0.068438
0.044468
0.116277
-0.084445
0.034110
-0.041700
0.018832
-0.037436
-0.030876
-0.015524
0.031445
-0.068463
0.046589
0.074856
0.036289
0.056845
0.125988
0.046844
-0.102136
-0.061526
0.042393
-0.020591
0.019824
0.093488
0.056602
0.072624
-0.027876
-0.075020
-0.134847
-0.088304
-0.082757
-0.765378
0.095464
0.036021
-0.396890
-0.035561
-0.079374
-0.010044
-0.016800
0.013784
0.017150
0.034209
0.121046
0.122344
0.028452
-0.050150
0.038650
0.033003
-0.028079
0.116943
-0.051221
0.082602
0.000276
-0.017901
-0.039074
0.068081
-0.036253
-0.226185
-0.302497
0.070255
-0.023270
-0.088469
-0.000790
-0.194158
0.133932
0.064035
-0.075271
-0.027453
-0.078691
0.020900
-0.032184
0.005546
0.038155
-0.234629
0.025723
0.097328
0.124668
0.069417
0.012565
0.086265
0.021188
0.046600
-0.006214
0.131753
-0.041260
-0.092833
0.035463
-0.048717
0.082551
0.006581
-0.013596
0.103428
-0.002504
0.075615
0.003143
0.106769
0.085228
0.103013
0.004063
0.032329
0.080597
0.078732
0.079264
-0.032007
-0.097085
-0.130326
0.021748
-0.070308
0.132396
0.039544
-0.139914
0.061004
0.094091
-0.055231
-0.055361
0.067906
-0.003520
0.107850
-0.082543
0.064704
-0.091029
-0.041444
0.032093
-0.227730
-0.045018
-0.065403
0.035408
-0.007533
-0.070444
0.005545
-0.064465
0.021002
-0.021234
0.007711
-0.040730
-0.000515
0.044918
0.010869
-0.085849
0.005797
0.083380
-0.060115
-0.024149
0.122671
-0.075748
0.034615
-0.014428
-0.050078
-0.127732
-0.089756
-0.023725
-0.039164
-0.200277
0.026551
-0.012668
-0.047867
0.031206
-0.195859
-0.019962
-0.011901
-0.011510
-0.127758
-0.206324
0.031426
0.088057
0.045554
-0.067982
0.064819
0.024740
0.059208
0.039891
-0.357012
0.061687
-0.025458
0.035237
0.069496
0.001211
0.036258
-0.035410
0.026174
0.015501
0.035566
0.119046
0.040945
0.037426
-0.040053
-0.113441
-0.099244
0.017249
-0.104682
-0.003368
-0.287017
0.027218
-0.010825
-0.034245
-0.043005
-0.128681
-0.020389
-0.142985
-0.012180
-0.121873
-0.089558
0.008055
0.001382
0.056597
0.032298
-0.033971
-0.024720
-0.079775
-0.066648
0.029030
-0.069629
-0.039147
-0.019653
-0.047918
-0.000683
0.080442
0.055659
0.058320
0.038256
0.020230
0.065067
0.030075
0.033228
-0.306271
-0.141861
0.031477
0.005772
0.015658
-0.082035
-0.004163
-0.050170
0.064881
-0.016610
-0.098052
0.075029
-0.036250
-0.059132
0.084615
-0.014065
-0.017313
-0.060284
0.037423
0.003549
-0.006475
0.018939
-0.084755
0.103360
0.004953
-0.038369
-0.005360
0.059376
-0.028251
-0.018699
0.000005
-0.066266
0.074229
-0.030387
-0.052263
-0.033302
-0.052347
0.016795
0.003944
-0.003648
0.107392
0.047702
0.041369
0.083443
-0.038041
-0.073257
-0.065345
0.005371
0.182246
0.040302
-0.124717
0.036735
-0.035018
0.026832
0.014669
-0.041393
0.041927
-0.019249
0.032683
-0.069593
0.019611
-0.118173
0.030262
-0.026540
-0.063234
-0.008032
-0.115951
-0.071749
-0.056944
0.032015
0.003805
0.013551
0.003759
0.003050
0.003155
0.054554
0.067800
0.020687
-0.088185
0.075629
-0.051165
0.017584
0.126783
0.098508
0.162283
-0.042556
0.125986
0.163898
-0.000875
0.119597
-0.055915
0.177456
0.088488
0.055896
-0.034765
-0.224794
0.012403
-0.026951
0.224515
0.249755
0.060922
0.007979
0.118462
0.057310
-0.096975
0.022972
-0.007965
-0.037905
0.061754
0.090037
0.024124
-0.101750
-0.098358
-0.219111
0.094247
0.036414
0.077796
-0.013784
0.014934
0.040256
-0.188209
0.085307
-0.169298
-0.026331
0.012037
0.091714
-0.139573
-0.055119
0.082340
-0.043817
-0.073477
-0.030217
0.014167
-0.007857
-0.349575
0.030129
-0.060691
-0.020260
-0.074640
-0.433625
0.113465
0.059364
0.048455
0.032145
-0.149711
0.087278
-0.034015
-0.094604
0.091134
-0.305964
0.014312
0.116054
0.052357
-0.208462
-0.040214
0.058710
0.016844
-0.159396
-0.086965
-0.179462
0.072822
0.021059
0.036763
0.035543
-0.047821
-0.122902
0.165749
0.109649
-0.074346
-0.124893
-0.021798
0.011766
0.069331
0.114998
-0.014560
0.116488
-0.007610
-0.107338
-0.097679
0.009190
-0.078858
0.146089
0.030368
0.093048
0.122879
0.046595
0.072474
-0.062392
-0.027626
-0.011548
-0.048615
0.007726
0.194183
0.140800
0.057491
-0.052468
0.128427
-0.029750
0.090661
0.041223
0.047140
-0.170189
0.009874
0.013893
-0.015393
-0.093870
0.077796
-0.028708
0.023543
-0.028534
0.046659
-0.066544
-0.113611
0.073398
-0.011978
-0.050246
-0.163811
-0.070358
-0.018073
-0.085816
0.033469
-0.032877
0.001890
0.110893
-0.227947
0.106979
0.036989
-0.053601
-0.091861
-0.426661
-0.085913
-0.059151
-0.245896
-0.008330
-0.104389
-0.071995
0.007737
0.033639
-0.036566
0.166335
0.007668
0.050583
0.029433
0.055127
-0.060797
0.066834
-0.022747
0.091755
0.068288
0.027735
0.115335
0.235788
0.064774
0.041452
-0.058160
0.032363
0.072135
0.117874
0.056914
0.002240
-0.047152
-0.075328
0.049010
-0.085428
0.034696
-0.300502
-0.020235
-0.046442
-0.124362
-0.053284
0.091225
0.132812
0.002041
0.118133
-0.215040
0.005605
0.001056
-0.128443
0.128356
0.091644
0.035037
-0.078186
-0.177652
-0.043757
0.111019
0.009737
-0.057298
-0.128120
0.042481
0.080345
0.026929
0.046502
-0.032908
-0.063337
0.008512
0.023924
-0.054905
0.011938
-0.033910
0.074841
0.115745
0.124617
-0.038633
-0.122231
-0.030273
-0.154224
0.093341
0.042830
-0.136710
0.147216
-0.005743
-0.004884
0.120022
0.090645
-0.050810
0.033235
0.030380
-0.006818
-0.088683
0.096865
-0.174225
-0.000760
-0.025464
0.012250
0.073841
-0.019041
0.074431
-0.050953
-0.050888
-0.120120
-0.052300
0.129420
0.042770
0.074208
0.086328
0.062784
0.049302
0.022135
-0.142300
-0.049749
-0.078191
-0.072398
-0.052046
-0.108276
0.049179
-0.121497
-0.165725
0.038662
-0.095018
-0.036665
0.077713
-0.160195
0.040798
-0.025840
-0.039641
-0.011758
-0.111265
0.066964
-0.133003
0.043752
-0.031098
-0.086575
0.025436
0.025212
0.120018
-0.064205
0.042817
0.046602
0.058947
-0.049538
-0.055276
-0.064522
0.000839
0.085985
0.013422
0.001013
-0.014345
-0.001777
0.045611
0.103052
-0.038389
0.074675
-0.009585
-0.019218
0.040472
-0.043069
0.012930
-0.029886
-0.026801
0.047923
0.006256
0.003723
-0.019057
-0.051916
0.053594
0.051281
-0.005296
0.009139
0.095531
0.013614
0.008640
-0.066139
0.030357
0.054063
0.146114
-0.084275
0.004864
0.065950
-0.086904
0.076728
0.047417
-0.000322
0.067813
0.016243
-0.013221
-0.086740
-0.139870
0.065192
0.098831
0.136034
-0.028033
0.083034
0.011531
0.154528
0.017463
0.029028
0.015855
0.018735
-0.084560
0.140349
0.051093
-0.143561
0.101442
0.063016
-0.028807
-0.026356
-0.005896
-0.005377
0.025013
0.035482
-0.033360
0.040423
0.008429
0.052261
-0.001820
0.085574
-0.046911
-0.059229
-0.076628
-0.183151
-0.002434
-0.008707
-0.084057
0.004787
-0.063492
0.053963
0.009065
0.051418
0.061713
-0.034927
-0.057480
-0.142875
0.030810
0.322252
-0.077673
0.090638
0.087093
-0.186110
0.030738
-0.171258
-0.017515
0.232405
0.068000
0.026254
0.198438
0.177272
0.023704
0.154648
-0.151427
-0.084297
0.230391
0.112767
0.176466
0.151107
0.073684
-0.008961
0.184824
0.173383
0.039073
0.016158
-0.004715
0.167714
0.228028
0.274155
0.233527
0.133521
0.012745
-0.161220
-0.017170
0.064636
0.238277
-0.027789
0.168660
0.123368
0.020609
0.051513
-0.069871
-0.048050
0.111678
0.059307
0.090424
0.093288
-0.357350
-0.167794
0.050019
-0.101849
0.159972
0.166684
-0.092996
0.087083
-0.038957
-0.248416
-0.091408
0.054374
0.089427
-0.189170
-0.001386
0.045102
-0.179864
0.227816
0.100552
-0.224243
-0.072270
-0.199866
0.062573
-0.126853
-0.012718
0.302520
0.109185
-0.063056
-0.251396
-0.135244
-0.328529
0.031184
0.058877
0.211627
0.091110
0.102863
-0.012149
0.059637
0.208893
0.191888
0.000249
0.277471
0.010444
0.168006
0.051021
-0.010055
-0.215580
-0.001819
0.039872
-0.146078
-0.309705
0.061142
0.168830
0.054717
0.102580
-0.163955
-0.005555
-0.009167
0.100787
-0.186858
-0.004610
-0.132830
0.099072
0.048016
0.118918
0.039375
-0.009402
-0.104238
-0.053856
0.056248
-0.085288
0.128402
-0.067310
0.006071
-0.073464
0.001320
-0.108933
-0.032208
0.098073
-0.012398
-0.037845
0.042545
-0.081077
0.009462
-0.395068
0.021398
-0.081023
-0.080728
-0.025846
-0.196163
0.043484
0.039380
0.016939
-0.178332
0.099933
0.008592
0.001094
0.078196
-0.007353
0.056744
0.024009
-0.389575
-0.057042
-0.029576
-0.440842
0.124142
-0.117786
-0.062886
-0.041661
0.005303
-0.005641
-0.116266
0.048161
-0.071687
0.019402
0.024646
-0.011760
0.016772
0.034045
-0.011366
0.103516
-0.153922
0.002889
0.121021
-0.039015
0.022425
0.056496
-0.056413
-0.018193
-0.014185
-0.176496
-0.043673
-0.050577
0.061314
0.031450
0.068695
0.044270
-0.561801
-0.062310
0.182735
0.082276
-0.054554
0.034448
0.042144
0.019358
0.002860
-0.520300
-0.016499
0.114470
0.150157
0.049844
0.108335
0.076418
0.134272
0.110462
0.081396
0.165726
0.127525
-0.146495
-0.260623
-0.046484
-0.075223
-0.041372
0.042121
-0.092235
0.023454
-0.037761
-0.087545
-0.080325
-0.014344
0.063122
0.031804
0.004301
0.062948
-0.008905
-0.082644
0.021069
-0.050904
0.013532
-0.125651
-0.032595
-0.080433
-0.001655
-0.001043
0.022653
0.100238
-0.088268
0.030252
0.063698
0.055714
-0.186281
0.027813
-0.486084
0.001951
-0.060949
0.040696
0.018122
-0.045970
0.066244
-0.031147
0.008105
-0.023295
0.180313
-0.139680
-0.001783
0.034532
-0.018346
0.048816
-0.014592
-0.016199
0.019041
-0.050557
-0.124992
0.091397
-0.083850
0.040875
-0.059121
0.136118
-0.016744
-0.104663
0.055553
0.139459
-0.032220
0.118337
0.162121
0.029586
0.048740
0.091457
-0.096396
-0.177613
-0.257723
0.049771
-0.025608
0.018984
0.019226
0.040611
0.020185
-0.045251
0.073012
0.092547
-0.075854
0.002380
0.074695
-0.105683
-0.130460
0.014234
0.008320
0.098791
-0.017088
-0.000702
-0.022703
0.185868
-0.071586
0.055169
0.083983
0.034573
0.072922
-0.162181
0.007192
0.024138
0.168577
0.043802
0.075572
-0.105957
0.093943
-0.219560
-0.006131
-0.052218
-0.067397
-0.017898
-0.091614
0.100104
0.025344
0.090340
0.064088
-0.027969
-0.004023
-0.022990
0.006418
-0.023514
-0.022386
0.221438
0.010972
-0.043663
0.009311
0.012279
-0.075286
0.020869
-0.063081
-0.067490
0.005712
-0.024950
-0.122135
-0.357020
-0.262142
-0.075185
-0.318454
0.042311
0.121462
-0.016605
0.060443
0.018223
-0.016481
-0.162521
-0.057352
0.005855
-0.044494
0.108206
-0.044450
0.033836
-0.037781
-0.081082
-0.132344
-0.008076
-0.023903
-0.297247
-0.042920
0.088272
-0.047438
0.039195
0.075521
-1.167222
-0.014126
-0.055123
-0.032559
-0.050845
0.057011
-0.105874
-0.051949
-0.024092
0.160783
0.042919
-0.132742
0.135667
0.016324
0.163881
0.037189
0.035961
0.023001
0.020527
-0.353919
-0.000085
-0.115103
0.182349
0.034444
0.080720
0.306496
0.152577
-0.112383
0.140676
0.002473
0.036647
0.146489
0.151002
0.082362
0.026052
0.114090
0.283127
-0.019085
0.034733
0.147591
0.032819
-0.087325
-0.045358
0.060820
0.153943
0.052913
0.070577
-0.009088
0.002799
0.052841
-0.116188
-0.052169
-0.058464
-0.037672
0.080981
0.138645
0.068666
0.097399
-0.007346
0.266999
-0.019842
0.002073
-0.204644
-0.044321
-0.012526
-0.068039
0.067695
0.039234
0.040535
0.075891
0.220455
0.071143
-0.101011
0.063746
-0.264132
0.050826
-0.055823
0.082949
0.021974
0.011463
0.041977
0.131927
-0.090723
-0.017511
-0.034189
0.038199
0.048433
-0.057823
0.016192
0.060771
-0.009590
-0.036306
-0.119392
0.088418
-0.085061
0.061195
-0.001032
0.008952
-0.081509
-0.097579
-0.083243
-0.071613
-0.079773
-0.007118
0.003048
-0.004771
-0.082119
0.078854
-0.087920
0.084110
0.010554
0.042163
0.020112
0.050384
-0.084910
-0.017351
-0.100861
0.002142
0.079844
-0.056163
0.083857
0.032319
-0.108796
0.079345
0.094657
0.054175
-0.002512
-0.274382
-0.090351
-0.017848
-0.081275
-0.019408
0.004591
-0.079264
-0.009027
-0.066817
-0.120298
-0.036629
-0.084021
0.033484
-0.072089
0.095381
-0.084806
-0.016504
-0.014700
-0.058707
-0.017811
0.186261
-0.032379
0.026674
0.039743
-0.118229
-0.111510
0.034195
-0.269349
0.080863
-0.028499
0.053352
0.068047
-0.129143
0.028140
-0.011555
-0.068832
-0.048386
-0.093157
-0.565329
-0.109958
-0.011493
-0.096384
0.057581
-0.047624
-0.074940
-0.107303
0.020325
-0.016429
0.070708
0.059784
0.096606
-0.035746
-0.032832
0.042109
0.057357
0.051874
0.051161
0.011151
0.069271
0.054759
0.062732
-0.036768
0.063748
-0.053988
0.054922
-0.015843
-0.032707
-0.079035
-0.010881
-0.085953
0.018029
0.020790
0.047793
0.017168
0.003303
0.149819
0.054535
0.078760
0.078515
0.059735
-0.072630
-0.004171
-0.096100
0.056698
-0.030809
-0.084999
0.083153
-0.051607
0.083109
0.072550
0.042371
0.047891
0.066206
-0.096347
0.009890
-0.017706
0.084155
0.054577
0.031225
0.053702
0.043375
-0.078176
-0.049201
-0.001403
-0.129392
-0.032239
-0.004705
0.026091
0.024383
0.081975
-0.049557
-0.041176
-0.006787
-0.106964
-0.059629
-0.125826
-0.074603
-0.103187
0.060826
-0.074103
-0.053376
0.015487
0.070285
-0.099970
-0.037125
-0.001023
-0.044982
-0.036831
0.037042
0.098392
0.008123
-0.073491
0.026239
0.062012
0.014647
0.092426
-0.053476
-0.070364
0.136555
0.013851
-0.014902
0.138455
-0.083709
0.009665
0.090756
0.090177
0.000635
-0.001298
-0.098266
0.021174
-0.044777
-0.020020
-0.057278
0.075516
0.085913
-0.037607
-0.080549
0.052138
0.073397
0.028588
-0.003846
0.212924
-0.021657
-0.096161
0.024545
-0.012007
0.023020
0.160704
0.024004
0.018845
-0.031936
-0.061989
0.034175
0.055281
-0.296143
-0.037727
-0.184964
0.135064
0.017623
0.154552
-0.185374
-0.037869
-0.009585
0.149621
-0.243025
-0.022215
-0.096288
0.023075
-0.061754
-0.574084
-0.041230
-0.857225
-0.122307
0.152334
-1.464289
0.159039
0.156441
0.016744
0.021145
-0.032876
-0.309659
-0.035629
0.020009
-0.111213
-0.027664
-0.044544
0.010509
0.072829
0.059031
-0.037974
0.200169
0.022940
0.000234
-0.268839
-0.109311
0.110677
0.065538
0.007136
-0.015262
0.054271
-0.016530
-0.028021
-0.071068
-0.080836
0.029849
0.020663
0.012455
0.143849
-0.214341
-0.011569
-0.061056
0.032896
-0.053866
0.068183
0.025995
0.034879
0.084308
0.008096
0.006767
-0.029311
-0.042461
0.037529
-0.030072
-0.164755
0.041475
0.015466
0.155248
-0.344656
0.011379
0.031164
-0.072565
-0.076534
0.064961
-0.058296
-0.029625
-0.028077
0.167133
0.135119
0.100245
-0.088234
-0.087693
0.015720
-0.082979
0.079186
0.021777
-0.018001
0.033126
-0.023649
0.112551
0.021274
-0.159775
0.019534
0.129655
-0.133000
-0.126491
-0.019946
0.030116
0.030424
0.048868
0.000015
0.034913
-0.044006
0.176079
0.062153
-0.046299
0.078572
0.064060
0.017615
0.006934
-0.045183
-0.019003
-0.063824
0.062696
-0.032871
-0.002992
-0.052032
-0.007410
0.017775
0.022212
0.059536
-0.098549
-0.104909
-0.144960
-0.124804
0.052267
0.062128
-0.073853
-0.118556
0.090454
-0.030031
0.029460
-0.002153
-0.014652
-0.078767
0.025706
0.028979
-0.016108
0.070970
-0.098418
0.025956
0.056439
-0.029542
0.036732
-0.055642
0.075562
0.027572
-0.075687
-0.039892
0.084482
0.090039
0.091674
-0.095418
0.021947
0.020535
-0.174451
-0.052115
-0.065235
0.148049
0.037848
0.023687
-0.096448
-0.016088
-0.016757
-0.010467
-0.005947
0.058286
-0.070603
-0.031558
0.024730
-0.082338
-0.000925
0.068022
-0.127188
-0.078463
0.070839
0.144620
0.029183
0.048658
0.212115
0.057157
-0.031673
-0.016221
-0.049014
0.054846
0.085315
0.034918
-0.016046
-0.196006
0.123396
-0.039442
0.095575
-0.051942
-0.067806
0.017157
0.042886
-0.008597
-0.110404
0.032715
-0.043980
0.112028
0.148872
0.098399
0.008827
0.025439
-0.051068
-0.019956
0.188551
-0.092745
-0.032975
0.030386
-0.246032
-0.045776
0.033508
-0.026279
0.029716
-0.063223
0.045993
-0.088932
0.150081
0.057907
0.036303
0.090368
-0.138580
-0.040855
0.024073
-0.150580
-0.085479
0.093580
-0.015627
-0.000405
0.007555
-0.111742
0.218452
0.009178
0.127351
0.292487
-0.099333
-0.030139
-0.209925
0.060606
0.139916
0.175090
0.254067
-0.106372
0.039873
-0.044908
0.057447
0.162749
-0.152586
-0.043071
0.174136
0.064097
-0.095393
0.044417
-0.161912
-0.099208
0.138611
0.202009
-0.005101
0.026540
0.068642
0.038626
-0.010742
0.060931
0.012737
-0.003687
-0.062732
0.020144
-0.097154
0.155234
0.142423
-0.062456
-0.065049
0.015417
0.048631
0.018025
-0.060413
-0.024680
0.044606
0.089231
-0.024207
-0.060020
-0.117352
0.069592
0.049448
0.153784
-0.441892
-0.098548
0.058845
0.029596
0.015791
0.056905
0.027617
-0.155326
0.209025
0.034179
0.143788
0.110443
0.046622
0.062059
0.040412
-0.104048
0.009092
-0.145583
0.079043
0.009260
0.031702
-0.027025
0.073676
-0.001261
-0.065415
0.104967
0.072838
0.088952
-0.091337
0.090214
0.035431
0.168027
-0.043869
-0.201770
-0.004276
0.074791
0.094290
-0.173267
-0.062730
0.051980
-0.055512
-0.068677
-0.099277
0.046484
0.073795
0.058945
-0.091214
0.041987
0.100778
0.041811
-0.007247
-0.014158
-0.049677
-0.172385
-0.005864
0.025118
-0.001482
0.061431
0.096639
-0.134977
-0.143073
0.173006
0.119300
0.273729
-0.051274
-0.075749
0.118774
-0.142759
0.017282
0.020912
0.009156
-0.104993
0.194754
-0.066520
-0.050983
0.117847
0.078250
0.126833
0.086217
-0.159933
-0.039181
0.128797
-0.155250
0.176149
0.088981
-0.086222
0.256358
0.073865
0.176203
0.162680
0.080928
0.036399
-0.110873
-0.017855
0.008654
0.130463
0.235206
-0.044354
0.114099
0.241874
-0.272125
-0.183625
0.126733
-0.032648
-0.110345
-0.086565
0.002314
0.063134
0.051426
-0.155609
-0.440200
0.014623
-0.045439
0.097233
0.056111
-0.084252
-0.039445
-0.051708
-0.220659
-0.163871
0.028627
0.053206
0.154819
0.065859
-0.153072
-0.039993
-0.015663
-0.111281
0.223809
-0.090357
-0.062709
0.020956
0.064133
-0.016305
0.066716
0.028588
0.120019
0.105209
0.136779
0.162541
0.185427
0.108726
-0.040234
0.066375
0.052083
-0.102665
0.076476
0.041390
0.112067
-0.165064
0.151383
0.140812
0.036415
0.180768
-0.039367
-0.019922
-0.210289
-0.107710
-0.004453
-0.038790
0.012185
0.180660
0.134383
0.108984
0.007131
-0.245077
0.014977
-0.068385
-0.134619
-0.030857
-0.063865
-0.024784
-0.059436
-0.027753
0.030364
-0.092167
-0.061158
0.014303
0.037047
0.044453
-0.541664
-0.271709
0.056554
0.007959
0.067272
-0.024018
-0.086692
0.053096
0.057201
-0.190859
-0.201061
0.084024
0.031655
0.046947
0.006025
-0.104006
-0.055750
-0.036948
0.043636
0.033898
0.004557
-0.200668
0.070948
-0.068336
0.061216
-0.032982
-0.095009
-0.070424
-0.138105
0.081695
-0.088222
-0.019242
0.049171
-0.166083
0.046298
-0.017309
0.018266
-0.061572
-0.014766
0.047110
-0.029031
-0.009404
-0.115331
-0.037104
-0.055516
-0.021497
0.066411
-0.096276
-0.056116
-0.042417
0.041831
-0.036627
-0.081798
-0.035228
-0.008124
-0.086428
0.028848
0.082189
-0.034940
-0.137722
0.271403
0.014063
0.019219
0.046579
0.047120
-0.058196
-0.060064
0.044288
-0.053634
-0.687154
-0.011349
0.039608
-0.089432
-0.031893
0.054316
0.098319
0.140093
-0.005660
0.069472
0.049942
-0.068763
0.061128
-0.238676
0.257606
0.114949
0.003609
0.069001
-0.110681
-0.007895
-0.037844
-0.007461
0.052983
0.057157
-0.118216
0.070493
0.020543
0.138633
0.034917
0.052692
0.021237
0.097589
-0.153485
-0.177951
-0.026225
-0.080269
0.023014
-0.024764
-0.039826
-0.056599
0.031381
0.010077
-0.071901
-0.063859
0.011413
0.012550
0.045397
-0.020841
0.004959
-0.065961
0.030403
0.031069
0.038272
0.197331
0.088262
0.087664
-0.010356
-0.030621
0.048452
0.152700
-0.029412
0.057714
0.201693
-0.008955
-0.005135
-0.147580
-0.054167
0.087450
-0.204791
-0.140586
0.039032
-0.056205
0.034020
-0.076625
-0.086993
0.041441
0.038804
0.042616
-0.031948
0.012340
-0.062290
-0.078295
0.099768
0.028040
0.077502
-0.021680
0.088975
-0.107316
0.029568
-0.095265
-0.024116
-0.033083
-0.010881
0.060759
-0.037366
0.084762
-0.010128
-0.024558
-0.028149
-0.023577
-0.182743
-0.014460
0.042532
-0.087082
-0.050922
-0.035558
-0.087383
0.049669
-0.072093
-0.017596
-0.028798
-0.080682
0.048490
-0.034707
0.046297
0.024396
-0.095731
0.094878
-0.213477
0.017195
0.043418
0.033880
-0.047642
-0.135144
-0.037533
-0.048563
0.118027
0.069455
0.094698
-0.086386
-0.136149
0.107775
-0.029843
-0.001037
0.054060
-0.053437
-0.062058
-0.046500
0.021225
-0.011333
0.055459
0.103870
-0.002427
-0.076185
-0.044404
0.053267
0.067910
0.083198
0.019306
0.069315
-0.301259
-0.050424
0.053525
-0.063194
-0.048993
0.062919
0.029373
-0.037864
-0.107480
0.023894
-0.000247
0.060571
-0.080801
-0.004217
0.085701
-0.265987
-0.040398
-0.086447
0.103141
0.160537
-0.025488
-0.040266
-0.018760
0.101227
0.106503
0.071543
-0.023689
0.038020
0.040692
-0.091929
-0.248531
0.092062
0.067705
-0.226446
0.013048
0.065370
-0.067966
0.078528
-0.003560
-0.524748
-0.069221
-0.054151
-0.188629
0.048874
-0.073989
0.008403
0.018433
0.040257
0.073044
0.024264
0.031339
0.033451
0.064159
-0.034236
-0.013109
-0.225964
-0.279079
-0.086887
0.130566
0.056900
-0.091387
-0.064269
-0.131704
-0.044091
0.007745
-0.008587
-0.145103
0.040638
-0.086084
0.015918
0.075840
0.122249
0.015676
0.071749
0.057437
0.001341
0.093230
-0.045185
-0.044537
-0.081851
0.058393
0.000867
0.032487
0.008467
-0.000194
-0.079750
-0.011472
-0.036887
0.021187
0.019408
-0.270255
-0.011567
0.121578
-0.018822
0.056125
0.060859
0.046000
0.068411
0.025299
-0.027995
0.034598
0.134046
0.043130
-0.051328
0.017302
0.035193
-0.045768
-0.027564
-0.001900
-0.120525
-0.097931
-0.208448
0.019100
0.056604
-0.036712
0.150888
-0.079106
0.095868
-0.050895
0.082528
-0.020384
-0.056515
-0.289091
-0.069622
-0.017841
0.049200
0.008077
-0.065191
-0.077940
-0.096460
-0.004095
-0.052239
0.050613
0.048932
-0.038893
-0.136708
-0.034461
0.048548
0.024892
0.097246
0.003205
0.006628
-0.019901
0.012991
-0.105188
0.033467
0.078103
-0.082997
-0.083083
0.007784
0.074540
-0.209873
0.034697
-0.002777
0.076531
0.081873
-0.141819
-0.026842
0.094176
0.057721
-0.010558
0.051097
-0.055418
-0.093558
0.053699
-0.176161
0.009720
0.075806
0.136194
0.080625
-0.428120
-0.013001
0.012884
-0.034242
0.012018
-0.072776
-0.065440
0.003875
0.024518
-0.041412
-0.073815
-0.041354
0.014936
0.050352
-0.050097
0.008373
-0.018242
0.012723
0.029629
0.004168
-0.216578
-0.007598
0.014763
0.045765
-0.082374
0.098441
-0.100424
-0.009637
0.099499
0.116475
0.005858
0.015769
0.068212
-0.105877
-0.080065
-0.006095
-0.061177
-0.004682
0.141733
0.008831
-0.456737
0.006761
0.194169
-0.050595
-0.053422
0.041631
-0.009847
-0.011970
-0.625015
0.052151
0.096421
0.044538
0.034204
-0.281712
-0.061626
-0.019437
-0.073622
0.018314
-0.029675
0.069574
0.036079
-0.018673
-0.095043
-0.009451
0.003720
-0.105460
-0.018497
0.034658
-0.053379
0.001992
-0.000359
-0.038164
0.066659
0.082788
-0.021487
0.046388
-0.002979
0.045798
-0.061788
-0.057597
-0.140836
0.049770
0.052670
0.013331
-0.078696
0.128117
-0.112097
-0.156359
0.079048
-0.084871
0.030625
0.053599
-0.017353
0.005563
-0.044565
-0.120033
0.060198
0.030651
-0.139721
-0.039384
-0.101995
-0.052425
-0.046317
0.019519
0.112947
0.059943
-0.070058
-0.022275
-0.104478
0.114929
0.139765
0.057307
-0.041243
0.030199
0.182572
0.063952
-0.072847
-0.002709
-0.108934
-0.053380
0.070669
0.049450
-0.074657
0.008344
-0.034318
-0.014474
-0.061817
0.207210
0.099209
0.084123
0.070521
-0.231199
0.073559
-0.014583
0.106964
0.200468
0.108057
0.161170
0.053300
0.059732
0.134375
-0.025615
-0.012804
0.019012
-0.043100
-0.060488
-0.034579
-0.111756
0.065136
0.102072
-0.059483
0.005539
0.048813
0.028629
0.126643
0.221107
-0.051151
0.028655
-0.147747
-0.031709
0.009643
-0.064765
0.002929
0.028607
-0.119046
0.283150
0.001282
0.041923
-0.050798
0.059013
0.150936
-0.109955
0.036971
-0.294981
0.128346
-0.304417
0.040153
0.016880
-0.038965
-0.012072
-0.114099
-0.286924
-0.185202
-0.163243
-0.023513
-0.075239
0.070801
-0.410423
-0.067212
-0.071706
0.212806
0.016229
-0.135741
0.017012
0.087822
0.101032
0.094650
0.082922
0.056368
0.107681
-0.024323
-0.036192
0.043216
-0.038943
-0.056153
-0.226451
-0.239335
-0.146329
0.005243
-0.024581
-0.070681
0.131913
-0.037705
0.141495
-0.014139
0.022334
0.117290
-0.146002
-0.018148
0.234534
0.049811
0.187594
-0.187726
0.128387
0.069707
-0.200742
0.052848
-0.064684
0.180592
-0.027344
0.167958
0.055557
0.097679
-0.031456
0.101649
-0.090660
0.127098
-0.012238
0.122558
0.074315
0.030636
-0.038391
0.084961
-0.036168
0.042736
0.152423
0.071667
0.090550
0.080295
0.069911
0.005138
0.090809
0.095966
0.100397
-0.097638
-0.428583
-0.097267
0.049550
0.013426
-0.025723
-0.063501
-0.043913
-0.016916
-0.010586
0.004717
-0.255005
0.055481
-0.065776
-0.060405
-0.122687
-0.125006
0.085291
0.175093
-0.076856
-0.080734
0.021970
0.065542
-0.369830
0.083513
0.090625
-0.024836
0.060734
-0.373665
-0.005578
0.099787
-0.081399
0.011201
-0.057312
0.065583
0.028948
0.079368
-0.024791
-0.029935
0.059629
-0.023013
0.055542
0.033111
0.014458
0.070487
0.122685
0.061236
0.021878
-0.054370
-0.039231
-0.098939
0.031270
-0.002714
0.035063
0.080781
-0.031152
-0.093715
-0.003533
-0.064379
-0.089935
0.032579
0.031065
0.064126
-0.073430
0.123112
-0.056784
0.215645
-0.070361
-0.052228
-0.076005
0.095118
0.044294
-0.005201
-0.145793
-0.032116
-0.036804
-0.097201
-0.027892
-0.009464
0.096342
-0.128196
-0.162828
0.131821
0.065807
0.015916
-0.131575
0.034339
-0.016609
0.079930
-0.088596
0.005252
0.062753
-0.055814
0.088522
-0.059967
0.108176
-0.080036
-0.047847
0.070041
-0.000081
0.107806
0.037113
0.037736
-0.052610
0.053057
0.027585
0.118829
-0.042013
0.189964
-0.077397
-0.026223
0.068436
0.090487
0.000228
-0.149191
-0.024110
0.129360
-0.017431
0.050977
-0.250550
-0.041756
0.037127
0.036697
-0.025952
-0.078521
0.029147
-0.016122
-0.068888
0.025078
-0.025855
0.109820
-0.101522
-0.078911
-0.140667
-0.026776
0.065055
-0.057559
-0.159767
0.108741
-0.022552
0.022399
-0.060329
-0.047379
-0.016989
-0.042906
-0.017785
0.049627
-0.077145
-0.080412
-0.035345
-0.097275
-0.031359
0.038110
-0.029463
-0.127059
0.048596
-0.053205
0.035505
-0.007191
0.095647
-0.026159
0.015708
-0.029550
-0.076673
-0.036873
-0.053581
0.039066
-0.071596
0.127178
0.016968
-0.009627
0.000936
0.118180
-0.095061
-0.066191
0.066112
0.042231
-0.044744
-0.061223
0.059845
0.048919
0.023753
-0.003747
-0.068018
-0.081067
0.005945
0.040434
-0.036400
-0.078309
0.104462
0.038855
0.016604
-0.003378
0.142684
-0.051831
-0.101250
0.099616
0.072467
-0.110587
-0.093748
-0.039827
-0.016707
0.052972
0.035135
-0.141281
0.164704
0.030174
0.112537
0.051504
0.018470
-0.004252
0.024490
0.031027
0.035997
-0.023746
0.058787
0.001470
-0.078360
0.039997
0.020903
0.012998
0.020927
0.093231
0.099172
-0.027239
-0.054178
-0.007581
-0.012951
0.107589
0.045609
-0.013171
0.053228
-0.042584
0.090196
0.042942
0.179787
-0.111652
0.028242
-0.073326
0.041215
0.029520
0.014926
0.009164
-0.030395
-0.005688
0.049071
-0.010150
-0.065875
0.013924
-0.127045
0.138867
0.086802
-0.055650
-0.014385
-0.024858
-0.125410
0.038550
-0.088106
-0.042542
0.019376
-0.204400
0.042836
0.184312
-0.034945
0.039493
0.151914
-0.084280
0.090128
-0.134148
0.171062
-0.064287
0.012978
0.000237
0.089389
0.089926
0.189853
-0.000779
0.057579
-0.221985
0.242014
0.110299
0.109130
0.286177
0.158503
0.091973
0.177513
0.172167
0.006645
0.092563
-0.156442
0.089491
0.124575
0.105510
0.237746
0.017444
-0.019875
0.120795
0.199028
0.113541
0.215123
-0.015368
-0.043232
-0.072966
0.040366
-0.037092
0.071563
0.208518
0.076136
-0.014468
0.170902
0.024619
-0.329873
0.011940
0.083337
-0.135249
0.144677
0.036903
-0.175433
0.086726
-0.224279
-0.221962
-0.065243
-0.009244
0.052807
-0.579985
0.097842
0.059298
-0.244606
0.199991
-0.011475
-0.205447
0.046366
0.028666
0.096306
-0.165382
-0.774022
0.342947
0.157360
0.026104
0.121207
-0.026984
0.015657
0.206056
-0.001809
0.047744
0.082825
-0.070765
0.065764
0.154470
0.144885
-0.207837
-0.073791
0.118995
0.073925
0.186620
0.098917
-0.150405
-0.515343
-0.018505
0.031879
0.077055
-0.008517
0.151638
0.107380
0.137417
0.083652
0.068814
-0.027581
-0.020322
0.155582
0.002260
0.019527
-0.035888
-0.097783
0.095266
0.179931
0.025293
-0.017097
-0.027116
-0.038912
0.057058
-0.089298
0.022750
-0.066863
0.122801
-0.011473
0.073903
-0.116917
-0.025772
0.001150
0.024149
-0.154176
-0.012653
-0.105264
-0.049564
-0.348041
-0.060320
0.003498
0.010313
-0.008714
-0.128449
0.060938
0.042369
0.094146
0.073265
-0.015285
0.107959
-0.035025
-0.063767
-0.082572
-0.010465
-0.062324
-0.029959
0.040064
-0.004079
0.062329
0.036940
-0.042146
-0.008233
0.041608
0.071071
0.101721
0.183455
-0.034505
-0.004657
-0.033989
-0.030223
0.070095
0.141211
0.024368
-0.024483
0.108696
-0.086878
0.084293
0.175584
0.039526
-0.002925
0.053443
-0.008904
-0.014871
-0.062608
0.051156
0.088617
0.037939
0.038394
0.064985
-0.020670
-0.075123
-0.190391
-0.030689
0.338349
0.096524
-0.015668
-0.508930
-0.037667
0.116451
-0.055352
-0.567062
0.034517
0.046185
0.103147
-0.037861
-0.007906
0.184743
-0.078742
0.058830
0.138952
-0.006582
0.051441
-0.124846
-0.175881
-0.027780
-0.122636
0.071307
-0.052311
-0.020470
0.023349
0.017311
0.098663
0.128276
-0.018060
-0.068510
-0.054084
-0.191536
-0.063247
-0.031687
-0.127943
0.045321
0.045764
0.064961
0.089275
-0.013601
0.054880
-0.093763
-0.049381
0.040962
-0.012161
-0.129516
-0.058647
-0.048608
0.041359
0.014458
-0.062776
-0.253011
-0.008226
-0.058436
0.075507
0.003052
0.034335
-0.009166
-0.181859
0.017959
-0.144597
-0.016338
-0.204070
-0.033892
0.092058
-0.130394
0.084768
0.053998
0.056825
-0.034428
0.026795
-0.071223
0.061642
-0.046468
-0.007597
0.001640
-0.020553
0.078461
-0.016978
-0.088323
-0.039168
-0.032113
-0.054872
-0.038773
0.028833
-0.037350
-0.012848
-0.053540
-0.086234
-0.110608
0.122345
-0.031236
0.027257
-0.043990
0.053685
0.042013
0.007975
0.032160
0.030980
0.010818
0.079175
-0.050441
-0.012270
0.011945
0.189420
0.041464
-0.039362
0.017808
-0.069654
0.025249
-0.328435
0.081223
0.077909
-0.017875
0.039235
-0.134862
-0.362283
-0.019901
-0.009388
-0.026847
-0.055756
0.067962
0.081982
-0.002290
-0.048247
0.027106
-0.071922
-0.032888
0.119514
-0.260532
0.009785
-0.112410
0.021544
0.135237
-0.044543
-0.057530
0.091203
-0.067634
0.062390
0.023437
0.063705
0.031855
0.059872
-0.125115
-0.062155
-0.021513
0.016341
-0.208317
-0.171265
0.095860
0.018855
0.003927
-0.106256
-0.366623
0.118079
-0.328685
0.038496
-0.049539
0.014198
0.046649
0.115605
0.078599
-0.525749
0.147430
0.011779
-0.021493
-0.008940
-0.004563
0.068423
0.046855
0.044682
-0.090002
-0.084026
-0.040030
-0.450502
0.035479
0.048264
-0.035691
0.078810
0.023465
-0.856217
-0.137918
-0.153318
-0.042520
0.074748
0.017868
0.017575
0.043601
0.083145
-0.127683
-0.087602
-0.127566
0.115634
0.061475
0.070528
0.036819
0.125096
0.026934
-0.018188
-0.199174
0.041007
0.111498
0.027690
-0.030115
-0.056148
0.110601
0.073031
0.080584
0.043707
0.095914
-0.053936
-0.019988
0.022316
0.061904
0.071956
0.052670
0.091684
-0.042866
0.143492
0.021114
-0.024514
0.059574
0.109647
0.211515
0.152325
0.157152
-0.209326
-0.046458
0.057545
0.276904
-0.008939
-0.008350
0.109494
-0.078297
0.026178
0.013098
0.071187
0.045139
0.057619
0.124076
0.055218
-0.038620
0.067767
-0.064669
0.169233
-0.139406
-0.044836
-0.160519
0.063654
0.051867
-0.023794
-0.261758
0.009253
0.003318
-0.354002
-0.009644
-0.020721
-0.072722
-0.031888
0.044574
0.031624
-0.011805
-0.029920
-0.009471
-0.017323
0.009601
0.007578
0.021688
-0.052955
-0.048999
0.027400
-0.098864
-0.055952
0.050079
-0.199545
-0.020431
-0.013477
-0.068389
-0.148001
0.118862
0.043894
-0.088536
0.067283
0.117620
0.002518
-0.010810
-0.003135
-0.091128
0.031904
0.008244
-0.091487
-0.024611
0.057841
-0.083701
-0.371305
0.055168
0.144340
-0.054272
0.098058
-0.047083
-0.025523
-0.059577
-0.591342
-0.064217
-0.067353
-0.028703
0.091631
-0.452700
-0.179673
-0.031613
-0.077928
-0.071866
0.077333
0.072951
0.004405
0.079123
-0.039635
-0.551086
-0.122852
0.075253
-0.003049
-0.135777
-0.028806
-0.085189
0.051569
-0.006843
-0.060954
-0.029427
0.006136
0.096947
0.039354
-0.054155
-0.052921
-0.048553
-0.102220
-0.081956
-0.042268
-0.040793
0.016834
-0.209289
0.015340
0.064118
-0.163556
-0.011190
-0.093093
-0.357954
0.011158
-0.015807
-0.047272
0.045885
-0.058431
-0.038674
0.077723
-0.034650
-0.186187
0.000484
-0.041966
-0.076097
0.003790
0.105703
-0.028986
0.120822
0.088897
-0.040215
0.022129
0.018965
-0.088693
0.095823
-0.083463
-0.010327
0.003890
0.028463
-0.052094
-0.035062
0.049525
-0.115055
-0.009522
0.032481
0.038512
0.001722
0.048579
-0.001289
0.025536
0.138257
-0.059156
-0.154459
-0.062499
0.020866
0.069327
-0.144066
0.078508
0.061816
0.056651
-0.061066
-0.071608
-0.074782
-0.076354
0.098191
0.106520
0.086549
0.030551
0.010074
0.151949
0.035921
0.011471
0.046139
-0.046111
0.106841
0.060104
0.009661
-0.043711
0.114325
-0.008206
0.001717
-0.027829
-0.084413
-0.072704
-0.036404
-0.083305
-0.016867
0.057406
-0.075965
-0.162658
0.079635
-0.061108
-0.067282
0.096628
-0.055559
0.045076
-0.034890
0.005938
-0.010176
0.097933
0.028258
-0.054019
0.017647
0.025369
0.051005
-0.072271
0.008984
0.040533
-0.090473
-0.009142
-0.032468
0.092150
0.120542
-0.041580
-0.021594
0.103649
-0.070932
-0.004610
-0.045566
0.025585
-0.065676
0.062967
0.180894
-0.045513
-0.197970
0.056054
0.008159
0.054665
0.058381
-0.024450
-0.008116
0.003197
0.212264
-0.001294
-0.134008
0.251865
-0.120558
-0.051106
-0.110418
0.000483
0.026342
0.100184
0.068896
-0.004499
-0.171425
0.048821
0.046667
-0.022960
-0.274574
0.127497
-0.077715
0.017685
0.042796
0.132962
-0.015722
0.043708
-0.262684
-0.029719
-0.236820
-0.048566
-0.113537
-0.033331
0.006561
-0.013486
0.090550
-0.457877
-0.226793
0.075352
-0.031694
0.140455
-0.022133
0.128690
0.257032
-0.103189
-0.112595
0.036544
-0.022472
-0.160595
-0.045114
-0.061978
-0.156205
-0.091066
-0.028630
-0.054590
0.154845
0.058579
-0.056254
0.105300
0.028216
0.084829
-0.200869
-0.484333
0.099078
-0.003170
0.079308
0.120470
0.265546
0.186254
0.040537
-0.072268
0.085281
-0.081746
0.028362
0.054683
0.088357
-0.012186
0.012056
0.021675
0.008929
-0.009474
0.113058
-0.021942
-0.153434
0.072637
-0.097420
0.059622
-0.023149
-0.007391
-0.054130
-0.030722
-0.076257
-0.026593
-0.023957
0.010390
0.006015
0.021489
-0.019794
-0.059146
-0.000002
0.014120
0.109926
0.048867
0.111931
0.023319
-0.043020
0.032937
-0.097873
-0.068672
0.099078
0.028980
0.075600
0.095543
0.110813
-0.085087
-0.131643
0.051328
0.040873
-0.119820
-0.299447
0.022418
-0.049738
-0.046584
0.022069
-0.044589
0.104972
0.016802
0.060601
0.090138
-0.044848
0.107253
0.153533
0.101533
0.019279
-0.063368
0.026740
-0.000837
-0.052140
0.076184
-0.023138
-0.034083
0.096462
-0.066996
-0.018297
0.087330
-0.066556
-0.067390
-0.078385
0.018070
0.049243
0.074865
0.045921
-0.004035
-0.020835
-0.049205
-0.079417
-0.082610
0.011067
-0.026036
-0.086980
0.149558
0.053819
0.032293
-0.144587
-0.053910
0.069451
0.032741
0.120391
0.056645
0.064987
-0.024613
-0.065172
-0.070821
-0.000937
-0.001769
0.054502
-0.088413
0.028325
0.110688
-0.237816
0.046755
-0.031067
-0.053046
0.005670
0.032104
-0.019980
0.093523
0.068617
-0.025625
0.012320
0.074589
-0.050712
-0.051739
-0.037261
-0.011362
0.013178
0.111477
-0.179159
-0.192562
0.038290
0.121720
0.132566
0.058498
0.196063
0.012476
0.063962
-0.039625
-0.012541
-0.014318
0.127381
0.154431
0.026288
-0.196230
0.157991
0.054971
0.018997
0.007440
0.012195
0.051823
-0.079538
0.045467
-0.023162
0.051638
-0.077989
0.075745
-0.002941
0.085211
0.071303
0.006472
0.068690
0.110143
0.485426
-0.163143
-0.040753
-0.045876
-0.185887
0.085528
-0.052607
0.061695
0.057871
0.083116
-0.118846
-0.169017
0.148491
0.146986
-0.100644
0.131641
-0.057822
-0.005775
-0.195754
-0.120096
-0.107341
0.049004
0.043127
0.142418
-0.007602
0.023641
0.054852
0.053843
0.252777
0.318848
0.080172
0.011782
-0.206181
0.101022
-0.024253
0.205209
0.276567
-0.019504
0.021558
0.045333
0.012460
0.123329
-0.085036
0.004089
0.137587
0.071011
-0.094704
-0.064860
-0.111939
-0.030954
0.041021
0.247073
-0.093523
0.011848
0.175077
0.013605
0.071471
-0.031847
0.065085
0.013966
0.074008
0.014010
-0.190877
0.047309
0.014872
-0.005504
0.117546
-0.026902
0.053379
0.027012
-0.038032
-0.263259
0.105354
0.305216
-0.035850
0.006254
-0.182418
0.010052
-0.068848
0.146652
-0.385608
-0.024525
0.031789
-0.053956
-0.128877
-0.001946
0.090877
-0.121575
0.045016
0.091384
0.066062
0.165690
0.090603
0.121486
-0.049842
0.075987
-0.136648
0.020053
-0.098872
0.109378
0.126968
-0.064856
0.116058
-0.102474
0.043177
0.116384
0.031233
0.031590
0.014088
0.023998
0.132194
0.144421
-0.015698
-0.042709
0.129930
0.050510
-0.055802
-0.304329
-0.019672
0.033550
-0.115131
0.049784
-0.053002
0.000585
-0.014402
0.069041
-0.137510
0.066242
0.007228
-0.046950
0.108438
-0.009148
-0.071492
-0.150203
-0.108389
0.000920
0.122640
0.001052
0.122130
-0.059147
-0.198385
-0.000775
0.030364
0.112134
0.076004
0.048779
0.132515
-0.207028
-0.144228
-0.077553
-0.063048
-0.179310
0.098315
0.082027
-0.053980
0.108081
0.039739
-0.005171
-0.029784
-0.107733
-0.059559
0.218036
-0.142863
0.150797
0.120450
0.043639
0.174825
0.055783
0.257474
0.181384
0.219317
-0.003998
-0.099773
-0.031305
-0.088710
0.136698
0.090270
-0.273551
0.053185
0.219560
-0.210061
-0.170700
0.063327
-0.006791
-0.072218
0.016002
0.016045
-0.054059
0.130526
-0.280358
-0.295231
0.117256
0.024047
-0.027407
0.024509
-0.029492
-0.046440
-0.118150
-0.189186
-0.168228
0.065869
-0.091310
0.184386
0.002379
-0.118365
-0.020268
0.105567
-0.105609
-0.108619
-0.088737
0.038116
-0.054332
-0.021197
-0.079381
0.189721
0.229395
0.142566
0.114961
0.141865
0.248881
0.162148
0.320964
0.117900
0.079092
0.016934
0.016700
0.016161
0.053923
-0.039411
-0.170571
0.221582
0.143232
0.061156
0.020878
-0.168193
0.002346
0.092156
-0.045728
0.088965
0.017087
0.069787
0.150855
-0.009663
0.150798
0.096129
-0.266758
-0.031106
-0.058227
-0.082462
0.098877
0.038524
-0.059632
0.046496
-0.019274
-0.145267
0.048346
0.042073
0.199613
0.069377
0.058120
-0.361562
-0.305314
-0.046807
-0.013902
-0.087323
-0.051623
-0.204186
0.084749
-0.018154
-0.049642
-0.168701
0.018741
-0.041065
-0.010751
0.048227
-0.044622
-0.081605
0.007167
0.049554
0.083560
0.064794
-0.181858
-0.053989
-0.062960
0.119045
0.032765
-0.008549
-0.095118
-0.066488
-0.046453
0.044295
0.090457
0.112402
-0.146918
-0.045424
0.070906
-0.023641
-0.002984
0.062584
-0.043431
-0.049610
-0.133609
-0.071652
-0.026899
-0.039073
0.057018
-0.075903
0.055050
0.023247
0.050016
0.111672
-0.091659
-0.071139
0.075179
-0.096120
-0.063731
0.109847
-0.012294
-0.060572
-0.147321
0.095976
-0.070269
-0.025733
0.062155
-0.038761
-0.017080
0.067141
0.028789
-0.063730
-0.559569
-0.003059
-0.065152
-0.001410
-0.083614
0.056535
0.172222
-0.006932
0.021960
-0.045211
0.101303
-0.000431
-0.101180
-0.115446
0.005239
-0.289416
-0.010084
-0.063569
0.009932
0.055983
0.030474
-0.018979
0.091782
-0.062731
-0.041744
0.077227
0.028358
-0.022781
-0.071302
-0.027657
-0.088003
-0.027416
-0.214012
-0.064965
0.042975
0.006721
0.051625
-0.090423
-0.040977
0.046113
0.043057
-0.175196
-0.117044
-0.138352
0.125880
0.023203
-0.025652
0.086586
-0.029220
-0.093038
-0.013186
-0.048548
0.097247
0.133297
0.147681
0.045733
0.013702
0.082435
0.018892
0.082867
0.010711
-0.002817
0.091992
0.021427
0.063373
-0.200496
0.042975
0.088010
-0.224772
-0.006120
0.011903
0.010863
0.032207
-0.003793
0.073997
-0.007532
-0.010794
-0.071632
0.084226
0.081899
-0.144741
-0.030647
0.071609
0.040857
-0.036727
-0.145368
-0.011944
-0.077918
-0.054251
-0.045044
0.035248
-0.010407
-0.018460
-0.040196
0.056798
-0.021674
0.004527
-0.007036
-0.026023
-0.063400
-0.158431
-0.016065
-0.029179
0.012198
0.091582
0.001296
-0.142290
-0.043637
0.074267
0.097255
0.045974
0.057150
0.035597
-0.077926
0.071084
0.063994
0.031466
0.036269
-0.279189
-0.004559
-0.104332
-0.103972
-0.051174
-0.132328
0.024275
0.063235
-0.016261
0.048898
0.005851
-0.140645
-0.077190
0.045233
-0.107519
-0.113551
-0.032226
-0.090543
0.077241
0.004635
-0.025118
-0.026175
0.078629
0.116051
0.092626
-0.029208
-0.059035
0.066587
0.091420
0.007039
0.053869
0.046856
-0.032448
-0.012464
-0.087737
0.043559
0.042013
-0.029764
0.069350
-0.009938
-0.058739
0.045718
0.042921
0.007116
-0.026545
0.230241
0.014313
-0.296944
-0.061653
-0.253821
0.011416
0.043386
0.061684
-0.105047
0.059328
0.015326
-0.077945
0.110418
0.052116
-0.057531
0.181129
-0.007346
-0.450877
-0.013496
0.041558
-0.340577
-0.111472
-0.048612
-0.119439
0.052946
-0.003262
-0.041943
-0.037057
0.036736
0.142942
-0.047469
-0.111504
0.041093
-0.045809
0.081487
0.070909
-0.071168
0.133408
0.099115
-0.027066
0.013677
-0.094577
-0.105208
-0.001831
-0.182418
-0.000513
0.030875
-0.067946
0.051155
-0.133923
0.086243
-0.009577
-0.115170
-0.073009
0.013979
-0.041219
0.097269
0.104637
0.001358
-0.286269
0.028333
0.056202
-0.131676
-0.026637
-0.008386
0.027817
0.058578
0.055906
-0.068158
-0.095510
-0.055703
0.024797
-0.112832
0.043663
0.079887
-0.020935
-0.061575
-0.034602
0.014023
0.048222
-0.087502
0.009676
0.115707
0.114968
0.034692
-0.036571
0.046870
0.072291
0.093340
0.032270
0.075287
-0.000431
0.012629
-0.102353
0.013597
0.119487
-0.086775
-0.032594
-0.129868
-0.063370
-0.056563
0.003113
0.130788
-0.021353
0.022757
0.051777
-0.005491
-0.049744
0.032172
-0.278007
-0.001339
-0.023686
-0.088522
0.061474
-0.188443
-0.077735
-0.054382
0.034723
-0.023520
0.020136
0.033584
-0.091150
-0.087327
0.022953
0.043141
-0.082644
0.075465
-0.082705
-0.008702
-0.034409
0.115879
-0.066048
0.109909
-0.014292
0.012425
-0.036159
0.063827
0.030841
-0.140311
0.005483
-0.108082
-0.044113
-0.007536
-0.130679
0.079795
0.100684
-0.026417
-0.111397
-0.144563
-0.085689
-0.082621
-0.000566
-0.149724
0.099686
0.012659
0.115783
0.026576
-0.322731
0.033417
0.001869
0.055620
0.029756
0.048708
-0.041254
0.032690
0.075762
0.051361
0.042713
0.048703
0.030435
-0.003430
0.045553
-0.181925
0.041853
-0.065501
-0.012719
0.042915
-0.278176
-0.010546
0.030062
0.048169
-0.004230
-0.058797
-0.044934
-0.043643
-0.023797
0.091648
-0.107703
-0.041011
-0.057697
-0.016931
0.063494
-0.001713
-0.136957
-0.033279
0.117038
0.071913
-0.091266
0.068114
0.111517
-0.085297
0.050256
-0.003048
0.112305
-0.014603
-0.747196
-0.040904
0.062781
0.025328
-0.061948
-0.303335
-0.103474
0.062442
0.032179
-0.041187
0.041806
0.014816
0.010215
-0.060836
-0.110700
-0.026228
0.055585
-0.149248
-0.076709
-0.027852
-0.080724
-0.062468
-0.089291
-0.026225
0.027487
-0.031604
0.085465
0.077793
-0.002474
-0.035323
-0.013209
0.066235
0.037295
0.025430
-0.021823
0.027956
0.076289
-0.022169
0.027055
-0.033719
0.084393
0.021008
0.072405
-0.046509
-0.098557
-0.008886
0.058498
-0.052927
-0.019177
-0.047064
0.023079
-0.034539
-0.013174
-0.108923
-0.010080
-0.113010
0.035575
0.051132
-0.048151
-0.051142
-0.045460
0.092833
0.068151
-0.016004
-0.040335
0.007264
0.212859
0.052305
-0.096643
-0.055345
0.015545
-0.208871
-0.040577
-0.038659
-0.099187
0.045454
0.059606
0.006379
0.043220
0.052122
0.067240
-0.000571
0.098329
-0.033760
0.071307
-0.041405
0.010190
0.244124
0.036169
0.241709
0.037073
-0.013391
-0.003386
-0.023623
0.041283
-0.007289
-0.006901
-0.074229
-0.002324
-0.015342
-0.071437
0.054291
-0.036720
0.127214
0.056702
0.033984
0.108319
0.221387
-0.005622
-0.164554
-0.236955
0.074356
0.057077
0.044371
-0.107776
0.119960
-0.102318
0.260008
0.076222
-0.017229
-0.011000
0.068468
0.046050
-0.131073
0.095029
-0.338326
0.051509
-0.189970
0.110757
0.109984
0.082958
0.021358
-0.095607
0.264022
-0.046692
-0.107397
0.004600
-0.019344
-0.019592
-0.323486
-0.040573
-0.084115
0.144672
-0.025153
-0.208242
0.001286
-0.113586
0.178274
0.005302
-0.048098
-0.003774
-0.000864
-0.106106
0.095507
-0.003913
0.050335
0.019830
-0.174427
-0.102561
-0.400029
0.076071
0.027345
-0.024827
0.017523
-0.040387
0.103208
0.107237
-0.064929
0.109865
-0.173102
-0.058001
0.195384
0.137896
0.115949
-0.176767
0.081435
0.001851
-0.073793
0.150111
-0.158198
0.076322
0.053221
0.054672
-0.054816
-0.004989
-0.133766
0.095228
-0.076535
0.128711
0.114921
0.018260
0.092616
0.056973
-0.149361
0.076921
-0.000232
0.075409
0.128425
0.070145
0.116635
0.054265
0.180925
-0.081854
0.026901
0.021116
0.072579
-0.162212
-0.275742
-0.084606
0.009536
-0.033136
-0.011002
-0.039421
0.002180
-0.078297
-0.046616
0.016629
-0.026915
-0.066928
-0.006465
-0.058904
-0.190460
-0.074963
-0.076018
0.133285
-0.042167
-0.062679
-0.074022
-0.030003
-0.404293
0.057425
0.045972
-0.168334
-0.051358
-0.425094
-0.001641
-0.042492
-0.098630
0.056735
0.041280
-0.094540
-0.046277
0.035282
0.040648
-0.009803
0.078801
0.005143
0.108393
-0.064104
-0.009688
0.029096
-0.026822
0.087177
-0.026094
-0.053376
0.074986
-0.034965
-0.008042
0.087609
-0.037216
0.001156
0.025922
0.059568
-0.039237
0.024636
-0.046059
-0.018167
0.067737
0.031577
-0.020576
-0.204388
0.026301
0.092469
0.012377
-0.092857
0.058815
0.037135
0.056212
0.025139
-0.305196
0.067903
0.036038
-0.072143
0.006898
0.075556
-0.045624
-0.027090
-0.456944
0.126464
0.026906
0.109722
-0.035204
-0.197519
0.088668
-0.003157
0.004710
0.020271
-0.141530
0.009174
0.079901
-0.065498
-0.002708
-0.215095
-0.004822
0.097938
0.134807
0.066845
-0.075735
0.061386
0.079733
0.073393
0.059048
0.126461
0.035778
0.168787
-0.012957
-0.093604
-0.055175
0.016868
-0.079803
-0.046939
0.017516
0.100325
0.016787
0.020263
-0.219539
-0.022281
0.108863
-0.074510
0.089172
0.065579
0.148165
0.116925
-0.023532
-0.142765
-0.001668
0.334842
-0.112583
-0.016662
0.078510
-0.023999
0.073887
-0.086399
-0.205693
0.005962
0.010524
0.022996
0.045969
-0.082332
-0.009123
-0.090890
-0.203264
0.093387
-0.107300
0.012281
-0.059320
-0.154424
-0.013448
0.078002
0.063580
-0.136202
-0.045987
-0.074480
-0.082001
0.081152
0.019629
-0.172328
-0.026154
0.059678
-0.150596
-0.019248
-0.032214
0.033916
0.043127
0.143412
-0.001129
-0.129518
-0.006362
0.087877
-0.028462
-0.048707
0.012465
0.083864
-0.114279
-0.236438
0.035698
0.109237
0.010759
-0.001150
-0.107971
-0.047553
0.112593
0.033615
-0.018830
0.067397
0.033892
0.050358
0.079817
0.029427
0.111047
0.005480
-0.204955
0.091975
0.095351
-0.150144
-0.079624
0.038237
-0.003405
-0.024405
0.006027
-0.017065
0.053798
0.056734
0.018906
0.068474
0.031968
-0.018788
0.033510
0.077832
0.004868
-0.046135
0.056560
0.016407
-0.074113
-0.022699
-0.094629
0.061586
0.009037
0.138595
0.027031
-0.003771
0.057076
0.086014
0.032936
0.006670
0.068497
-0.127783
0.083740
0.020700
0.088795
-0.015082
0.125875
-0.127934
-0.024480
-0.004005
0.054180
0.063706
0.060812
0.058479
-0.083936
0.139678
-0.050816
0.045198
0.081067
-0.101414
-0.080346
-0.049720
-0.051323
-0.062762
-0.152277
0.015074
-0.013127
0.024931
0.058877
0.004773
0.028312
-0.154984
0.061749
0.138252
-0.073992
0.119282
0.181715
-0.062095
0.050932
-0.184760
-0.053976
-0.033197
0.014897
0.086635
-0.027512
0.057436
0.070961
-0.008199
0.027840
-0.066809
0.280474
0.093618
-0.000713
0.199547
0.115076
0.086873
0.177720
0.083948
0.125211
0.125211
-0.117510
0.174559
0.173501
0.178835
0.128045
0.098666
-0.100159
0.027136
0.132361
-0.026424
0.173755
-0.095603
-0.051420
0.070278
-0.028758
-0.063533
-0.086299
0.242381
-0.117362
-0.001788
0.133046
0.139237
-0.312782
-0.094082
0.142544
-0.071180
0.071635
0.118349
-0.178869
0.044047
-0.084532
-0.213333
0.029024
0.145269
0.089861
-0.753998
-0.003717
0.035812
-0.174905
0.160048
-0.003666
-0.112733
0.019312
0.062917
0.058997
-0.234877
-0.399445
0.396085
-0.016557
-0.053241
-0.024458
-0.045568
0.070344
0.218963
0.123875
0.185550
-0.063821
0.029940
0.031562
0.029976
0.125555
-0.025777
-0.001659
0.209362
-0.010600
0.208140
0.045963
-0.071381
-0.222007
0.084256
0.012433
0.057962
-0.199829
0.095925
0.034945
0.192196
0.021409
0.005954
-0.034885
0.021469
0.145397
-0.125206
-0.048801
0.013842
0.121918
0.048618
0.170157
-0.011187
0.062082
0.052470
0.043604
0.003953
-0.076727
0.019041
-0.063058
0.039387
-0.029177
0.086965
-0.137540
-0.066882
0.034320
0.061301
-0.196470
-0.045465
0.002107
0.018950
-0.342854
-0.061366
0.084897
-0.003809
-0.080874
-0.281357
0.026456
0.080842
0.085140
-0.005117
0.018551
0.001439
-0.031519
0.022939
-0.029389
-0.094457
-0.006939
-0.058660
0.050499
0.046404
0.077648
-0.104080
0.067060
0.079152
0.010189
0.029325
-0.084342
0.006432
-0.002702
-0.080532
0.087842
0.105018
0.064687
0.230787
0.088530
0.055911
0.063787
-0.037369
-0.002256
0.070730
-0.094697
-0.041689
-0.054260
0.101533
-0.038646
-0.038716
0.065101
-0.128925
0.066696
0.051069
0.037454
0.130417
0.039003
-0.560480
0.036668
0.195101
0.001607
0.005907
-0.108671
-0.000321
0.087492
-0.025771
-0.511242
0.114684
0.159466
0.086534
0.036415
-0.001311
0.043015
-0.001568
-0.042377
0.092908
-0.002705
0.108366
-0.167188
-0.024635
-0.050031
-0.173174
0.033723
0.090779
0.001181
-0.030105
0.118366
-0.036513
0.002161
-0.122108
-0.056956
-0.069985
-0.061100
-0.064035
0.105561
-0.193163
0.005128
0.191958
-0.002764
0.012517
0.017229
-0.056224
-0.034718
-0.073236
-0.021384
0.104095
-0.116607
-0.139451
0.005248
0.078192
-0.009680
-0.074133
-0.348682
-0.072896
0.125220
0.063988
0.038831
-0.053601
0.002624
-0.162363
-0.033118
-0.172030
0.070174
-0.122388
-0.069155
-0.015663
-0.012877
0.049098
0.028806
0.035724
0.063290
-0.155373
-0.059006
-0.048218
-0.046174
-0.018162
0.039633
-0.008732
0.060516
0.027961
-0.008322
0.039463
0.055963
-0.033568
0.121619
0.021884
-0.043933
0.042672
-0.062451
-0.204291
-0.221956
0.047003
0.031130
-0.075263
-0.074809
-0.119068
0.048720
0.062877
-0.010816
0.075863
0.024980
0.075909
0.107750
-0.028943
-0.031509
0.029266
0.071752
0.018141
0.051787
-0.034331
-0.019716
-0.350293
-0.018991
0.063095
-0.016214
0.089778
-0.017275
-0.393821
-0.060425
0.049080
0.033329
0.063731
0.046208
-0.071722
0.084859
-0.159696
-0.058657
-0.173651
-0.035955
0.118394
-0.065158
0.027400
0.048009
0.058563
0.004148
-0.093357
-0.038171
0.032962
0.055510
0.048483
0.044075
0.141879
0.000336
-0.009638
-0.070900
-0.005325
-0.068262
0.098754
-0.204455
-0.045326
-0.030128
-0.059518
0.003928
-0.144594
-0.164828
0.025721
-0.322837
-0.058040
0.055768
-0.068290
0.084226
0.135622
0.048262
-0.698276
0.095671
-0.040676
0.023187
0.077342
-0.017902
-0.036284
0.111748
0.036255
-0.063190
-0.116480
-0.058006
-0.643160
-0.042796
-0.006309
0.059650
-0.005161
-0.009542
-1.302805
-0.122941
-0.196626
-0.063565
0.016089
-0.015345
0.037436
0.004040
0.030814
0.008182
-0.092760
-0.052250
0.118330
-0.111613
0.066051
0.005738
0.074587
0.077996
0.022743
-0.249309
0.077238
0.081683
-0.022086
-0.022853
-0.006031
-0.007519
-0.031127
-0.025814
-0.047492
0.027785
0.051823
0.028997
0.023093
-0.040515
-0.078801
0.069440
0.100345
0.114534
0.178602
0.120052
0.042744
-0.004400
-0.012761
-0.060102
0.095184
0.142411
-0.109825
0.134454
0.159133
0.103526
-0.173340
-0.017899
0.134213
-0.098199
0.000290
0.092872
0.073974
0.073851
0.055431
-0.135133
0.066021
0.087677
0.059048
-0.147348
0.084153
0.093816
0.017909
0.039234
-0.050287
0.070847
0.170645
-0.178005
-0.154106
0.072131
-0.341723
0.083613
-0.044724
-0.000655
0.001021
-0.029149
-0.045882
0.024827
-0.070357
-0.053541
0.069491
-0.045595
0.054901
0.050264
-0.058647
-0.069764
0.109880
-0.021794
-0.008672
-0.025953
-0.049567
-0.058134
-0.022240
0.050956
-0.025178
0.100893
0.059045
-0.160605
0.085133
0.078977
-0.092898
0.018753
0.059234
-0.100597
-0.028376
0.074157
0.011668
0.062347
0.029266
0.081238
-0.260903
0.124487
0.156061
-0.066238
0.086807
-0.040523
-0.018574
-0.059405
-1.179825
0.071340
-0.010489
-0.102412
0.069879
-0.294740
-0.118193
0.050258
0.058908
0.046091
-0.005644
-0.037970
0.073736
0.024187
-0.111620
-0.456236
-0.043315
0.071214
0.088359
0.009775
-0.126311
-0.110123
0.048327
-0.061835
-0.055717
0.091539
0.002167
0.060450
-0.077797
-0.014852
-0.140473
-0.017371
-0.157555
0.070848
-0.053489
-0.023411
0.025242
-0.511460
-0.028305
-0.078260
-0.084604
-0.047277
0.044637
-0.417169
0.057150
-0.066317
-0.099712
0.039953
-0.102365
0.020108
0.099846
-0.095251
-0.176163
0.162095
0.052487
0.020085
0.025193
0.139668
0.031333
0.013215
-0.020646
-0.062272
0.029369
0.019416
-0.063893
0.115321
-0.018865
0.038914
-0.051421
-0.075405
-0.134872
-0.099307
0.034319
-0.140519
0.074042
-0.043072
0.026819
0.014296
0.081129
-0.001807
0.254074
0.039942
0.028075
-0.046068
-0.010313
0.026375
0.067228
-0.085563
-0.002493
0.095641
0.011655
-0.020742
-0.003671
-0.033981
-0.107077
-0.001991
0.020191
0.005650
0.082227
-0.004109
0.174366
-0.036236
-0.048782
0.042335
0.058363
-0.026476
0.000803
0.047291
-0.003078
0.107073
-0.166172
0.002428
0.010957
-0.140006
-0.089211
-0.042909
0.007478
-0.088035
0.083226
0.042286
-0.026166
-0.111076
-0.049075
-0.124774
0.023279
-0.043840
0.050510
-0.036187
-0.043329
-0.037222
0.066361
-0.029746
0.074416
-0.050481
0.090821
-0.002497
0.062205
0.014386
0.029023
0.026001
-0.110065
0.025603
-0.054687
0.063238
0.071013
-0.055980
0.083820
-0.036168
-0.067963
-0.052416
0.091724
-0.130244
-0.029994
0.068467
0.113555
-0.255868
0.051779
0.020378
0.119185
0.019114
-0.077537
-0.050559
-0.037266
0.159848
0.038771
-0.012624
0.182821
-0.183582
-0.103897
0.011598
-0.102502
-0.054592
0.135431
0.124219
0.066232
-0.085846
0.026757
-0.005511
0.036878
-0.245118
0.134832
-0.022011
0.012872
0.021928
0.097561
-0.092140
0.077403
-0.181967
0.113700
-0.307566
-0.113504
-0.070654
0.040957
0.082330
-0.092847
-0.065353
-0.344500
-0.140340
0.191837
-0.468001
0.047843
0.013695
0.118058
0.211136
0.035820
-0.359065
-0.060674
-0.027651
-0.229930
-0.032550
-0.156713
-0.066255
-0.054502
0.105885
-0.029574
-0.026773
-0.004652
-0.043689
-0.112722
0.032922
-0.042186
-0.032667
-0.524466
0.009207
-0.050186
0.068427
0.115636
0.167355
0.207228
-0.014780
-0.063143
-0.030915
0.065583
0.029031
0.067385
-0.036572
0.006400
-0.042904
0.082982
-0.045234
-0.013456
-0.031326
-0.022899
0.068466
0.059965
-0.138006
0.076224
0.074326
-0.023487
-0.031177
0.072342
-0.042729
-0.118771
-0.010502
-0.077346
0.028440
0.197007
0.012022
-0.072731
0.024342
-0.011214
0.107571
0.168754
0.053780
-0.089209
0.066935
-0.039939
-0.037657
-0.083320
0.026210
0.017833
-0.024841
0.064591
0.162627
-0.051079
-0.055572
-0.064122
0.074531
-0.042125
-0.219473
0.031976
-0.018571
0.002206
0.044052
-0.017169
0.044580
0.122857
-0.029899
0.025699
0.050716
0.039246
0.178827
0.260882
0.075939
0.063853
0.031345
-0.010627
-0.065422
0.073883
0.085994
-0.104222
-0.085184
0.019167
-0.008052
0.131411
0.077268
-0.018263
-0.033596
0.049090
-0.103142
-0.048775
-0.033103
-0.001430
-0.063452
-0.150423
-0.039858
-0.153125
0.035081
-0.025917
-0.069366
-0.066233
-0.047987
0.015658
-0.079544
-0.028646
-0.055821
0.105631
0.051360
-0.047819
0.005456
0.092965
-0.057835
-0.090466
0.044171
-0.076115
0.188945
-0.105775
0.120379
0.049520
-0.271640
0.056910
0.049392
-0.033134
0.078663
0.001639
0.105639
-0.017424
0.012270
-0.053142
0.045790
0.017032
0.008885
-0.090835
-0.079189
0.008961
0.027130
0.104929
-0.048326
-0.185579
-0.091229
0.130716
0.054739
0.135211
0.120499
0.101327
0.189125
-0.045482
0.006147
-0.028803
0.094930
0.105595
0.030070
-0.061900
0.217250
0.164380
0.086971
0.036965
-0.136085
0.050845
-0.072086
0.002615
-0.173198
0.057584
0.023058
-0.050423
-0.033459
0.017367
0.129652
-0.043210
0.001588
-0.111084
0.340009
-0.043304
0.023008
-0.093562
-0.179631
0.039842
0.045619
0.046534
0.009174
0.104831
-0.028875
-0.186186
0.049202
0.038622
0.097535
0.168680
-0.184351
0.041391
-0.115605
-0.091158
-0.066083
-0.103951
-0.004737
0.066811
-0.043524
0.076299
0.073002
-0.074181
0.111522
0.225352
0.106842
0.031645
-0.151196
0.171060
-0.006598
0.128514
0.173258
-0.154994
-0.002733
-0.032389
0.057086
0.167691
0.096420
0.053863
0.003025
0.023279
-0.051002
-0.218045
-0.049120
-0.005232
0.076536
0.238327
0.015109
-0.033065
0.057424
-0.054417
0.101284
0.027317
0.044902
0.069880
0.098473
-0.111350
-0.142060
0.013323
-0.058261
-0.053914
0.050855
0.001506
0.118900
0.032082
-0.001499
-0.639630
0.085689
0.252392
-0.027173
-0.059998
-0.095705
0.106307
0.081930
0.045816
-0.427564
-0.018884
-0.073969
0.076892
-0.006033
-0.015106
0.111488
-0.102819
0.065676
0.008956
0.094104
0.165562
0.136023
-0.077456
0.054123
-0.004626
-0.134208
-0.046298
-0.162588
0.075566
0.114247
-0.076300
-0.003180
-0.084662
0.012240
0.110098
0.097328
0.088913
-0.036704
0.030183
-0.044267
0.008490
0.054028
-0.197718
0.072078
0.093149
0.105187
-0.342793
0.005047
0.057549
-0.058048
-0.210517
0.048499
0.063777
-0.003551
-0.090004
-0.322105
0.038461
-0.065867
-0.024518
0.049599
0.022017
-0.061405
-0.058356
-0.018964
-0.155989
0.126408
0.054276
0.139635
-0.059565
-0.124545
0.119708
-0.032358
0.216386
0.033756
-0.001879
-0.019551
-0.386476
-0.147183
0.013190
-0.004072
-0.072501
0.312357
0.173475
-0.117638
0.167423
0.131189
-0.019085
-0.127679
-0.092124
-0.027753
0.226469
-0.056537
-0.003874
0.159936
-0.006911
0.145266
0.014002
0.260452
0.210852
0.228704
-0.030654
-0.021069
-0.085705
-0.293965
0.149434
0.115969
-0.179613
0.074812
0.105736
-0.067647
-0.067559
0.037056
-0.061506
-0.046643
-0.046405
0.025965
-0.091664
0.059939
-0.395154
-0.290479
0.058330
-0.097210
0.115085
0.144082
0.066882
-0.031275
-0.072476
-0.263890
-0.171859
0.092390
-0.118438
0.111119
0.037553
-0.069036
-0.059121
0.007272
-0.108085
-0.154099
-0.162808
-0.033843
-0.053745
-0.050696
-0.077338
0.147120
0.201243
0.165911
0.114901
0.127006
0.236198
0.130658
0.251543
0.112776
0.066843
0.012397
0.086688
-0.131506
0.048289
0.066377
-0.082696
0.026471
0.197022
0.023763
0.188939
-0.029294
-0.039454
0.012843
-0.089920
-0.032040
0.036981
0.037028
-0.069438
-0.036585
0.057772
-0.030249
-0.330456
0.040249
0.067273
-0.124264
-0.044105
0.008245
-0.009859
0.037019
-0.015582
-0.197765
0.059202
0.094578
-0.014189
-0.022417
0.113878
-0.518705
-0.366936
-0.108121
-0.129558
0.128597
0.074375
-0.038642
0.081671
0.002163
-0.121572
-0.032751
0.084371
-0.127338
-0.017643
0.010033
0.075506
-0.008713
0.113425
0.048759
0.103850
0.102980
0.001857
0.063690
0.067131
-0.040323
0.080091
-0.088153
-0.090178
-0.032664
-0.015725
0.019253
-0.024275
-0.008415
-0.107341
0.021752
-0.047360
0.022948
0.077436
0.039193
0.067153
-0.047050
-0.019398
0.070463
-0.105505
-0.065932
-0.061196
-0.065703
0.012925
0.023286
0.019421
0.090808
-0.108295
-0.057684
0.019557
-0.014785
-0.339979
0.102868
-0.021013
-0.045788
-0.096029
0.252243
-0.033973
0.059967
-0.015711
0.080914
-0.008890
0.082869
-0.022588
-0.100171
-0.601982
0.053429
-0.073027
0.120098
0.020672
0.078581
0.168634
-0.191267
0.131398
0.082637
0.077333
0.047160
0.043926
-0.074007
0.252382
-0.430125
0.005205
0.039586
0.027852
-0.058094
-0.134995
0.037723
0.031519
-0.073807
-0.043565
-0.064502
-0.067582
0.092099
0.063843
-0.105159
-0.030461
0.020672
-0.184862
-0.096582
0.013240
-0.031672
0.034844
-0.070033
-0.064459
-0.098651
0.045009
-0.053206
-0.043697
-0.043175
0.039603
-0.041328
0.074875
-0.074665
-0.070925
-0.049475
0.039075
-0.042589
0.098049
0.209649
0.138897
0.099482
-0.017919
0.081619
0.078934
0.122619
-0.016431
0.016971
0.015280
0.193063
-0.041110
-0.118647
-0.011656
0.069061
-0.161826
-0.032324
-0.051463
0.017542
-0.013893
0.018438
-0.051398
-0.021735
0.041178
-0.045579
0.020705
-0.020876
-0.036042
0.059333
-0.001649
-0.029623
0.088849
0.000910
0.014601
-0.044645
-0.065971
-0.006731
0.051716
-0.073433
-0.053469
0.097152
0.021860
0.038845
-0.029087
-0.026759
0.015501
0.038425
-0.106920
0.087406
-0.043772
0.025655
-0.032106
-0.048173
-0.130333
0.067411
-0.017293
-0.005967
0.036002
-0.019622
0.031559
0.023365
-0.059534
0.006223
-0.110492
0.034971
-0.263402
-0.049825
-0.018588
0.023635
-0.036327
-0.073613
-0.028425
0.009526
-0.062823
0.009200
0.052372
-0.023858
-0.001366
0.003618
-0.041992
0.056910
0.024641
-0.133103
0.036797
-0.124819
0.162179
-0.223485
0.015804
-0.029402
0.073774
0.062069
0.022158
-0.078315
0.009300
0.163152
0.013670
0.112784
-0.277450
0.041888
-0.057225
-0.023597
0.051546
-0.000051
0.012072
-0.020095
0.075135
0.010293
0.047214
-0.002942
-0.062330
0.061598
0.022631
-0.040288
0.049489
-0.182935
-0.100023
-0.073835
-0.028983
-0.032586
0.026013
0.037389
-0.077438
0.067204
-0.091651
0.027834
0.210164
0.094173
-0.653716
0.012393
-0.004932
-0.349552
-0.002010
-0.049807
-0.115682
0.124440
0.023084
0.189402
-0.052545
0.083936
0.165013
-0.065805
-0.127247
-0.004982
0.022127
0.025961
0.083191
-0.107642
0.068951
0.020501
-0.016742
0.022269
-0.058452
-0.046969
-0.013337
-0.557995
-0.026128
-0.086130
0.043320
0.038201
-0.246726
0.118530
0.060853
-0.052931
-0.137750
-0.099040
-0.093621
-0.043435
0.122080
0.083698
-0.342532
0.015859
0.072200
-0.069733
-0.054056
0.043817
-0.005750
-0.007359
0.036655
-0.031756
0.001454
-0.196974
-0.050175
-0.032351
0.052637
0.002716
-0.024445
-0.039009
0.007627
-0.020193
-0.017237
-0.038584
0.019540
0.104935
0.015389
0.140293
-0.017682
0.093313
-0.059396
0.109284
0.040509
-0.092027
-0.172738
0.022524
0.014291
0.035245
0.065604
-0.120931
0.041905
-0.047373
-0.054099
-0.040092
-0.084319
0.103581
0.125145
-0.022990
0.032609
-0.117283
0.062582
-0.001282
-0.204871
-0.015452
-0.062643
0.069205
0.050778
-0.101760
-0.006336
-0.051696
-0.011499
-0.050446
0.060134
-0.062178
0.017777
-0.029406
-0.041999
-0.058146
-0.032111
0.032096
-0.018066
-0.060728
-0.057238
0.159635
-0.061703
0.080251
0.038613
-0.202219
0.040411
0.029189
-0.023061
-0.065155
-0.061073
-0.107740
0.004815
0.034559
-0.312099
-0.004058
0.109406
0.035322
-0.050165
-0.389450
-0.061185
0.035092
0.051612
-0.054636
0.036491
-0.018800
0.013483
-0.085042
-0.394233
0.007928
0.071161
0.066041
0.024718
-0.039120
0.029816
-0.042654
-0.063278
0.164092
0.023345
0.125298
0.062519
0.067615
0.001569
-0.209890
0.016012
0.014923
0.072773
0.032332
-0.454691
-0.068184
-0.088854
-0.028321
0.027200
-0.014845
0.016997
-0.169440
0.053013
-0.010114
-0.072867
-0.028754
0.031878
0.101898
0.085863
-0.038042
-0.015664
-0.054345
0.015823
0.095455
0.010854
-0.035915
0.053036
-0.073191
-0.038401
-0.040104
-0.024580
-0.083087
-0.356631
0.073271
0.016359
-0.014516
0.006839
-0.316247
-0.124364
0.039038
0.001348
-0.087012
-0.015646
0.065002
0.107828
-0.047794
0.051593
0.063531
0.035970
-0.100357
0.111184
0.092171
-0.084702
-0.044156
-0.064566
0.009701
-0.022345
0.049311
0.092693
-0.124363
-0.020885
-0.039086
0.096407
0.065816
0.100090
0.043154
0.046553
0.021644
0.084374
-0.009926
-0.053783
-0.084687
-0.029807
-0.067864
-0.043381
-0.049435
-0.096669
-0.061658
0.090439
-0.077984
-0.040080
0.045777
-0.105703
-0.054616
-0.110081
0.157363
-0.084604
-0.123652
0.041938
-0.065594
0.015012
0.003401
-0.042514
0.135584
-0.021275
0.087572
0.055508
0.021311
-0.164213
0.059535
-0.014679
-0.058177
-0.062355
-0.285105
-0.023653
-0.024742
0.003070
0.026602
-0.040502
0.197330
-0.091291
0.066325
-0.022037
0.057498
0.028571
-0.116656
0.021626
0.033333
-0.004072
0.094055
0.192692
0.201309
0.042826
0.151224
0.006713
-0.093613
0.172177
-0.082161
0.137761
-0.016097
-0.098274
0.062003
-0.221236
-0.012947
-0.151039
0.173863
0.116102
0.025776
0.120892
-0.007929
-0.019915
-0.101122
0.074575
-0.047237
-0.018200
0.161842
0.058188
0.142587
0.066070
0.183836
0.001905
-0.027778
0.133573
0.012614
-0.076381
-0.164017
0.064263
-0.388604
0.109291
-0.178802
-0.058364
0.117367
0.090432
0.022291
-0.022610
-0.032435
-0.012052
-0.136082
-0.008641
0.050535
0.087225
-0.269293
-0.070368
0.026884
0.112606
0.014768
-0.451647
-0.045723
0.044548
0.160125
-0.040500
-0.056836
0.145458
0.036272
-0.038953
0.097533
-0.227086
0.006699
0.131844
0.048706
-0.071147
-0.019988
0.087280
-0.025819
-0.048616
0.085279
-0.027316
0.134215
0.047696
-0.030640
-0.014296
-0.043845
-0.166563
0.102652
0.111798
0.078678
-0.128789
-0.014877
-0.113353
-0.090746
0.087683
-0.102896
0.203961
-0.005170
0.126264
0.025974
0.045430
-0.192637
-0.072465
-0.119838
0.155047
0.045504
0.078651
0.124699
0.055397
-0.104514
0.038075
-0.038253
0.159780
0.065060
0.064874
0.137442
-0.065816
-0.050304
-0.062082
0.110198
0.108048
0.090996
-0.126929
-0.079232
-0.017736
-0.054958
0.081916
0.118696
-0.119429
0.038962
0.017744
-0.103693
-0.100942
0.107122
0.082676
0.011617
-0.018051
-0.170832
-0.102803
0.012717
0.067095
0.089044
0.008319
-0.056887
-0.075470
-0.293566
0.020309
-0.040269
-0.135035
-0.018971
-0.525135
-0.171261
-0.050546
-0.032945
0.049499
-0.116942
0.002289
-0.083398
0.107353
0.060511
0.100821
-0.002747
0.080101
0.100040
-0.004700
-0.102808
0.043253
0.070980
0.026107
0.006948
0.013281
-0.060970
0.147592
0.021752
0.096494
0.045242
0.073361
0.073505
0.047747
-0.054625
0.032019
0.001563
0.031055
0.098023
0.021205
0.032141
-0.245442
-0.064299
-0.170097
-0.114355
-0.096856
0.092934
0.015586
-0.031466
-0.022907
-0.242260
0.026800
0.167536
-0.138566
0.157022
0.014745
0.046794
-0.055022
-0.362441
0.146802
0.066323
0.098905
0.030701
-0.043003
0.048352
0.104817
-0.058188
-0.040870
-0.066292
-0.118557
-0.054796
0.072574
0.093967
0.007058
-0.030708
-0.000255
0.221278
0.074690
0.009679
0.080250
-0.073029
0.065952
-0.018655
0.085162
-0.071240
-0.023867
0.083281
-0.002667
0.059945
0.070086
-0.091293
-0.116575
0.006165
0.070188
0.040449
0.075880
-0.168094
0.056567
0.079904
-0.053004
-0.102259
-0.037461
0.038230
0.070094
-0.094996
-0.075975
-0.025073
0.265772
-0.015210
-0.006351
0.015233
0.036166
0.058523
0.076604
-0.155764
0.065535
0.161203
0.003942
0.063466
-0.080488
0.009188
-0.085379
-0.362874
-0.048918
-0.022058
0.025039
-0.054660
-0.136133
-0.019418
0.103266
0.061423
0.009611
-0.100817
-0.117540
-0.050085
0.080735
0.028573
-0.186884
-0.084863
0.063016
-0.035851
0.047626
-0.075834
-0.001999
0.041478
0.009276
0.020472
0.006510
-0.121292
-0.072201
-0.052998
-0.012420
-0.036295
0.030999
-0.050266
-0.081609
0.034881
0.118320
0.013153
-0.007121
-0.121087
-0.020458
0.118959
-0.124017
0.045927
0.006411
-0.004783
-0.052170
0.018421
-0.048900
0.000180
-0.008571
-0.129889
0.128943
0.012191
-0.143027
-0.175774
-0.067175
-0.100724
-0.080147
0.125694
-0.015206
0.008484
-0.012653
-0.045208
-0.018365
0.053170
0.028867
0.045706
0.045291
-0.015064
0.060196
-0.044870
0.005924
-0.049886
0.072304
0.106070
0.148280
-0.028449
0.026609
-0.057275
-0.007030
0.065924
-0.114760
0.007643
0.024706
0.022030
-0.132563
0.140619
0.025739
0.000806
-0.058713
-0.022353
-0.104776
0.005972
-0.049702
-0.039177
0.014181
-0.007187
0.042827
-0.169990
-0.103843
0.033987
0.045290
-0.013881
-0.060560
-0.104342
-0.040945
-0.084580
-0.024967
-0.201898
0.100872
-0.049147
0.002930
0.201385
-0.078580
-0.045495
-0.130641
-0.016982
0.163730
0.043081
0.230104
0.304651
0.013794
-0.016103
-0.137670
-0.017033
0.095960
0.008946
0.099873
-0.006698
0.105591
-0.144341
0.028799
-0.056502
0.128837
0.540099
0.060163
0.179464
0.232752
0.063622
0.152585
0.096357
0.126411
0.068386
0.079720
-0.100470
0.027392
0.202465
0.170944
0.192587
0.085517
-0.130684
0.065032
0.061334
-0.052008
-0.064691
-0.143193
-0.027354
0.175089
-0.041519
-0.066930
0.005366
0.058126
-0.110070
0.070297
0.256746
0.046629
-0.565909
-0.094065
0.071665
-0.016893
0.072873
0.104600
-0.292679
0.094841
0.012303
-0.383805
0.050926
-0.001836
0.139696
-0.819177
0.020977
0.056281
-0.125682
0.227146
-0.002701
-0.103411
-0.013267
-0.211014
-0.060932
-0.161987
-0.279906
0.285991
-0.055175
-0.112049
-0.052018
0.100026
-0.052668
0.138164
0.068972
0.064811
0.024162
0.132457
0.053577
0.180804
0.060763
0.138664
-0.023621
0.315389
-0.049421
0.203482
-0.002740
-0.077411
-0.068012
-0.000293
-0.123610
-0.032960
-0.279282
0.057457
0.152888
0.160973
0.134573
-0.100090
0.019298
-0.017913
0.156097
-0.208369
0.077872
-0.016807
0.156847
0.174703
0.112615
0.075065
0.065971
-0.010317
-0.032683
0.131864
-0.060496
0.076642
-0.071371
0.003820
-0.135073
0.070843
-0.125536
-0.014135
0.090955
-0.040002
-0.129405
0.074500
-0.040249
-0.048504
-0.272144
-0.097917
0.056579
-0.086738
-0.040806
-0.270487
0.035987
0.188161
0.086690
0.058480
0.061324
-0.041357
0.004799
-0.023762
-0.108383
0.003896
0.016356
-0.129502
-0.022203
-0.042512
-0.027650
0.002656
0.063114
0.014487
0.086612
0.023144
0.025865
-0.030154
-0.058599
-0.106107
0.058643
0.058592
0.062493
0.185187
0.066768
0.060410
0.087312
0.010081
0.084399
0.166829
0.094745
0.054895
0.088491
0.002702
0.052408
-0.193461
-0.072760
-0.014051
0.015714
0.022649
0.038440
0.111670
0.025282
-0.659141
0.031148
-0.095655
0.099847
-0.119944
-0.050331
-0.019262
0.049929
-0.067293
-0.493410
0.140256
0.103546
0.154352
0.141465
0.026666
0.152321
0.044130
0.061579
0.096864
0.232489
0.171910
-0.155152
0.328681
-0.067610
-0.097327
0.044466
0.086832
-0.117992
-0.083003
-0.047875
-0.026826
-0.106185
-0.017407
-0.023131
0.011657
0.036368
-0.041334
0.051159
0.026997
0.087056
0.077722
-0.020237
0.101676
-0.022995
-0.274059
-0.037210
-0.027442
-0.031357
0.102791
-0.104324
-0.133424
-0.063834
0.062653
-0.061418
-0.063101
-0.346283
-0.101544
0.020728
-0.089289
0.042339
-0.012646
-0.013618
-0.153016
0.030777
-0.088895
0.169911
-0.053524
-0.030063
-0.010817
-0.023653
0.017303
-0.016997
0.038505
-0.051787
-0.044470
0.092943
0.036085
-0.013363
0.035540
0.075644
-0.033877
0.046005
-0.059324
-0.018903
0.179295
-0.070753
-0.026912
0.050209
0.055686
0.040008
-0.057669
-0.099068
-0.163977
-0.179934
-0.098689
-0.057530
0.040236
-0.008247
-0.009850
0.041704
0.117482
-0.036908
0.059378
0.112085
0.108623
0.106049
-0.036794
-0.068342
0.072584
0.074511
0.037435
-0.032247
-0.083029
0.082155
-0.225763
0.034563
0.014673
-0.036745
0.052201
-0.029447
-0.145958
-0.027529
0.046764
0.129914
0.011647
-0.011524
0.071834
0.050680
-0.280649
-0.007760
-0.099474
-0.091043
-0.043807
-0.030423
0.045168
-0.063925
0.051780
-0.024989
-0.088211
0.195416
0.016082
0.154105
0.073245
-0.003243
0.186866
-0.077422
-0.033580
-0.026609
-0.052053
-0.084386
0.067584
-0.028983
-0.032110
0.079569
-0.053604
0.038946
-0.134014
-0.264229
0.084155
-0.225691
0.024335
-0.057594
0.028679
0.079219
0.124176
0.030881
-0.462924
0.140299
-0.013235
0.090389
0.068448
-0.005540
-0.052683
0.061420
-0.079849
-0.160132
-0.022919
0.015214
-0.536234
0.046404
0.096131
-0.031198
0.066490
-0.090022
-1.197468
-0.151803
-0.166949
-0.056582
0.006290
0.006128
0.045796
-0.027021
0.159894
0.191635
0.029606
0.018409
0.075733
-0.032313
0.034304
0.079678
0.095334
-0.004300
-0.017886
-0.270725
0.119549
0.033306
-0.002152
-0.137819
0.064220
0.211469
0.143172
-0.125813
0.118446
0.058883
0.107962
0.159781
0.042005
-0.013167
0.083973
0.136579
0.170075
-0.076200
0.107504
0.153464
-0.017727
-0.074488
-0.017003
0.091036
0.003408
0.094566
0.039832
0.094571
0.184016
0.084105
-0.175814
0.049405
-0.095487
-0.044131
-0.003302
-0.022595
0.089152
0.077876
-0.048151
-0.075717
0.069836
-0.027869
-0.142401
-0.131685
-0.085242
-0.145459
0.057824
-0.016190
0.000314
0.045398
0.153905
-0.002265
-0.148415
0.011301
-0.389209
-0.038380
0.050054
-0.032874
-0.039042
0.007298
0.050331
-0.036033
-0.011874
0.010890
-0.024324
0.094606
0.084911
0.104257
0.086624
-0.170145
-0.045736
-0.001249
0.116096
-0.031509
-0.197007
0.044298
-0.087381
0.023612
0.016073
-0.123967
0.066056
-0.052594
-0.037753
0.013348
-0.084342
-0.019464
0.046451
0.124840
0.012709
0.027447
-0.122535
0.073405
0.003392
-0.002852
0.056781
0.027484
0.120585
0.053844
0.026090
-0.038617
0.087436
-0.064741
-0.540923
-0.037726
0.066783
0.007050
0.085459
-0.413882
-0.152847
-0.050977
-0.107442
-0.048762
-0.039469
0.061192
0.083516
-0.033772
-0.049056
-0.110699
-0.044675
0.071408
0.065127
-0.078669
0.005344
-0.141371
-0.046448
0.020478
-0.083351
0.345905
-0.013226
0.086706
-0.025270
-0.047742
-0.123470
-0.026011
-0.331546
0.072078
-0.066951
0.011248
-0.038348
-0.144183
0.035714
0.049134
-0.126225
0.018055
-0.006319
-0.466578
0.003866
-0.047792
-0.007610
-0.057626
0.028761
0.025635
0.048122
0.061787
-0.028514
0.167077
-0.048009
0.073234
-0.049672
0.013707
-0.087578
-0.006751
-0.000814
0.015241
-0.077896
0.051119
0.084420
0.013728
-0.050697
0.045640
-0.077520
-0.014699
-0.068586
-0.096365
-0.054705
-0.034351
0.073738
-0.005703
0.122260
0.090711
0.078724
0.058292
0.180583
0.074497
-0.036672
0.063479
-0.051709
0.079108
0.112672
-0.131305
-0.014636
0.114770
0.000684
0.032285
-0.036698
-0.020803
0.071698
-0.177861
0.061707
0.063450
0.082824
-0.069820
0.125294
0.087152
-0.016722
0.005859
0.041814
-0.000878
0.063726
-0.056224
-0.074925
-0.094779
0.008555
0.094636
-0.026038
0.017657
-0.082406
0.025114
0.023886
-0.023338
0.030078
0.039342
0.021230
-0.121154
-0.062415
-0.135100
-0.107084
0.028257
0.067194
0.048359
-0.196316
-0.014521
0.052961
-0.153886
-0.053398
0.006774
0.080149
0.130863
-0.079453
0.046730
0.089954
-0.015250
0.026513
-0.073644
-0.071546
0.004453
0.070763
-0.020976
0.060133
-0.018599
0.043620
0.018146
0.123611
-0.160063
0.046079
-0.097322
0.107687
-0.355105
-0.058307
-0.010331
0.037493
-0.030743
0.043966
0.011160
0.065625
0.242931
0.030400
0.015424
0.173902
-0.285231
-0.029274
0.079654
-0.095862
0.084345
0.122740
0.140177
0.039356
-0.080334
0.077993
0.034253
0.003644
-0.325287
0.110431
-0.064944
-0.089532
-0.009029
-0.034556
-0.099053
0.030184
-0.156044
0.162331
-0.331035
-0.017531
-0.150975
-0.085824
-0.008096
-0.065311
0.127111
-0.649788
-0.087398
0.192724
-0.955947
0.158126
0.167424
0.094907
0.191936
-0.002772
-0.212509
0.050717
-0.027103
-0.272974
-0.025120
-0.167063
0.059996
-0.030680
0.033925
0.076389
0.159808
0.060554
0.007989
-0.113306
0.014348
-0.003414
0.130544
-0.195453
-0.170776
0.030969
-0.026332
-0.016291
0.230894
0.044174
0.067194
0.041155
0.069857
0.086636
-0.046943
-0.019743
0.079467
0.090592
-0.016891
0.108525
-0.027375
-0.083196
-0.056470
-0.061028
0.048841
-0.048770
-0.153777
-0.017942
-0.011717
0.008918
-0.099943
0.048679
-0.037636
-0.092314
-0.069782
0.036364
-0.037176
-0.012297
-0.097061
-0.058475
-0.115370
0.035308
0.233717
0.167444
0.145816
-0.008896
-0.010871
0.025399
-0.155495
0.022172
0.041804
-0.011787
