memory_initialization_radix=16;
memory_initialization_vector=
bd6e590c,
3d2c8488,
3cedb255,
3bfd9684,
bd611ad8,
3d6fcffa,
bcc91bee,
bce5590b,
bed00257,
bc7efa92,
3d5a09af,
3ce95554,
3d9babff,
bd7d98d5,
3dd4e945,
3d3cf3be,
bd1ffbb9,
3d258786,
bd964ee8,
be02ba2d,
3c85f055,
3cbec2e9,
bd8bb169,
be2eb590,
bdb9978f,
3d4eb057,
bb3d042d,
3df080cf,
3cca1dab,
bd96dabd,
bd3706d0,
3daffa1b,
bc4a175b,
bd147d7b,
be43869c,
bd25892c,
bd8760f9,
3d548b38,
3cf79be8,
bd8eff2d,
3ba71416,
bd3eee1f,
3dded4ea,
3c97db7e,
3bd2aa31,
be35ebd9,
bda99e8e,
3d994eb9,
bd8ccf11,
3d242d26,
3dabe4d0,
3d33e593,
3de56892,
bc977d55,
3dc5bad5,
3c95c4d3,
3d337d10,
3bef0876,
bbd471c7,
bdaf7d76,
bce6b8ec,
3d53191d,
3d75ce86,
3d742752,
bd35b07c,
be0b6fdc,
3e0364dc,
be3d152c,
be183939,
3d4aa286,
3d43947f,
3d48b96d,
3aa7d36e,
bdda441c,
bda7922d,
bcdc932e,
3cc770f3,
3d1000cf,
bcc0e8c9,
3d92acf3,
bd2143af,
3d2f5d1d,
bd505c4c,
bd56bc5d,
3cf5426d,
bd69f7c0,
be2ee964,
bea38f14,
bd1755ad,
3dac2081,
3e3deaa7,
bd0c972a,
bcbf8201,
bd8bcce4,
3cc7d56c,
3e0663bf,
3deee06c,
bdcaef42,
3de49b24,
3ce0edf1,
3d7f073a,
bd151e42,
be648faa,
3d6bf145,
3d889553,
bd1232a8,
3d0c2715,
3dba600c,
3d93023f,
bb8e2fc4,
3cd9b02a,
bd1c670c,
3d0ebd6d,
3dc347b3,
3d39069a,
be260051,
bd9c17fa,
3d63d86a,
bde0e4f4,
bc59b49c,
be5e6f8e,
bd9d52c4,
3c99f488,
3ce97473,
bda3b1e1,
3cdc8fb8,
3d96b7f7,
bcad2a50,
be0946f1,
3e89339f,
3d6f85bf,
3d84cacc,
bd59e01b,
3d9f7ae5,
ba97f453,
bd849ce1,
bd9f59da,
3d43e7d9,
3d9d4b9c,
bda4c6d1,
3db5304f,
3cee93ed,
3da76e8b,
bc0f6bd9,
3e4e220e,
bda7bcaa,
3da97ddc,
3cdb9bf3,
ba9832bc,
3d378697,
3d823ee7,
bd8a92a0,
3cfffc8a,
3d5b1976,
3d844b36,
3e51a0db,
bb86ca09,
3e1d0631,
be4552b8,
3cb921e5,
bab6a670,
3e107e35,
bdd35124,
bd61a737,
3d079c79,
3e3852ef,
3bfefef9,
be0f97a7,
3d96f093,
3d9a50c4,
3cabb85a,
3e5d8a02,
3d16ef08,
3cbca68a,
3daff3c1,
bd810aa4,
3e0bbac6,
3e3b7b33,
be293be6,
bd909493,
3d8717f1,
3d75e6ff,
bdd5315e,
3d7a9e67,
bca507dc,
3dce48b2,
3db9aefe,
3dbc9c5f,
3deaa0bc,
bdc27733,
be47fbd3,
3e1f99a9,
be018096,
3de10800,
bd27b571,
3e06ea82,
be286647,
3da09fb1,
bdb2af2f,
bc123c0d,
bedf20c8,
bdfacf8b,
3d373531,
bda0e6f8,
3de47667,
bd2308ce,
3e6dea03,
be0102c7,
3de3a28f,
3c2e63ab,
bc4b36d5,
bdee9d96,
bd87d8d3,
3d822f41,
bd986e89,
be4a7277,
bca7762c,
3c19736f,
3d2f95a2,
3e2c768c,
3dd03f6b,
3d83ee91,
3d79096e,
3d047848,
bc0f1689,
3d85d773,
be19499f,
bddf78e5,
bd3ea37c,
3e1f927e,
3d97961f,
3c88c25c,
bd0053cb,
3db8edd8,
3c9a01c4,
bcd79634,
3c93aaad,
bf08dc9a,
3d0ca01f,
3dab94e8,
bd25e57d,
3db7e4f2,
3d822422,
bdc513f8,
3e316019,
3c1af809,
3d80178c,
3c4fbdc3,
3c5feed3,
3e0a1d61,
3d49b6db,
3d12dc86,
be1b2146,
bdac0c53,
3ca38637,
bcb046d5,
3bd5571f,
bc2dd2c1,
bd2cd4fd,
3c3d6795,
be834f42,
3d457e41,
bd906295,
3e09ad48,
3d6ccfcd,
bdfd1866,
3e0c2f8f,
be80c505,
bc19ff0f,
bcb5da57,
3dd3f421,
bd21de24,
3a8f7701,
3dbab626,
be3b01ca,
3e43de9a,
bea60eb4,
3e1a7ae3,
3c44f740,
bcc38754,
3dc3d429,
3e053e3f,
bdbfd741,
3c2b1c79,
3d23ea28,
bd39f00b,
3da8f868,
bbffb46b,
3e85fbaf,
bbc96a17,
3e2aa752,
3d88897c,
be29f382,
be0dc17a,
bd09ea67,
be028907,
3e16a38c,
bde41307,
3d4b9db0,
3e0be730,
3e5c2ffe,
3e938978,
3e40c502,
bca73d77,
bd8eaf43,
3e09d351,
3c9f2a1d,
be7b2701,
bcfe685b,
bec810bb,
bec8288a,
3da780cb,
bebbb919,
3da5833e,
3d15b0dc,
3d28448a,
3dac2744,
3d8cee3f,
be9eea84,
bdbc3367,
bdc4b6b8,
bc9e27d9,
bd848e20,
3e0a6944,
bd859285,
3d332cb0,
bd7d8234,
be4deaef,
be288f41,
bebd5fae,
3e0c51ac,
3d57466b,
3de0ce73,
bbc6c206,
3e7e5cc4,
bdeb5326,
3d10f464,
3d5cf78d,
3e07d7c9,
3db56636,
3d53d9ef,
3de47323,
3cfef599,
bcbf9399,
3df1dfef,
bd8c590f,
3d1ff9c8,
3e26e865,
3df58f6a,
3cf5a9f0,
3defffc2,
3a370814,
3db92505,
bddb24db,
bebc2bf8,
bd9cab5f,
be7585b5,
3e00dfab,
3e0fd407,
be435397,
3e07caa1,
3e3ef340,
3e1be2de,
3e05f6a2,
3d5cfbb4,
bf178c18,
3cb66044,
3d24c331,
bdfc7f93,
3e4b672b,
bd414d1f,
bd0fb64c,
3e09d560,
be26139e,
3d1a82f6,
bd87d508,
bdfe8234,
bd2fc0c5,
3d0f742f,
3c18a471,
bedc8f97,
bcf1fd59,
bc0bbe65,
3dd7092e,
bdd24e9e,
3bfba1a1,
3d71da48,
bdbfb3aa,
bd7165e4,
bc43ad69,
3b710df5,
bd976583,
3db11552,
bb65b57c,
3d2c074a,
39a5746e,
bc2ea4f9,
bd4b4d7e,
bb33fbf0,
bc7b116e,
3cbc07e9,
bd478403,
3d3c2b11,
bc3e2b3f,
3d73acd3,
3cb8c529,
bb33092c,
bcceb37c,
3d12b809,
bd65dc63,
bcc7dc6d,
3e004ef2,
bd1cb9fd,
3d12e0fe,
bdb9c260,
bdacd9c8,
3d7176ee,
3d632099,
3d384ec9,
3c87fae1,
bca06e3f,
3a97cab7,
be8a80f0,
3a84d669,
bda373cb,
bd40a57a,
3d9bda9a,
bd2b2946,
3d1d203a,
bdacf257,
bd7a053a,
bc14682c,
bba5b069,
bd6ed3fb,
bdf6b8ea,
bd6b010b,
bbfcb736,
bc9ff3f6,
bd8e1c0a,
3d40ea69,
3dbc5a6c,
bc1f270d,
bba3cab5,
bd23e83f,
3c50b28b,
bd096c63,
3be6fd50,
3ca02280,
3d1190b7,
3d806d7f,
bd4c10b2,
3dc0a8ec,
3d4ea7b6,
3cd4b0dc,
bdeba647,
bd2889f2,
3e3f61c9,
3e09f054,
bd1bfd7a,
3e49522f,
3c9d93ea,
bd2d1501,
be0a1690,
bb1cc878,
3cd614ba,
3d01bd2c,
3b94042e,
be244cd1,
bda940be,
3df81fcc,
bd0eaecf,
bcc3c841,
bd97bfba,
3dc0fdac,
3d3704c7,
3de9711d,
3d8d23d9,
bc242c1a,
3c2a39ba,
3d8b358c,
3c315d65,
be1c0078,
bc2161cf,
bd973ca9,
bc4fede9,
3da42618,
3e064f62,
bd193ef6,
3d67cc6a,
3d4beb91,
3cd788fe,
be14407b,
bde84dc2,
3e3b159b,
3d35bd92,
bdb26582,
3d61ad34,
be146d67,
bda259e7,
3d935e43,
ba42f589,
b98a47ed,
3e0a314b,
3db3d9df,
bca8326e,
bd0aa27b,
3d528b78,
3ceb01a6,
bd350ff7,
bcfa300d,
bd1fce24,
3e7c3b7a,
bd95aaf8,
3dc0f9a8,
bcc2dc43,
bdf4a050,
3b47a94c,
bd3a713b,
3dfcf8be,
3c820a11,
3d9e8898,
3de4d758,
bd4a5e40,
bd49d2f2,
3d9625ac,
bd9b4416,
3d993763,
bdf40473,
bdd4ffb3,
bb778406,
bda664c5,
bd72a57f,
bdcaaace,
3c9cecd0,
bc518380,
3dcb7042,
3d26244c,
3c468ee5,
3d122221,
b95c6e80,
bbc3d27d,
bd4d2d15,
3d699eed,
3ccd6a3c,
bdb734d0,
3d68f86a,
3b25022e,
bcafb580,
bcf4eee0,
3e1232ef,
bcc6e9ea,
bd1fc37d,
bd969cb3,
bdd82e97,
bc9dc111,
be422546,
3d94d059,
3d53231b,
bd366989,
3cd29335,
bd2f7d08,
39f9ff0a,
bdfc4a80,
bd543ef4,
bb9237d0,
bdb0bd9f,
3d9d52ce,
bd0fd9f8,
3e1ab1df,
3dceac68,
3d90e735,
3c4c11c7,
be1656ef,
3b90c8fb,
bd4ecf97,
3d08cc5f,
3ad5dec4,
3d04677b,
3df6922f,
be42a791,
3db5158c,
3e6606db,
3d459739,
bd114499,
3c903892,
3d1ab025,
bbd4a157,
be03b4c2,
bbc10e28,
3d102b49,
3d46cbf2,
bce17d4e,
bd82275e,
3deef5ab,
bc2ac59c,
3c08d20c,
be768065,
bd714562,
3d858873,
bed7ae1d,
3ce39429,
bda1c1bb,
bca413c6,
bd7f5fdd,
bdc415da,
bd23f161,
bd177616,
3ccd4888,
3d0fa6ef,
bda33440,
bbb067e7,
bc98cacd,
bdcfd099,
bcc3d9c4,
bd5409e5,
3b88dc5d,
3dd5a57c,
bd28eba1,
3c1b078e,
3de86255,
3c93a9eb,
3d5f336f,
bd443996,
bc14fa63,
3b9cb1a7,
3d44248a,
3db781c8,
3d0b1a32,
3c7081fe,
3d6aba28,
bc019a6a,
bc6ecf36,
3db792a1,
3d9c7167,
bcc91964,
3aa04606,
bc8f0fc3,
3d39684e,
be619807,
bcaaa89b,
3c387a65,
3e3a4fbd,
3baf4817,
3d050838,
bd2c96da,
bdaa02b2,
bd9e7a48,
bde5f744,
3ddc0855,
3d2edae7,
3d850801,
3dd6a453,
3d21a67e,
3da53552,
be8264bc,
bea982f2,
bdc6cc68,
bdd12ebd,
bd2359c2,
bd7d427e,
bd53db4c,
bd346f46,
3b21b03e,
bccd18d8,
bdb499e7,
bdcc918e,
3df07ccc,
3c79e346,
3de33d81,
3b973ff8,
bcf918fb,
3d104cec,
3d2f8a01,
bc97a106,
3bf548d7,
3c0b186d,
bd710975,
bd995960,
3db1d2a9,
3dea121a,
3d834702,
bd495c4d,
bd698807,
bd5fe797,
3d6e69cb,
3d7591c2,
bc3d676a,
bd551767,
3da2b3a5,
be1d73d6,
3d728da7,
bd562495,
3d885555,
bc8428b9,
3d3d7ba4,
bd0b1c94,
bd9c9905,
3d96e9cc,
3dad3e35,
3d92ee37,
3cbf4e9a,
bd841c4b,
bcbea0ba,
3e1cf374,
be36c5f0,
bbb54b26,
3d7228ea,
bba5385e,
bd042b8e,
3caf87b8,
3d916f4c,
bda22b6a,
3c9baee3,
3deb05e8,
3dc9f6d7,
bb9b36d3,
bdb0220f,
bd1e5b40,
3d868b45,
3b891ef8,
3c49151d,
b9c6dcc9,
bdd01072,
3bf5f9ac,
3d1c03b7,
bc2627c7,
be114947,
b8b1963b,
bc5d712a,
3daace97,
3d07a22e,
bd21339c,
3da677dc,
bd246bd3,
3d094401,
3dd40df6,
bdb242e0,
3c865fc1,
3da772d6,
be01438c,
bd52818a,
3df044d0,
beb60ab6,
3d9cf723,
3cec30e6,
bd061acc,
bdd7d84c,
3cf58e2c,
3c7c33d8,
3cf7789d,
be8dc0db,
3daaaeb5,
3d40cbf0,
bb51c1d4,
3d0129c9,
be8314e1,
bd1df020,
bba50203,
bc60079d,
3d2a5f47,
ba94a411,
bd6f6b12,
bd468550,
3dc7b7fb,
be01beb6,
bd5782ab,
3b09cdf5,
3ddc9d69,
bcd5320c,
3d598186,
3cea4380,
bc73453c,
3d9e4798,
bc867f8b,
bd88b49b,
bcb18914,
3d461f5f,
bd8dc1a7,
bda12884,
3d48b2ac,
bdbf17a3,
bc5600de,
bd8485b9,
3d5a2ad7,
3d8c180b,
3c0ba753,
3d79454e,
be080252,
3ba3bb46,
be8b6481,
bd17739d,
bdc7e3aa,
3d191ed8,
bcdbe8df,
3ca08c12,
bd2104cd,
bdeb84f2,
3bf86501,
3d465498,
bd22809e,
3d9d7e35,
3dc753b7,
be510c7d,
bd2893c8,
bc8bcf92,
bd72f24b,
bda3d625,
bd3f9dc2,
bdf6c00c,
bc7d6b25,
3d6e69c0,
3dc1e322,
bda829b2,
bc532521,
bd9cf319,
3cba7f88,
3d4ba723,
bc88f618,
bcd1a498,
3c984cbd,
bc121643,
bcdc2f2b,
be4d55f9,
be4a0472,
bd9c6f1c,
3cc428d4,
bd80e9b8,
bcb04e26,
bd48c422,
3c9daa0f,
bc37f2ab,
3d3dda4e,
bdc013bd,
3c924f78,
3ddd048e,
bd6e9110,
3d80c120,
3e1afd99,
3bccfd74,
bcb0de19,
3dda9e95,
3e01c3fa,
bbec203a,
bd1356c2,
3c9b56c9,
bca8ac92,
3cea5c2a,
bde28c71,
bd9ada5d,
3dd767aa,
bc7a087a,
ba35b935,
bdca044a,
3c6d40e1,
3d2ed06d,
bdb73a90,
3d1d4665,
3d717bec,
3d20d548,
bce1cd9b,
3d73cf1a,
be263389,
3d9b15dc,
bd74edc3,
bdb175fc,
3abc7b46,
3d033061,
bcbb2946,
be5802ba,
bd0ad328,
3d3fb60b,
3dd37b04,
3d9fb23b,
bd82b6a6,
3d11259a,
3d5c4e80,
3cd7241e,
3b2a448d,
3c97e864,
bd014735,
3c70a564,
3d12ea02,
3d83234e,
bbda10c3,
bd0684a7,
bd9c4296,
3cd1b0c2,
3d583992,
3e2621b2,
3dcbcf9a,
bd9dc132,
bd35d42a,
bb912ebc,
3c8154fa,
3d248052,
3bd39b1d,
3e3afbfd,
bcc61141,
bd019c25,
bce93da6,
bddfd235,
bd989a8d,
bdcd0cca,
bd861795,
3e82499a,
3d855c70,
3df286a9,
3df13563,
bd264b2b,
3d3d5df2,
3d4abfd2,
3e395546,
3d9110b5,
3d99450a,
3d295ae8,
3c93f357,
3bdc448f,
be0a8050,
3dba1fb8,
be521ce1,
3cc9ab35,
3e133f5b,
3dd0a6fa,
bdbe94fe,
bdde15b9,
3d63a0cf,
bd08fa52,
be05ae28,
3c18570f,
bd914c24,
3d4149b4,
3cc6bb10,
3e322674,
bbdd8b8c,
bdb40dd1,
be146d97,
3e0e4f91,
3cfbc95a,
be10f5e3,
3d37a197,
3d8eb264,
3e2e543a,
be30baa5,
3d2b40d6,
be7399e0,
3db034b9,
3d3f152f,
be2da223,
bcd6d285,
bda49195,
be887d22,
bd38fb3c,
bf577c91,
3dc1ad50,
bcdd6668,
bc8e67cd,
be5e0001,
3c7b0e1e,
3da624d2,
3d2ab6a0,
bce61c19,
bee48c23,
3e0f7917,
3e3a049f,
bd80a442,
bdf1ad92,
bb92aba9,
bd985f24,
3e3df131,
bd98b0f8,
bd5eaa07,
3e829b3c,
bd60dd48,
3dba11e6,
3e03adcb,
be45b857,
be5866d4,
bcfc447a,
bd978247,
bc2892e6,
be3d4d93,
3e83c2c4,
3e1460c5,
bdb16342,
3d7225dd,
be0121a2,
bd204f91,
bd27b38b,
bd5b0baa,
3c0513c6,
3d2dde3a,
be6c3721,
bdf70fb4,
be79e0b5,
3df418c0,
3ddf500f,
3dc5072e,
3db56c48,
3e3fc904,
bd6257b9,
3dca270e,
bd01a0ef,
bd979337,
3d773d1b,
3e0bf348,
3e58c460,
3d9379ea,
bd2f3453,
3e000b6a,
be13159e,
3dd6b6f5,
bd34713c,
bdee7f69,
3de00ede,
3dec2ed5,
3e2e4f4a,
3d20c0e0,
3d90a8b2,
3baace75,
bdca0f6a,
3e17e21f,
3d7398a1,
3d7f8066,
3e6cf9aa,
be6cbda8,
3e2bb6d6,
3d884279,
3d61b1f1,
bc330c5c,
bdf0700a,
3d8dc334,
3d088017,
3d94ef8f,
3d8dc90e,
bec09c3e,
3d84ac72,
bcfd2367,
3d03ec53,
bd911177,
bdc9bb94,
3d76834f,
bdab7403,
3dd34552,
bd6b6996,
3da7b482,
3bf1bbc5,
be3db39b,
bc11abfa,
bd38303b,
3cd2d7de,
3d518a8c,
bf0f4d2c,
3d3e044d,
3d05305e,
beb2c3cb,
3e013de6,
3c2d76dc,
bd8fcc81,
3c4f2024,
3ce639f6,
3d29fd42,
3dea3f17,
bd56a226,
3d996307,
bdd099dd,
3c907ec3,
bd886b9f,
3cc10d5c,
3bb9ceee,
3d6dc6f3,
3da4bf9f,
3c79657c,
3c11c092,
3d6be8b7,
bda7db4b,
3bbae98b,
3c3726be,
bcc884b9,
3caf2e0b,
3d3cbf16,
bd6fa7db,
3d9ffcb6,
3d489090,
3d4edde9,
3d1eea5e,
bdef0a81,
bbf76d75,
3dd1f8d0,
bd1d7c5a,
bc9fce57,
bdd9ba20,
3cb91987,
bc301c48,
bcfc9fe9,
3cacef57,
bdaf4a77,
3dc31cd9,
3d16dc10,
bdb37d1b,
3ce570ad,
bd0d025a,
bc28d495,
3daa652e,
be42cecb,
bc8b339b,
bd7cac26,
3da784ce,
3d99429c,
3d0fd9ed,
3e20d785,
bdb5fea1,
bd7b4924,
bcf3e022,
bbd44c33,
3dcdea46,
3c805f46,
bdb03384,
bd92d8d1,
bcd9e5da,
bbdd9b3c,
bc058855,
bcc40a31,
3d981f0c,
bd27e0c2,
bda07af7,
bd5c2929,
bd55165a,
bdf22713,
bd7ed065,
bd7a6e36,
3d09a372,
3cdad223,
bd59ca5c,
bdad00cd,
3db5826d,
bd830682,
3c1e58d1,
bd2e87e0,
bd569a0e,
3ce82f49,
bd1f305c,
bd42bd6a,
bdc1643c,
bdb4d3ca,
3c47d1bb,
3d002e81,
bc725f4e,
bd3ef45f,
bcf09ab8,
3d2268ae,
bd17abc1,
3ce2ce87,
bd6a9b72,
3e877360,
bdad4df9,
3c06652a,
bd853afb,
3cac595a,
bc8d8baf,
bde76969,
bd4565c8,
3d9902d9,
3d906902,
3d0a6c50,
bd14642e,
3db53931,
bce00544,
bdf81cf9,
3a94055b,
bd0e0f22,
3dec2e24,
be198e68,
bc6283e3,
bcba06b7,
be0906f8,
bcb2a915,
3d41a07f,
bdbb6b6f,
3e1a5421,
3b0a4060,
bd448e14,
bd1de3f4,
b94915de,
3ccb28d8,
3d2ead62,
3d84ee5c,
bde8b67c,
bd66595e,
3b961bb6,
bb9a6b51,
bd44012f,
3d8ed94c,
bd8ec4c4,
3d9b7a96,
3dab8eff,
3d2bd13c,
bda5422d,
bca6f919,
3c1be599,
3c74f99c,
3da09875,
ba061583,
3c32a422,
bc502c12,
3c20abbc,
3db65eb4,
bda97746,
bd96ede6,
3d18a909,
bd228271,
bcfda004,
3cf1562f,
3cbaaf79,
bb89c612,
3d0f9209,
3e065764,
3d463318,
3b98e554,
3c959c04,
bd71935e,
3d240fda,
3dd67536,
3e0c305d,
bd11ae81,
3c989776,
3d4f1cf1,
bdb59802,
bd929964,
b988b94d,
bdec4a80,
3d89cc5b,
bde2a920,
3db340e9,
3c95d2f6,
bc427236,
3d33d6aa,
bd280e6c,
3c0c8001,
bd9c26ed,
3d541216,
3bfedd40,
bd4fb044,
3dc63991,
3d9f5ecd,
bdb16c3e,
3d6788b3,
ba0afe76,
bcd60072,
bda0febc,
bde99729,
3d4c156f,
bc252492,
bdb00c74,
3d5800f0,
bd1ba1ac,
3d8c1c4b,
3d9b6321,
bd715072,
3e022311,
bdaed154,
3deed8f0,
bd14426a,
be0149f5,
3dbab19d,
bd826ad3,
3b674e02,
bc878f16,
bd24387f,
bca3d01f,
be1d74b7,
bb13c011,
3d6a11ef,
3dbeb92e,
3dcc4c50,
bcb72daf,
3d7684bc,
be19502b,
bc73deea,
3dd2a74d,
bd15a4c2,
be0ef419,
be11c0f2,
3d122178,
bc5fcd45,
be17f542,
3d878f05,
bc65053d,
3d9a6522,
3e0a3c8f,
bea699bc,
3c22ceac,
bdeaf6f3,
3e191d65,
3deebe0a,
3df7d461,
bdc41f4d,
3d7099ab,
3d4ac0ec,
3ddcd199,
3d133217,
bef385ff,
3d0259b4,
3da8e294,
bd7403db,
3e74e16d,
3d7d229e,
3d9f7648,
3cf0596f,
bd9c0f38,
bc92df71,
bdac7ae5,
3e3a7870,
bcd73698,
bda32c0c,
3dcf8b98,
3e55b2db,
3d25dd98,
3e544cfb,
be68fc30,
bddce3ab,
3e52a1e5,
bdc9ad2b,
3e13f1b0,
bd3b3388,
3e11c915,
3d8bbba7,
3ddd8798,
bdf23345,
3d31e81d,
3e93edb4,
bb3eb507,
3c8df323,
3e46b5a5,
bc9aeca6,
bef63e3e,
be33ba67,
bcd575c9,
3d1ad569,
3dad080f,
3e248fc9,
3ded95ed,
bd18e597,
bdb46db8,
bd17287e,
be074436,
3d9b986f,
bdd2583a,
be4e4392,
bcbe2dd3,
3c9f3bb0,
be958d0f,
be9dc7b9,
3ceb92fb,
be52d94d,
3d8ff47b,
3e645591,
3d3f8584,
bd6b1943,
bd8d01d0,
3ddabfef,
3da11bc7,
bdfbb048,
3c933323,
bd055b16,
beb08d21,
3e53acc5,
3d8e1b5f,
3d814b8e,
3df14d8b,
bb968cca,
bcbd4c8c,
3e25432a,
3e0c38cd,
3dec5a62,
bda54560,
3d50d97c,
bd3ab6d3,
3dfd3a87,
3d8a046a,
be492844,
be9b4f7f,
3d36fe72,
3d3a5a37,
bd0da0e0,
bde4632c,
3c5f16b1,
3d9b2c08,
3e012731,
bddff4c5,
be690556,
bcbf89c3,
3d97ed30,
3d6ab286,
3dba4a5e,
bdbe56f4,
bb2136f2,
3dc2f577,
3d8ebdc2,
3e8abb28,
3cde9490,
3cf52846,
3d3b9776,
bdc7c7cf,
3db0a8f2,
bda4fc5d,
bd2ac294,
bd4060a3,
3e3f2900,
be3a8c70,
3d7812b6,
bd96fd2a,
bd2ef203,
3d68f0fa,
bc831dbc,
3d1767fe,
bd70e0a0,
3dc13554,
3d625865,
beb7fcd8,
bdde08f7,
bd043a14,
3cf445b2,
3dbad37c,
bce49d9f,
3dde6e51,
bcce767b,
3d69e422,
bdcc8f59,
3d764e96,
3dbefbdf,
bb72c07c,
3bc8975e,
bdbb399f,
bd74bb3e,
3daa639a,
3caa90cd,
3cba49d8,
bd226596,
be328558,
3daf637d,
bdec15c8,
3d5967b5,
3e067047,
3b07ad89,
bdd6a4ff,
bd5acada,
3c3e39d7,
bda20f11,
be04486e,
3df15319,
bba5ddf6,
bd915481,
3d63666f,
3cc4e161,
3e0ccf97,
be360382,
3c4137b8,
bd988692,
bd93c1d1,
bd54bd4c,
3dcdbd63,
3d95716c,
bd19d7c5,
bc8dd18f,
bd883b02,
3d7ab515,
3dd7d0fa,
3def108f,
3cc87f05,
bd855a8b,
3cb0837b,
bd6616ab,
3da73007,
3cbc6541,
3c7163e6,
bc9a2052,
bdec2c18,
bc2e7e83,
3c8def87,
3d9db2a3,
bf07a511,
be7c1d37,
3d914c67,
bc27a8c6,
bd436e3c,
bd8ea416,
3db04d34,
3c08445d,
3dab5b78,
3c40ca20,
3e546407,
3b96a6a0,
bc84ec5e,
becb5c05,
bdc23844,
be1ea8c1,
3d220abf,
bcb8023a,
3da713b9,
3c8aaf66,
3d34409a,
3c3fa689,
3d654272,
bdcf7c15,
3d9e9982,
bb93046a,
be3ef6c9,
3d88a497,
3dc28d18,
3d110325,
3d84f7d5,
3c878ffc,
3ce73bbe,
3e856dee,
3d8a114a,
3d2a65fa,
3c48e125,
bd18e300,
bd590afc,
bcc2fc24,
bdb8b9c0,
3e952461,
3d9afc34,
bd9d6c5d,
3d208b4e,
3d169a26,
be6ea173,
be2c6c37,
be3e118a,
3d0dcced,
3dab56a8,
bc4b73fc,
3c8c1831,
bdd86039,
bda78205,
bddec5a4,
bd055814,
bb872ec8,
bd1177ea,
bdc9859d,
3b4e6bde,
3da5f964,
bcf4e738,
3d5b3e1c,
3db50838,
bd373a4f,
bcd65da0,
3d6ac548,
3c0c69db,
bd6a11ed,
3d0f3677,
bd8db78f,
3d756d3d,
bc1bf2c5,
3ae5f08a,
bd864184,
3c99b746,
3d33ee64,
3d825f25,
bcdeec7f,
bd1da1fc,
3dc1eca0,
3d85247d,
be97f625,
be1b581e,
3d7d54aa,
bca6b836,
3d8621b3,
bd64de94,
3db2935e,
bb017c97,
bc37b462,
bcb5c4c8,
3de19519,
bc3502ac,
bd884c89,
3c249cd8,
3d6b14d7,
3dbd4f19,
3ce3433c,
bcd5d3e7,
3d15f453,
3d3a1a9b,
bdcdd4c3,
3dc5fd1e,
bd6fd2f4,
bcfee4c8,
bdc9809f,
3d236971,
bc65c064,
bb778634,
beb8d262,
bd3a915c,
3d07930c,
3e1253be,
3c0c7d7c,
bca8c805,
bcd86475,
bd652e05,
3e501e1a,
3dd9e520,
3b9c3327,
3d8bf93f,
bcb90c16,
be1650a7,
bd152434,
bc2a87d3,
3d51eb85,
3e1445e5,
3d9eae2b,
be1fa251,
bd61959f,
bdbfe14b,
bc74f02c,
bd205cd5,
3e12ccc2,
3e0a4225,
3ce16f51,
3bf39fb5,
bdaff08d,
bcf26984,
3da83e32,
3dcb5650,
be002e46,
bd38ed6f,
3d614110,
bc18f6b1,
bd918578,
be4ea2d6,
3da6b043,
beb296c0,
3dbb3258,
3dad7fe8,
3d4c6477,
3d924633,
3c334d09,
3d414329,
bd989ea1,
bde4f8ef,
bd557406,
3d59380a,
bb4a6bf4,
3df12e13,
bc6f3fbe,
bdb932dc,
3cd3731a,
bd9f0230,
be1f3865,
3d1a169c,
bec6fd6f,
3bb0d06d,
bd8e1a9d,
3b0eb814,
3d3a841b,
be00ebe3,
bf025a52,
be21e90c,
bded0592,
3dcf55f2,
3d7d49b2,
3d2f2cc6,
3c2d0527,
3d334dd8,
3de2462d,
be1381ad,
3cdd8485,
3d69862e,
be155e11,
bd0ff172,
3d6714f2,
3e4f4c6c,
3d72415b,
3bdd9e2b,
3c69f943,
be6bbd1f,
3ce4227f,
3e094f85,
3e0c387b,
3dc637ed,
3c36606f,
3e1c6804,
3dd50520,
bd90b047,
bd24e103,
be086d62,
3d209d57,
3e0c1691,
bd9d546e,
3de4cf87,
bd4eb24a,
3e268d93,
3d8f1595,
be50991f,
bb41b7c6,
bcfe5769,
3d901f71,
bcfbe3fc,
bd9962b0,
bc3dd4e2,
3cffd914,
3d1ce44a,
3e531099,
bddadc22,
3d1c9eaa,
3d831c55,
be02bf62,
3c6e5614,
3c861390,
3b13052b,
bd73bb56,
3df5076c,
3dc9c91a,
3caa8631,
3d0a7308,
3df6982e,
3e1a7dc2,
bd66177f,
bea63f73,
bd2de62f,
3c85a083,
3ccb27d7,
bddc2ce8,
bd075115,
bca1ec23,
3dfaeea4,
3d131e22,
be169bf2,
bcedcc3c,
3c0c608c,
3d0bbeb8,
bd44655d,
3d943d0e,
bcaf8e58,
3d2cf056,
3d1c72da,
3bb46725,
bd099d96,
bcd2ea2d,
3d147de9,
bdcd1eba,
bda7dfc6,
bcf235e8,
3d567ce7,
bd831ad1,
3d8d732c,
3d31390b,
3d0afa37,
bda99a89,
3c9a935f,
be4b38a5,
bdf81631,
bd899331,
bd5ba903,
bd4afcd9,
3e0add9e,
3dbac8ef,
bd866214,
3d400b0b,
3d8910b9,
3dd121b2,
bd09ea7a,
3db314fb,
be8cf7d5,
bd107b53,
3d8b5e65,
3dbda52e,
bd9a1b7f,
bdab2414,
3ca3310d,
3dadf826,
3c5cbbad,
3c9523de,
bdbe1b70,
bd90d006,
3d043fa8,
3d82a4ef,
bd7a50c1,
3d9530d6,
3d0376cb,
3c103e26,
3e1496ce,
3d150cda,
be36659e,
be9dcb64,
bd24a5dc,
3c740bc0,
bd3d2517,
bd14b39e,
bd749d1b,
3d7932bf,
bb777aa0,
3e01371a,
beab1731,
3d512679,
3d66b48a,
bd7dc466,
3c7b0bcf,
3c2ceb66,
3d84b976,
3d11f828,
3d7553d2,
3d54de81,
bed86dde,
bd09684e,
bd45f68a,
3c8e5a61,
3da9ab9f,
be16d16e,
bd5785ae,
be84999f,
bd4444a0,
bce9d338,
3dde0c92,
3cfcb954,
3e30a228,
3dbc79f6,
bafb193b,
bcbde9d6,
3d920c34,
be7a63e2,
bec1c7ab,
bdd06f32,
3cb115a2,
3d85bc74,
bd5cd523,
bc4d4b58,
bdac1d0a,
3d2287e5,
bd3286e6,
3e3ea472,
bdd0a490,
bd48c8ea,
be0096c9,
bcd5ee09,
3ca3e13b,
bd819935,
3d814c89,
3d8dc561,
bcdf1b8f,
bdad5ef7,
3d84949f,
be212b0f,
bcaa44ad,
bd215507,
bda4aa94,
bba07581,
3d95d99d,
bdcc4ffc,
bc13a645,
3d597910,
bd2adb40,
3dd9d8db,
3dcafd39,
3c1f77ca,
bd7e76e4,
3e03408b,
3d9a009f,
3d803989,
bda195b0,
3e1c83d2,
3daeaf1d,
bc8369ac,
3c8ce2cd,
be1b470a,
bdf4962e,
bd5b1270,
3da06775,
bd113cbe,
bd15218a,
bd8b7228,
3c0aaea5,
3db574a8,
3da08594,
bcb51053,
bb12faef,
bdcb8e64,
bd097b8f,
bcba60ff,
3c054f8b,
bd450441,
bd099502,
bd6d9c1d,
3dc1d997,
3bd01ee7,
3d0cbfaf,
3d80b73d,
3ca7eadb,
bd2b1eb2,
bd824427,
bd8af19e,
bd83e7c4,
bdb2e6f7,
bdcaa309,
3dc4aa1e,
3dc0d748,
3d92509e,
3d17f23d,
bd7d903c,
bc30da73,
bc6898e6,
bdc43775,
3d14238b,
bda91f71,
bc5bf95b,
3c74cf8b,
3d3e8699,
bd6022c5,
3d3a73fd,
3d26c59c,
bd8beaea,
3dcef00d,
bd9a4382,
3c62954c,
3c5dd0e1,
bd8ddf17,
3ceb265f,
bd7a0e1e,
3c702fbe,
3caf8ebe,
3dbf1b8c,
3dc1ae2a,
3be1cf12,
3b72c22a,
bd081637,
3cf56ddb,
bdd43cf9,
3d4a6dbf,
bdbea284,
3d7b6d3e,
be35b0a9,
3df3a2d5,
3cc1fa2b,
bbef9980,
bd8556cf,
3c7d350a,
bd6288fc,
bd1bde2a,
ba8e9c3b,
3ca9f1d1,
3da1be7a,
bc9a909a,
bd991e10,
bdad8c1c,
3e8d34f3,
bcd733b3,
bd9e8d15,
bda2ae04,
bdbd788f,
3cacbd18,
3e20dc30,
bd8910fa,
bc813915,
3dc379ed,
3dcb6df5,
bbcab42e,
bddcad4e,
be2e72ba,
bdc28b73,
beea87a4,
3d76d435,
3e5cd2f9,
3dc4f1d5,
bdb2d7af,
3c363dea,
3ddee2cc,
bd720a41,
bec9b6ab,
3c84c9f4,
bdf3b44c,
3d7e28f0,
bd836d2e,
3de3ceaf,
bde69b03,
bf4f28eb,
bdc7d0c4,
3d180e62,
becbd337,
3de66588,
3caa2d2b,
3e1ecca3,
3d280fec,
3dd1dbc7,
be4ce508,
3dacaaee,
bd723d67,
bc62d85d,
beb54536,
3cd92bcb,
bd12b70f,
bd180491,
3d301b03,
be25db02,
bcf96a24,
3dba0f8a,
bcd1a1fe,
bc8dc4ba,
bccc6f09,
3da4b02d,
bd5b00ba,
be122b11,
bdbb5e0b,
bdecccb9,
bdfd2605,
bddc3e07,
3cc9dad0,
3cf5344f,
bd8ba50e,
be17d03a,
bcd1ed33,
ba851fe5,
3c50ee70,
3de8a71d,
3ddd8a44,
3d18aab4,
3dbb3834,
bbe7224e,
bd02ef36,
be2ca1c1,
3e40f7f8,
bdc2d925,
bdae37c6,
bc556aab,
3dc6ffba,
bd8ec340,
bd1d5893,
bd6a8024,
3df3a1a1,
3d9559cc,
3d311c02,
bc40cdbb,
bc004779,
bc6826db,
bd59eabd,
bd917fed,
bd182101,
39421a16,
bd203616,
3d8fe7d1,
3e112103,
bce00859,
babf1a5d,
3d6be152,
bd417d81,
be00dc05,
bde4f383,
bc3d30cd,
3de8f8d0,
3dac68ad,
bc8a34f8,
3da70fcc,
bd899470,
3d9176ad,
3db4bd31,
bd311264,
bd7cacdc,
bda47565,
beb6b64b,
bcc5035a,
3cb2d001,
3c155db5,
bcd97445,
bd9a150d,
bcb85e9c,
3d84c7e2,
3d7ba1df,
bbdeeea3,
bdaed457,
3d592d28,
bd236a7e,
bb10c3b2,
bc94f692,
3c4337a3,
bd6a1728,
3cbf8e0a,
bd20ec2c,
3c58fb44,
3d89ea87,
3c40998e,
3d0bed69,
3dda4d9d,
3cead556,
3d160b52,
bdc2d9be,
bd64edbe,
3b09a1d5,
3dbb2bb7,
3d723ea1,
3d269a76,
3cf55054,
3b1b78c2,
3c07a5bc,
3c3ce360,
3e2941b2,
bdf7c4bb,
3bf69a26,
bd1ca3f3,
bd83fa0c,
bd63bd77,
3d119f2a,
bd5a8c6b,
3db786cc,
3b8988d5,
3cf0b2f1,
3c147db1,
bde29d42,
3dc6f2ba,
bd467f86,
bd46c460,
bcb44699,
3dfef8a2,
3d9e58f2,
bd590372,
bb40249e,
be3015d8,
3da5c577,
bd90c554,
be181861,
3e3dae6c,
3d9d46e8,
3dd42eae,
3dcd518f,
bd245659,
bd452ebb,
3a4a2654,
bd419340,
3dd20b1d,
3c1b122a,
3bc61929,
3bfdcee3,
3d1824d5,
bdfd9a5c,
3ca10b8e,
bc0c75e5,
3e117285,
bdb90c6b,
be1e7c83,
bb450f13,
3d9f38f4,
3e3f6941,
3db9e785,
3c87a0e4,
bc66cdaa,
3dcac501,
3da857a0,
3dd2d23e,
be104876,
3dbee91e,
3de6e721,
bcb686d0,
3d9a0846,
bddb9af4,
bd746f13,
bdaf8c5c,
bc8ab5c1,
bdb10391,
3dfca696,
3d944d54,
bda0b474,
3b88016c,
bb9dcfb4,
bc6c92c6,
3cf038d3,
bc3961c1,
bcb8c95a,
bde325a0,
bdb41329,
bde15534,
be0d0e9d,
bd3238af,
bb5e3ce2,
bceda83f,
bd3b7780,
be31b15e,
3d82c97d,
3da1fd1c,
3c8c6f9a,
beb4e62b,
3e7da0b9,
bda7101e,
bcaec21a,
3d7c7ffe,
3beb4345,
3d496ad5,
bc90e921,
3c9a1331,
3c90eb3f,
3d055dad,
bc6feb55,
3dd60c61,
3dc891e7,
3dd476e3,
3dad7b34,
3e22cf5b,
be21a0d8,
3e26e588,
3cff8b26,
bdcb688c,
bd305f1e,
3da8c11a,
3c46f801,
bc875ef4,
3e0b8ee3,
3b0d09be,
3e0f0b2f,
3dc54857,
3e22361a,
be1143be,
3d16ed2a,
3d98e3ce,
3df93a43,
3c8cb7a4,
bd858c71,
3d2a4f21,
3d9e8241,
3d3cbcd2,
be2f084c,
bd9e8786,
3d781657,
3cbd9ad0,
bcdc18a5,
3e11f947,
bcaa1e5c,
3de8b1a2,
be22c026,
3e1bedb2,
3e7a5974,
3c82b643,
be39be33,
3da43f6e,
3cf4ebb0,
bd22a559,
3de8eae2,
bdbf19a1,
bc90fa74,
3d5390d4,
bd2a83f8,
3dcfb7fc,
bdc0378e,
be573fea,
3db78010,
3bd232fe,
3dcd4b95,
bdd984db,
3e00ac60,
bdac6277,
3cfea07a,
be090daa,
3dc1b965,
bece09b1,
bdac45a2,
3c8612fa,
bd6b192b,
3dd7e6c4,
3e0a7d1f,
bd48df4f,
bcf33f2d,
3e382a42,
bd92da12,
3d1b5b60,
3df8c595,
bd70f312,
bd8773b7,
bc18442f,
bdcd94fe,
3d6225e2,
3cb86816,
bd42dea2,
3cda46e3,
3e0f2742,
3d111d19,
3dad7d3a,
3cf9053f,
bd5f604b,
bda185ac,
3c7731db,
3dedab60,
bda4b865,
bcd32571,
3df2333b,
bce07d64,
3d11830d,
bccf84c3,
3c85653f,
bdd5adc2,
3e37f088,
beed6b66,
bcf0957f,
3db79ec9,
bd2489a5,
bc4a887a,
3c26ac7d,
bd5386eb,
3d823029,
bd8ef629,
bd951203,
bbd970ca,
bd71bee5,
3d95406c,
bd20f9c8,
bd9fc142,
bd12f4aa,
bd1e7fcd,
3cf22881,
3d2c2a18,
3cd523ee,
3c83e35a,
3d6e6195,
3de6ba54,
bea98aa5,
3cfd23b2,
3a9ee0ab,
3e45be2d,
bd843121,
bdb03236,
3d7b5f77,
beb003d4,
3c6e2b0c,
bcd04238,
bd615ecd,
3cbcdd10,
3e17ac8d,
3d910230,
be414cbb,
3e74bbc5,
bec31260,
bc1c6b1b,
3d9fd62d,
3d73e723,
3e5c0bf0,
3e290a6e,
bc79d4e3,
bbd264fd,
3e08ecc3,
3e363444,
bdb1cd5c,
3dca6398,
3e714b7a,
bccb4bee,
3dca9ea2,
bb4555e0,
bde60a21,
bcc4ff59,
bea2d89b,
be4f3d53,
3e83588d,
bd2fe5ac,
bc42de16,
3d3c0b9c,
3e7ecdb0,
bd9bb962,
3dc4ee06,
bd8b3f90,
bd16b922,
3e518695,
3c99187a,
be6ad685,
3e0b85e9,
bea2ccc3,
becca8c7,
3dcbe5b4,
be61fc50,
3b7a9202,
3dd9dad6,
3a4ad983,
3c8c57d8,
3e09bf45,
be7eb37f,
bdfd4e89,
3cfb1738,
bd044d9a,
be8f233d,
3d98b8ae,
3cb50560,
3cf6cd21,
bd5a4af2,
be294ddd,
beb57877,
bdafbe0f,
3ddc3990,
bc610325,
3dc029bd,
3d8df160,
3dc59fc7,
3d40995b,
3da9f70f,
bd19ccd8,
3e714030,
3e2b2e3d,
3ccb43e6,
3e468dfe,
bd180969,
bde99a09,
3d792bdb,
bb5bae11,
bc4aa682,
3d46f58d,
bc5c1413,
bd56f7f1,
3e473c80,
3d87da11,
bd62d58d,
be64d106,
beb300b0,
3cb0c900,
bdc6aa2f,
3ca95dd2,
3e0c31d1,
bda88b48,
3dbb0701,
3d87830f,
3d5caa88,
3e396998,
3e37acc3,
be803915,
bd834d6e,
3df15189,
be20ed3d,
3e44cec7,
3d604d88,
be1b93a2,
3db48eac,
bd7a13ca,
bdd6fb3b,
bdb53325,
bc9532c2,
3e2dd7c2,
bdbbd699,
bdc6d312,
bef4c20c,
bc8c926a,
3cdb179e,
bca4b4c0,
be0ebccd,
3c785a44,
3ce2ae71,
3d27b6a0,
3d834a1f,
bc58a634,
3e043d6d,
bd97fcc0,
3d8f5770,
3cb62e50,
bd6d7264,
3cad0f73,
bda4997a,
3d03e8e8,
3d86fe05,
bc506096,
bd107f39,
3cbdba66,
3cd1aacd,
bd960bce,
bd8cb28f,
bcfd5ea5,
bde72bf1,
3daea695,
bc741530,
3dd40cfb,
bd3ecea2,
3db9355a,
3c962cb8,
3d4c717d,
3d678684,
3da84cd2,
bd039830,
bcb2ec56,
bd990ca0,
bd4e2829,
3cd64c48,
3ce6f68f,
be03c393,
3d62abfc,
bd46d7c6,
3d8eb12f,
3c35079f,
3d49d0ac,
bd88858b,
bce4c918,
bcf59d20,
3c321a9a,
3b8c9db3,
3d84fae8,
bdd6a509,
bd31b074,
bd700683,
bd7ff55e,
bd88c091,
3d4560aa,
3a6781da,
3d7e109a,
3de00537,
bb877681,
3c1a30c3,
3d2ea1ef,
3d3b03b4,
bc54b7f3,
bcc3e034,
3dda7471,
bd9bbd1a,
3e0f7aac,
bd468032,
3cf97d04,
bdef8d26,
bd845a8f,
3e06c387,
3e2bc6a9,
bca2fe2c,
bbadc8fc,
bbc6f7f7,
3d52d4ff,
be736b2f,
bde3e740,
3c6a6af8,
bcf09db2,
bc0bbab4,
bd28a51d,
be1a360b,
3d9dc031,
3c901170,
3d1649e1,
bbf7451b,
3ce0a74a,
3d900ace,
3cb48151,
3dfbe5d3,
3c09ee81,
bdc15018,
3e0ebeb7,
bc1a7e66,
be19cb43,
3d3eb39f,
3c8d7ce6,
bda33f33,
bd9124f6,
3d9003f5,
bdbcb3f6,
3d4474ba,
3ddf3238,
bdadaaa8,
be22af0d,
bd08382b,
3d54561e,
bc923969,
bdcb2d19,
bc5494cd,
be1e4f0a,
3c1c65d2,
3d3a14cc,
3d86dc82,
3dbbdf6a,
3e376155,
3bf08ede,
3c8571a4,
3cb6e1ae,
3d9248ca,
3d55a3c6,
3de3b742,
3da8a6d8,
3daff17a,
3dcc6ec8,
be428596,
3e0685f8,
bb40b897,
bd6465d6,
3c03e857,
3cab3873,
3e2bc9a4,
bd9a6d3f,
bd495940,
bc7c9532,
bd872a54,
3d3ca8f6,
bc6124be,
bdb022c1,
3dbbfc8f,
3d14aaaa,
bbc4f57d,
3ce5d78b,
bdd2c5fe,
3ac07aaf,
bde02732,
bc3bf209,
bc885cb0,
3deb46d6,
3d4c3ce2,
3d15fd9b,
3c4df52b,
bd8d4cc1,
bd3096be,
3d2f2ebf,
3da5d17e,
bd041e0f,
bbee0a09,
bcc64ae8,
3d8b59a5,
3d490f96,
3af27553,
3dc1d55a,
3d8cfed4,
bc2a94bf,
3c37a263,
bd62126c,
3c416ec0,
bc4c750e,
bc8a5f2f,
3d42cd14,
bd93573b,
3c86e4f7,
3d2cd520,
3dc4f069,
bdad5bf4,
3d246c91,
bda7fef5,
3c330ac4,
3c9ae2aa,
babb6673,
3cca7c30,
bd649358,
bd55e572,
3b1cc9a5,
bde8556f,
be087a4e,
bd0c3bd0,
3c7e0122,
bd0c2f6e,
3d92cc95,
3dc09aa4,
bdf19d13,
3dbb1634,
3da06ec3,
3a2418cf,
3d0d9ad6,
3d8f6f43,
bd192e42,
bcea5fdb,
bdb8ca4f,
3e0114f7,
bd09c053,
bcc6f9da,
3c357913,
bbe81075,
3da14531,
bc8afa55,
3c8f7dd7,
be4c87a4,
bdc9e844,
3dc5adad,
be13c3ab,
3df3aa77,
3d49b65f,
bc786501,
3db29b73,
bdc33d17,
3bb664ab,
3bffa339,
3ddc79d8,
3d491786,
3d6ed279,
3c9a0138,
bc46fdd6,
bdc0bd63,
bc939787,
bcf3b2b0,
3d5fa1f4,
bc429c1c,
bd4be117,
3d90f43f,
3d399740,
bd1fbf08,
bc593ce8,
3ce0bf22,
3d01c517,
3cc94dc7,
bd8cc248,
3c9ac8b9,
3d9814fb,
bde6af2d,
bf5938da,
bb93f4bf,
3d4b78df,
3d9f5857,
bda40444,
bc865d32,
3d01f236,
bc728091,
3d8cd550,
bf0321b8,
bd4cac6c,
3d766d70,
3dbb48c5,
be15991c,
3dfb67e9,
3c3d47ea,
bb8b168a,
3b0e434f,
bdd5838a,
3e18f6da,
bcafc4c4,
bd585dd5,
bbe9c52b,
bd8b399f,
3d2bcae2,
bdf86a0e,
be6cd1cf,
bd4bbdfc,
bd9a9b75,
bc8b659a,
3c7e8d7a,
bd94e491,
3cb6ea48,
bc616b75,
bd1a54fe,
3c702d4f,
bd2c4934,
3daf0039,
bd7622da,
bd885a6a,
3de76df3,
bbfd8fce,
bd9f2c93,
3c1608a0,
3de71c20,
3d5d3f84,
bd01150b,
bd011612,
39a763b2,
3d2b0de8,
bd1b346c,
bb7ad4f3,
3d8eb9c6,
bc8bbb3a,
bda6d997,
3d39a7b7,
bd1a0a8d,
3ad6441a,
bdd9c24c,
3da2603d,
bdc0d5ec,
bd2b341e,
bd4d8fe6,
bc933dca,
bcaf3f83,
3d912c4b,
3db8a0d9,
bd981494,
3cc41645,
bd50dd58,
bc7af5d5,
bd0a3ca7,
bd198014,
bd32dcdc,
3e2931f6,
bdaea8bd,
bca84f19,
3cccc215,
bd89309e,
bb05ffb4,
bbf05f64,
3d558e42,
3d9edc29,
3d8a6eac,
3caa84f9,
3d3a45df,
bdab9aa8,
bc5a8fee,
bd2f182e,
3d0fa3e2,
3db82edf,
bdbb623f,
be00b530,
bdc67508,
3d2b53d9,
3d944b9a,
3d6eb91e,
bdbbcc2b,
bdad6fd6,
bd30ae81,
3badd38d,
bd0354bc,
bd2fb9b1,
3d3b3f8f,
be12f0d7,
3d977be7,
3b4da793,
3d54b5cf,
3c53be63,
bd98cee0,
bd8b8f44,
3d0ca293,
3e498393,
be4c6eb4,
3d6692fc,
bc08b57b,
bc2b9128,
bdad5684,
3d7d914b,
bdad8e2a,
3d2c5e9e,
be57a0d9,
bd013b36,
bc7cbfe4,
bdb3997e,
3d96ad08,
be2dd6c0,
3ce8ee5b,
3d5e9db5,
3d7a14c7,
bd3cfea1,
be7a4cef,
bd1e1760,
3d42c13b,
3c6da946,
be528630,
3cdd5734,
bbae425e,
3d358944,
3cefa09c,
3aeba9dd,
bd9d0fac,
3ce029ac,
bd0ce81b,
bd914da3,
bd29e1c6,
3caeb1b4,
3d65028b,
bdc5dee7,
bd15f47e,
bbd0853e,
bc90622e,
bb6244d9,
bd66f290,
3d29ce9b,
3dfb5af8,
bc46c7db,
3d59998f,
bdb8088c,
3dc56900,
bd373533,
bda555cf,
bce4c379,
3cfe1e64,
3d072286,
3c46f116,
bca3e9ba,
be2e3714,
bc66af82,
3d86ca11,
bd8d8d08,
bd6446cc,
3cfa3a89,
bd027050,
bdccdb8f,
3d47e666,
3d77b05e,
bd72dc3b,
bda94f5e,
3ceda2e1,
bd7d2d3a,
3d6c4f13,
be2816d0,
bd91335e,
bd1528d1,
3c0987d4,
bd139b96,
bcdcd5ea,
bd14ff91,
bcdb0df3,
3d571a1b,
3d6a7cd1,
3da284e1,
be0e63a0,
be3aaff4,
bc96bdac,
bd26628b,
3d41c0c0,
bd2d42e9,
b972f47f,
bc6703a5,
3d891149,
bdbcad8b,
be12e853,
3d577eea,
3df6bd48,
bc7175d9,
3d8e30fa,
3e4da529,
3dd2b2ff,
bd308e40,
bc801696,
3c039ea6,
3c0bf247,
bd831f77,
3c8409c5,
3d442589,
bd4907a6,
3caaace2,
bd20f104,
3e0661be,
3b0cf821,
3d7f6fed,
bd2f8f42,
3c5aeece,
3de85167,
3d14f65f,
3d452a74,
bd3122d5,
3d18f4ae,
bd20c527,
bd61a239,
3c1864d1,
bcba5edc,
3d91aafe,
bbd1c606,
3d5568d5,
3d55d534,
3d237434,
bd922e2c,
3cc8083d,
bab151c7,
3ccf2160,
bcecd429,
bd5e7d16,
bce9c12f,
bd92bcec,
3da8c389,
3a2ac0b3,
bc3fd60f,
3cc1382f,
3d55f098,
3cfce21e,
3d8b12de,
3d0ebe31,
bd20107e,
be5a015d,
3d7e290b,
3d7b3aec,
3e29b38d,
3d1b080c,
bcdaaba3,
bd27a0d9,
3da3085e,
bce2457a,
3d910f9b,
3c33f215,
3df118fd,
bd906630,
3da95653,
be1a44e7,
bd4f315b,
bccbe46a,
bb7846ce,
bcca25de,
3e859103,
3a47de7b,
3ca8e99e,
3defd4d2,
bd83a3dd,
3d681e19,
bcc513e1,
3e40f714,
3ccbe01e,
3e090f49,
bddac7fd,
3d26899c,
bcffa1bc,
be9d6d05,
bc0de526,
be0edc96,
3e274799,
3e07161a,
3cd91db9,
bd4a7bdf,
3d972322,
bd0b80ca,
be953945,
3cebed94,
3d6f63c3,
3db524be,
bd2b33d8,
3c15324c,
3d8a141f,
3d774b4e,
bea4643c,
be3dbae3,
3bb96a44,
3dbf59fc,
bc440fe5,
3d4cbcfa,
3d0c0a98,
3dc33595,
be8e1a63,
3c890eed,
be47c968,
3e84d0c4,
bdb2b4af,
bd97a36f,
3d70954c,
bdc2da28,
3ae505a9,
bdfc87b6,
bea894a8,
3da0df12,
3cb2359d,
3d944eef,
be699948,
bd9169fd,
bcd7d00b,
3db34138,
3a08371c,
beaf9281,
3ca1d6da,
3dacba02,
3b875cec,
bc150e0f,
bc40be97,
bda6118a,
3dedd146,
3c271ee8,
bd98a3d0,
3dd47c61,
3dd48f7d,
bd4e6299,
3e0e4f9b,
becd9cd8,
3dadffae,
bd5903ad,
be4fb663,
be7c10cf,
be16435b,
3deece83,
3e6aa500,
3df22296,
3d09466d,
3d55981d,
be5ec62a,
3de2c7b9,
3ce29079,
3e424468,
3cd10058,
bdbb1dc0,
bdbf6377,
be2428a7,
3dc5920e,
3c9d0e59,
3d3c38c3,
bcd19305,
3dbd892d,
be1f5648,
bb83e4a7,
3d9ab26d,
bdaef879,
bce849cb,
3daf3f58,
3e89c4c8,
3dc081bf,
bcddf5ff,
3df7ada0,
3e19e0db,
3d083599,
bdb15b89,
be2b2418,
3deae5f0,
3e4c25ca,
3d61ca78,
3dbc2db6,
3d950f25,
3d674c95,
bd14baad,
3e01175f,
3da11086,
3d10f363,
bbc5b5ed,
be28527a,
3db2ed32,
3deb9457,
bd67d7ee,
3bc8117c,
bceb7ea9,
3dc54852,
3d47cde7,
3d31e8be,
3d8ae263,
bedd3ff6,
3d04df7b,
bd402186,
bd901fe2,
bd10a3c4,
3d3ed825,
3ca7486e,
bdbf1d3d,
3d858a6d,
3d38462d,
3be03e44,
3dbdc372,
be9cac35,
3b136d5b,
3d972c72,
3da32f3e,
3da0b905,
bed1e3ed,
3d43c43d,
bd12dbe5,
be389d26,
3cc8dad5,
bd99eccd,
bbb85216,
3bf6961f,
3d54f3b5,
bda1079d,
3e050b70,
3da8e356,
bd863ed0,
bd9b768b,
3ba80e51,
be057770,
bbf303c3,
3d90bb30,
3d0e1b51,
bd89b98a,
bde13d59,
3e0d7d6d,
3d1165be,
bbd5536f,
bdbdc2c0,
3d87ae47,
3da10adb,
3939b94a,
3dd70a0a,
3c222234,
3e1b4eb6,
bd37ea1f,
bcbdccaa,
3d0a2b8a,
be1b8945,
bca69e2a,
bdd4b8e1,
3cb6a7dd,
3a893ad2,
bdcadbd2,
bc913c9e,
3dceb8ee,
3d5f940a,
bcf92de4,
bccca0b8,
3d60e419,
bd8c502d,
3bb6388c,
3bc12a17,
bd7982a0,
bd2ce2da,
bc8d3a70,
be57b2c1,
3bafa64b,
bd290344,
bd86f4d3,
3d61df15,
bd5f978d,
3e4d4d5b,
3ce4a80b,
3d8d8405,
3d862d5d,
bce6cf2c,
bd8a99a4,
3c68bb96,
bde11d8f,
3cab1c2e,
be041281,
bd872b82,
bd804e8d,
3cbbcb28,
3d10222f,
3aba0270,
3d5fb95e,
bd0bea09,
3d928d28,
be30c07c,
3da90553,
3d99791c,
bda6234c,
bceebc7c,
3c1cf091,
bca9d1f1,
3d406cd5,
3c56e387,
3d34cb74,
3cf4f799,
3cf40f06,
3d5269ad,
bbf0e444,
3daa228f,
be253add,
bcdf1d97,
bde374f6,
bcc5d4d1,
3c1b4078,
3cf18b53,
3d258248,
bd58fa02,
3be313cc,
be0411b3,
3da3357e,
3e4423d6,
bd1239a4,
bbc06911,
3d9857c1,
3d03c1d4,
3d0c5a9f,
bdb52245,
bc9344a1,
3a62b064,
3beeef8c,
bd045006,
bd166f1d,
bd68cb05,
bd136ccc,
bde8b7d2,
3c4ab505,
bd36f011,
3c5f42c6,
bced3eb2,
3c52fc9c,
3c69dff8,
3c203951,
3da50b1f,
bc187f68,
3db2cf4d,
3d84689c,
bdaf8eda,
bcac0009,
bd3a03af,
3d5ddd30,
3c8d5f8a,
bcec8966,
bcaa09fa,
bbdc991e,
bc3a472e,
3ce12d37,
3d4da14b,
bca6cdbf,
bdb1c18e,
bdc72fb9,
3db5bbbd,
3d3b795b,
bd0a5d3c,
bdb48c3f,
3b3db807,
3cd1c83f,
3bf00df0,
3d41f769,
3d8b31d1,
3d20be51,
3d478146,
3c098baf,
3cc15db3,
3ce5b261,
bb92ba6d,
bd9716b2,
3cf86120,
bdd8e7a3,
bdb3ca52,
3dd00a3b,
bd8d0a73,
3d6f92bd,
3d33558d,
be9ef6a2,
3d95ac7b,
bda26e86,
3c107dbc,
bc596e71,
3ca334d3,
3df1b06d,
bc128d81,
3d6c9095,
3da9be1b,
bd884894,
bd8b9188,
3d544847,
bd8820cf,
bd2d1715,
bda0ae14,
3e0f06cd,
3d696ba1,
bda38e2b,
3d0e2f43,
bc9dc4e7,
bc9686f5,
3d4445fb,
3dda0d47,
3cd2b11d,
3e191bce,
3d8dd7ba,
3ce0fde2,
bd537cb2,
3d69a47f,
3b15daf3,
3dd830a5,
bd81659e,
bd292870,
3d668629,
3cbe6a54,
bb38bdcc,
bce18ec6,
3d26d25f,
3d1eb911,
bcb88f3e,
bdd1bb51,
3ccda5eb,
bdddcd92,
3dbb59c3,
bdad6058,
bdd17193,
bc4db0d8,
bd566b54,
3c8379e2,
3d5930ab,
3cd8adb6,
3a10455d,
bd4676bf,
bc23c25d,
bd19d3ef,
3d945f62,
3dc6b380,
3c9f62c7,
bdb51bbd,
bdec1e28,
bce26be6,
bd1978dd,
3d919971,
be4647d0,
be691b54,
3d422ebf,
bdfce75a,
be8607f0,
3e398496,
bdde7dd5,
3c8ad3f9,
3eb03aa1,
be8489cf,
bcbe6b90,
bdd62aa3,
3e3aa033,
3e0513b2,
3e004526,
bd8b5599,
3e1c4b4f,
3b5767b0,
3e48c55b,
3e1870c1,
bec8dd21,
bc919b5e,
3eb2458a,
3dc0a4a3,
3e846412,
3e26e00f,
3e0ca5eb,
3e0b331a,
3db21175,
3e4e092e,
bd8bf862,
3d9f0299,
be2b9e2f,
bbd5af74,
3e95001f,
3e12dab9,
3e1dafdd,
3e6dc64a,
bd15991f,
be2a342a,
bd1ec63f,
bd410a09,
3e1866e5,
bdb19df6,
3b502fae,
3d8b45e9,
3e18933b,
bd8aae23,
bdf68404,
3ea154ed,
3cb2a49d,
bde5f352,
3dedf574,
3ceb50e1,
bee2d873,
be864c89,
3d33e4bc,
bde2a4a1,
3e1743ad,
3dc2db0f,
bcca6c80,
bcc88981,
be131d5e,
3d9aa179,
bd8beace,
3d746103,
bebb6463,
be1518f3,
3d5ffd6c,
3da8b269,
be71dfc5,
bdfad64c,
3b9db35a,
be1704d0,
bbb1cbd5,
3c4d277b,
3e201d54,
3d34bbef,
be51389c,
bd877e6c,
3c43bc38,
be26687c,
3d5d13e7,
bcfde36b,
be67649d,
3e15dc8a,
3aeaa01c,
bd845ea2,
3d6fdef3,
3e190af5,
3da112b5,
3dbe57f3,
3e1841e7,
bb3329b9,
3d2fddce,
3df8d5d6,
3bc18afa,
3daba397,
3de12725,
bce4416e,
3d68e8ca,
bd1e093d,
3caff87b,
be163a1f,
bda9a033,
3e163c3d,
3d5dda99,
3da39c15,
bc3bc6eb,
be8852e7,
3da01052,
3e1e37ee,
3da9a3ab,
3dfe9cb5,
3db29c74,
ba432127,
3dc8175f,
3df9a70f,
3e2b8194,
3d027992,
bd4aeebc,
3cd9540f,
ba091136,
3c0e4eb8,
be144634,
3e0550cb,
bdac6156,
3db9794f,
be8659b9,
3d489037,
bdcf9cfc,
3b786908,
bd72ac83,
bd38077b,
bd8f63f7,
3d676bb2,
bd6f83cf,
bca7f6ff,
beef5bad,
bd7dab7a,
3d15da4a,
3d2bf547,
bd974b98,
bd8c3d4f,
3e0025aa,
3cd1e6d3,
bcfc84d1,
bdc99377,
bcd72ab4,
3df59cdc,
bdaae288,
3da93567,
3d8b147f,
3deb5727,
3dc517fa,
bcd65628,
bd30fa26,
3c047ee0,
be4f68e1,
3e071cc2,
3cc15220,
bcf6ac19,
3d8ca579,
3d934c30,
bd413839,
bd430233,
bd5c281f,
3ba4eb5c,
bca0cba2,
3daa309e,
be00e8cd,
be1fb4b8,
3ad55c3d,
3db5a79d,
3dac634e,
be027de8,
bc367a45,
3c8ea194,
bd6a9e2c,
bdb8c25d,
ba853a67,
3d681357,
bc74972c,
3d9a703c,
3b837cb7,
3dd63f14,
3d5bd526,
3cd490f1,
3db4fc66,
3cf09152,
3d0e1319,
beec8e1a,
3d9e07c5,
bd9e63b0,
3da9c2b6,
bd3aec1d,
3d486fe6,
bd5d7a7a,
3d00354a,
3d40e7d7,
be5ee01e,
bd95a4b8,
3d92224f,
3bad8950,
3c3fae6c,
bc8fa432,
3ddbbd62,
3d5a011b,
3e2aecc2,
bc8b3385,
3c38c564,
3cfe3240,
3cec1064,
be8c9240,
bd81dbad,
be13f985,
bd5ebdb3,
bcd0d250,
bcac97f9,
3cfa3865,
3d851bb5,
bd8b77cb,
bd91f1fd,
bd4ca55d,
3daf1c03,
bde489c4,
bac09a39,
3d8316b4,
3ded849f,
3dd9730f,
bdbf7d55,
be1c4902,
bbe130c7,
3e815bfc,
bd2d8bb4,
be681fb6,
3dc0b6c6,
3cb62144,
bdb2a1c5,
bccfb50f,
bd775d34,
3e7c93aa,
3c97c091,
bda34c67,
bd19aca2,
bd84f000,
bed3f625,
be14574c,
bdde3cc1,
3c61ac02,
3ce700a0,
bdba7e68,
3bad7ab8,
3ce09e76,
bddf546b,
bd8f3264,
3daddd65,
bdf6826a,
bd6e53db,
bd8d4d05,
bc72a188,
b9db51f6,
3da9fa91,
bd2a16ed,
3e02f2f3,
be055489,
be792c4b,
3d96d807,
be042611,
bda72eb3,
3c1b0966,
3a9f6e9b,
3e1b14b8,
be11f07d,
3e07caf1,
3d82aecf,
3daa816d,
3dc4793f,
bc1edd7b,
3da4adc8,
bc219e96,
3dfa4c4c,
3cbbb1f2,
be6dafff,
bdf65582,
bca68f16,
3d2f7635,
3e07c931,
3d44091f,
3c0c4b48,
bdea6893,
bbca40c1,
bd703b82,
3e199385,
bd5de023,
bda355f3,
3b1aed57,
3bf38b68,
3cee65ef,
3da1c9a8,
3d48b2a4,
3d66a33d,
3d3646e9,
be38d395,
bc24cd34,
3d0ffa92,
bdea7fd1,
bdc67c75,
3c233bc4,
ba1c8405,
bdd70edf,
be92db74,
bdf0b171,
3e23409d,
3e1402da,
bd1cf34b,
3d352830,
bdd870a1,
3dae9611,
bdaea167,
3dc1c6e9,
bd5e0e89,
bdb62419,
3c0fd535,
bcb91f5b,
3d70d68f,
3d99c7d8,
bd9eade8,
3e066a38,
bd3cb6ca,
be3e4a35,
bd102839,
bd9d7f4e,
bdb5bac4,
3d04e027,
3e32c2c7,
3d8b6fea,
3c0905a3,
3cde77db,
bd225f0d,
3d97663d,
bcee718d,
bad569a9,
be000d89,
3d6e8102,
3df3693a,
bd6e2b5f,
be8082ea,
3c009c7d,
3ca9446d,
bea35e8c,
3d3851e6,
3dd0dddc,
3b28a8d6,
3df989da,
3b11aa37,
bce217f8,
3c2b5d66,
be2ab8cb,
3d9604ed,
bd9b4b79,
3d6669c7,
bd4203b3,
bd125c69,
bbe4cadb,
bca2ab05,
bd34665c,
bd9c08a9,
3dfa8051,
be8e8ef0,
bd6f93d7,
bdbd3705,
bcc42117,
3d8c9985,
bbe1a623,
bf52d7de,
bd840ccc,
bd35ef0a,
bd203e84,
3d8c3d72,
38e19734,
be198142,
bd85e010,
3a8a331f,
3c090fc9,
3daa5219,
3c94b8c4,
3c86bbe1,
bda3c9e9,
3ceb3b12,
3dc174be,
3df05bab,
3d84d025,
bd130f41,
be7eb355,
3d9abc35,
3be33128,
3e324636,
3db47d6c,
3d50b09f,
3e3c7ada,
3d298f81,
3d4ef038,
bdce4415,
bd303d1f,
3e249adb,
3d5631e6,
3e2b6fcf,
3e5d3302,
3e01e21d,
3e317693,
3df06869,
bc2a549d,
3d8464f4,
3e08b008,
3d931f27,
bbbcd8e4,
bdac2b17,
3d66693b,
bd4aaa66,
bd9923e0,
3da73ffd,
3d2c6cf6,
3cc6d684,
3e10d4ef,
be8cdb9a,
3cac3568,
3d1eee6d,
3cda5328,
3dbac688,
3d9b4bf1,
3d87320d,
3c84f5a8,
bc1a6465,
3e9a7de0,
3d794429,
bdbf90b6,
be71e306,
bd62a033,
bd1bdfba,
be2b78e3,
bbaf0490,
be23b332,
bcde04ee,
3dab8899,
3e1cee71,
bddeeaa0,
3cd45994,
3de17cc0,
bd80b427,
3bc0670e,
3d944efd,
3cfa761e,
3d575f1d,
bd7058c6,
3cac25a3,
3dd65b01,
3cb2b646,
bd5f5d73,
bc4efc52,
bc1da15b,
bc87f126,
3a5a54f6,
bca75c9b,
3ddcaea3,
bd805de0,
3de6fe84,
bd23fc9c,
3db4fc0e,
bdc84674,
bb25c41f,
bd7d1790,
bc833108,
bca700b0,
3d529e63,
bcc5ee81,
bb1d0c15,
3d4c60bc,
3d1184ed,
bc43f69a,
3d71b170,
3d158a1b,
be1e82bf,
bd0260de,
bd6ced66,
bda2c423,
3d3440cf,
bde076a5,
bd6155f1,
bdd1c741,
bc764bf7,
3d41f76f,
bdabdee3,
3d27ff25,
3d69b078,
bca34a17,
bd306322,
3d20aa65,
bdd0b78e,
3ceee7f0,
3dce504c,
391e4047,
be944cd6,
be670519,
bdbce473,
bcab626a,
3d58112c,
bd24016c,
bd02893f,
3db41546,
3c3afa92,
3d7f1795,
beeffec7,
3d89d9de,
3c897d9d,
3d04bcbe,
bc50e4aa,
bd191a3d,
3c8ee4c0,
3d33a551,
3d8ea38a,
3d12b2d0,
be886591,
3d82b2ac,
3d807024,
bccedbd6,
bd94156f,
3ccde444,
bc52c31b,
bea374d4,
bd45f174,
3c85e3d5,
bca63aed,
3c65f86d,
bd5e65b7,
3db6ad96,
3d420f34,
bc9f4c0b,
3d1e91ff,
beeec9d2,
bed53acf,
bd9e7529,
3e01839d,
bda57832,
3befdc87,
bd40fec6,
bdb37ccb,
bdd85403,
3ca2899d,
3e462471,
be1061f0,
3d2bc281,
bdf1c760,
3ca4f1c2,
3c1dc2c9,
3d25293f,
3d22f090,
bc0eaab3,
3c442178,
3d5a9d68,
3d8f42aa,
be586d9d,
bd0ad495,
bd76a3f6,
bdd73f35,
bdc99e83,
bc2b9f81,
bdc9e3a7,
3d66b3a6,
3ce9da7f,
3bca3c24,
3d865ded,
3c4a4fc5,
be0e780f,
3d92cf6e,
3d9ac313,
bd6319ee,
3db9990d,
3cbe8506,
3e12f450,
3d54cdaa,
3d697b4c,
bbdcc63f,
bd82f30f,
bd48c0cc,
3c9fbccf,
bcf832f2,
bd563c1f,
3d040aaf,
3d8ac992,
be041069,
3ddcd992,
3dabf09c,
bcbe259a,
bdad34dc,
bda6373f,
bd2c4dd4,
3db5a8c3,
bd34fb57,
b9c9ef4d,
3d893878,
3e097290,
3d1a1cb9,
3be2663c,
3cd31333,
bc66902d,
3d7ac800,
3d9314b1,
3d22ed9e,
bdada4a0,
bcff53f8,
bcb9c549,
bd82ff3c,
3d12409a,
3b7ede6d,
bd5b9834,
3daae69d,
bda20512,
3c687ccc,
be2790e5,
3df9b2ac,
3d8cde52,
bd7fc47e,
bd988afc,
3d4ab688,
bd242612,
bd6d63d6,
3d24c0fd,
bc4f9fb0,
bd89964d,
3dc87eee,
3dabd0a2,
bd06a88e,
bcb9ba1b,
bd97b43a,
3d99b738,
bd49da2c,
3db7b76e,
bd03c8ad,
3d388b2c,
3d51ef89,
bd12fac4,
3d8f1636,
bd41c245,
be03f486,
bcb340e0,
3d829a4d,
bdbe6bca,
bdc4abac,
be1287b6,
3e241cbc,
bb23c643,
3d31fe22,
3da1b599,
bd6101ee,
3dc822f6,
bcba1ae4,
3c66e2ee,
3d397887,
bd76e5d3,
bc4381eb,
bd9eee40,
3cb66e2c,
be9a81f4,
bd71cd7a,
3d478641,
3d10dfa9,
bd33d19e,
bd7322fb,
3e0476d3,
3d834cad,
bbc75ca0,
bd41d585,
3dac7a4a,
3d973097,
be0fb4b6,
be0c4ec5,
bc5fa125,
bea64dde,
b9a63b13,
3da72629,
3dbfbab2,
be0bb562,
3dd9fc77,
bc8e7eff,
bdaadc22,
bef6cd1d,
3cc85ca0,
be1d48ea,
3d86d3bc,
bca73aac,
bb713334,
bdfd183d,
bf59df4f,
be571c95,
3ddd1537,
bed74c3b,
3deb2682,
ba3a9e21,
3e2ecd0d,
3ce5e5e8,
3e0dc921,
bedb975a,
3e02d626,
bd5dfc0a,
bd7575d1,
bed2a06b,
3d1ebd35,
3dd79c07,
3d4f8e23,
3d9632c9,
be4d0c8a,
3e06c2e9,
3e0159e4,
bd486940,
be1b03f5,
3d0f4a93,
3d87156e,
bde1e5ba,
be5562f8,
3b447c71,
be047620,
bdc4736f,
ba4bf15b,
be0d5e12,
3d49314a,
3c7ab30f,
3d2d720e,
3ad5dc6b,
3e064d02,
bc9e9537,
bce29d39,
bca72823,
3d183cfb,
3d28edd3,
3d13b511,
3d1a9c89,
be33dad6,
3d921cce,
3bed7c85,
bc834cab,
bcd637b5,
3d22c7fc,
3d7b109d,
bb705898,
be010c3d,
3d001402,
3da010d0,
3d4f1bc2,
bd46926e,
3d8f5793,
bb902adb,
3c1baa15,
bc8f9046,
3a8ca8f0,
bde197cf,
3aecec52,
3a367fd9,
3e230039,
bb5bb06a,
bc84135b,
bcee89bb,
bd4194fe,
3c81ee11,
bdf14f91,
3df90dc4,
3dc86b21,
3e28a203,
3d483503,
bc6a0cb9,
3d4636e6,
3dc1368f,
3de801ff,
3d653bb4,
bdc37045,
be2c04b0,
be0cd3c3,
bd9e8284,
bd9a2f1e,
bdc38cb9,
3a63f080,
bdd7493a,
3bf58da1,
3d503367,
3dbfa002,
3c3da2f9,
bc92cbba,
bd8205ea,
3c664c50,
be449627,
bda37077,
3d3485d4,
bd3073ab,
3dc32f63,
bd2417cd,
3d82ca44,
3cf110c4,
bd5e7a41,
be05b8e2,
3d996ce8,
3d9d8022,
bce2b3ea,
3c028825,
bbb054c7,
bd964a82,
3e0bf3e3,
bc2dc926,
3d8c8089,
3da0d066,
bc9b6a95,
bd56bfa2,
be4d0c14,
3e3721ee,
be5a2687,
3d4dc6f3,
bbdf58c1,
bddde398,
3cab1cd9,
3dae3162,
bd8d6bd9,
3d4147ae,
bd88e66a,
bd97f3f0,
3dcb7e99,
bd1b6178,
3d3face4,
bdc9bce5,
3d904ba0,
bdbc3065,
3ded2801,
bcee8767,
bd18d7bb,
3dcf9e7d,
be2ff7d1,
3dcdebd4,
3d4fb5d8,
be71ff4d,
3e07dac1,
3d9c3c13,
3bc8a083,
3dbdf917,
bdae400c,
bdc54b3b,
bc59c355,
3cda5c88,
3d9e52d1,
3db7bc7a,
3d9d5519,
3db7bccc,
3de7ccb1,
3d14cba1,
bdbe3ea5,
bd2ca89d,
3cc4055e,
bd8e5083,
bdb18d1b,
3dcd837e,
3da83c36,
3da07f16,
bd3a2b62,
3e51cefd,
3d22516c,
bbc16e34,
3d974638,
bd7330af,
bdb37d44,
3dd70786,
3d14d8c2,
3d96e32a,
3d439d79,
bd38788d,
bdfaa9a7,
bd9255a7,
be02227f,
bd075778,
bd994e3e,
bcea72eb,
bca01ec4,
3d72214a,
3de16b5a,
3cd55227,
bdd79ffd,
3d81d18b,
bd0e676c,
bdd81fbe,
bdb72aef,
bdfc2bdb,
be109245,
3d9a9117,
bdd7292a,
3dad91f9,
bd63a21c,
be45b843,
bcee7d91,
3e1b8aab,
bc2cd602,
be2d86b8,
3e080cc6,
bbabfd1e,
bcb14f8e,
3da8efeb,
3e0bc127,
bd80e721,
3d52715f,
bde32a27,
ba9fb410,
3d354b26,
3d437ed8,
3d12d72d,
3cd494bd,
3dde09e2,
3d89e594,
3e0f9ce0,
bda52ab1,
3e28cbd8,
bd80e702,
3ce8f877,
bd475d54,
bd8e906b,
3cca4d51,
3d952314,
3e369bb0,
3d958df5,
3dd496e3,
3dc0e8af,
3d520c2c,
bdcdf0f7,
3e1d24e6,
3e023926,
3daf874f,
bcf1ef31,
3def987f,
3e000d7d,
bdd1e780,
bcf72c41,
be8751ed,
bc3b05db,
3dbd45f2,
3cb01a75,
bdf33f44,
3da8c2de,
3d96859b,
3e7927c1,
be01daae,
3df24367,
3e26512b,
3e27f591,
be372f1c,
3de1e080,
bc8d482d,
bd58cbd7,
3e2ace77,
bcaf0e10,
3a94a9c6,
bc96c08c,
be02378e,
3dcc97b7,
bdf23859,
bc3813ee,
bda81327,
bdcf1ee4,
3da6f7b4,
bdf132a5,
3d327bf6,
bd52a0ca,
3de83360,
be1e0437,
3db35da7,
be788779,
bd9fc11a,
3d24639d,
bd0dc184,
3d23f654,
3e0cb4cd,
bd794241,
3d0582c6,
3e323737,
bc1eb329,
bde03d14,
3dcb44b1,
bdaa6f37,
bd795079,
bd46c8ac,
bd4e2064,
bdd4ea16,
3dc7d36a,
bd63d3c7,
3e01aea5,
3c746354,
bd7541fe,
bc959e0c,
bcb76f53,
bd71915a,
bd027e82,
3c29c29c,
3e23918b,
bd538a51,
3dd2af42,
bc37f48e,
bdb32092,
3c85c9ee,
3d17de66,
bdb0609c,
be5adb44,
3e4bf424,
beda1325,
3ce35eea,
3cdc8e81,
bcdea425,
bbc0aa6a,
3b6121c3,
bae52ded,
3dc8936f,
bddaf9c2,
be55eec6,
3d659c9a,
bded69ed,
3d1399f1,
bc44d74a,
bc4aef32,
bd98d545,
3dafe845,
bd4b2ee8,
be19897d,
3d5e3a2d,
3d60b585,
3d24d1e1,
3dad12f0,
be416650,
bbe6e7ec,
bd81d063,
3d655242,
be00a9b5,
bd976080,
3d9643b8,
bea4404c,
3ca7be20,
3e2cfbef,
bd5b3d23,
bcbdb674,
3e45a18c,
3dafe3fa,
be31f17a,
3e1aa164,
be31032a,
be7d2ee2,
3db42009,
3dc5a6ce,
3e1e7166,
3e5a3af9,
3e067936,
3e0f8b85,
3c976a2a,
3e07b6fa,
be0f3fcb,
3db6e339,
3e7f3dc2,
3ce372b1,
3ddaa734,
3d854368,
be08c6ec,
bdd416ce,
beac4c03,
bdd24b74,
3d2d4553,
bd854d3d,
3d994adb,
3debcedb,
3ebc38bb,
bd0dd8c6,
3e25e513,
bdb9e4be,
bc47e01e,
3d574f5d,
3d12aa67,
bd0b4f34,
3e081e2c,
beb4f20d,
bedd2e1e,
3d04f2de,
be6ff3f3,
bd92f9f8,
3d8e30d3,
3d58ba49,
bdcc33ee,
3dfd6c6b,
be2edacf,
bd564d34,
3e30749d,
be143d80,
be3b609b,
3e26c929,
3d8771c8,
3d95f87e,
be1b3b4c,
b9e13e9f,
bdc2ddbb,
bd2ac451,
bd85e4b8,
be3c8147,
3db0b735,
3c21cf9e,
3e0ac619,
3df52b93,
3cc2ed86,
3d8fae72,
3cb7d462,
3e86b8ec,
be92606a,
3d8e76c1,
bbe60d50,
3d2ce4fe,
bd08d587,
3de34bf4,
bbb27b7d,
3e1ed0a0,
3d52a17d,
3c1e4eb5,
3e057895,
3d45718c,
3ce5066f,
3d087191,
bdddeb70,
3db41818,
bc98bbf4,
3d073ca2,
3d4cd518,
bd07f842,
3db85e5b,
3e1c2a1e,
3d8c0cd8,
bda06b38,
3e821f07,
be8529b1,
bd9d613e,
3be7b734,
be500a99,
bd024016,
3dc1db9c,
be1389a8,
3e1eca12,
be127336,
be5e2014,
bb6e7f7a,
bd252800,
3db6c086,
bcd4da98,
3d9e4d99,
bf1169fc,
bd06570f,
3ca9aedb,
bda1cc19,
bd66da1a,
3da277e1,
3d191c69,
3da19088,
3cd5bd01,
3c14467e,
3df394a0,
ba5dc36a,
3dc551b4,
3c7b19c7,
bd8ab94a,
ba9bf366,
3d0a74e4,
3deb2c7f,
3d5f90cc,
3d338ce5,
3cebf577,
3dba2f64,
bc08990b,
bdb1d158,
bcfd7d54,
3d968c11,
bdde75c2,
3d1693bb,
3d34447b,
bcc26e8f,
bd98ef4e,
3c56195c,
bd1282ff,
38bdb558,
3d947727,
3bd80d32,
3ce8fef2,
3cde52a1,
3cb55ec7,
bc79282a,
3d87bf53,
3ca7709d,
3db29d65,
bc5fe111,
bd3a341c,
bdaa0d74,
bdd416d6,
bcdd2113,
3c370e54,
3cf45afb,
3d7c839c,
bd23f987,
3da95a34,
3d6219d3,
bd42336c,
be848000,
3d286e56,
bd7d1821,
bc072a00,
3d775c1a,
bc880ccf,
bd818609,
3cbf3ea5,
3da91dca,
bb806e90,
bd928769,
3d85b001,
3c38d864,
bcae0922,
3e0fad02,
3d1c86d9,
3d9e3b1d,
3d8229ff,
bd318b83,
3cb6e0c2,
3cd00e40,
3e17939f,
3cd7fc6b,
3cfbacf5,
3d8b7881,
3bc72f69,
bd09990b,
bdbbbd78,
bc8c0135,
3dfcc0c9,
bdbe6089,
be515f60,
be19b29c,
be004da6,
bd972029,
3cbdedf7,
3db037ea,
3cb72012,
3df6b966,
bc6ee1c0,
bb623ca1,
3d3dc1c5,
3d8abb6d,
bddc2537,
3e276f84,
3ce64ce6,
be78167d,
3c2eeb30,
3d521772,
3d33a8ea,
bd8d5a76,
3d768f94,
be23e96a,
3c0a0c33,
bc92ffd7,
bd82a216,
bdde3a04,
3dd4c1c8,
3dd56de1,
ba831ed9,
bcdf5642,
3d0b8732,
be27b586,
bc13fe65,
3b294a3c,
bd88a798,
3d8c42c9,
3e2f6987,
3e02db3c,
bc84057e,
bc07d79b,
3d80a58f,
3b037845,
3ddd9f2c,
3b50cbe0,
bcbb95d8,
bd49b72b,
3dc60edd,
3e0e61a2,
bd6759f4,
bce12eaf,
bd51a3cf,
bd131f72,
3d903a41,
3d872f26,
3d40c5e9,
bca88b7f,
bcae7d26,
3dc9bfea,
390ff023,
3d84bc81,
bce2d8a2,
3c8e3a96,
3d39e768,
3e111935,
3ca928d3,
bddb167b,
bc7b2d5d,
3bee2bd8,
bc66e6bf,
bcbd1b69,
3e260224,
3dc87f4c,
bd8cb1f6,
3d622a8f,
3c045834,
bdc427be,
3cc207a7,
bd0c64d8,
3c94af85,
bd0b28ad,
bdbad6c1,
bc7479c5,
3c4099ee,
bd1717c7,
3dec1650,
3c07ef6d,
bdb74162,
3d494f57,
bcc21ac2,
bd2c7366,
bd7865cd,
3d658a3b,
bdc50627,
bd1365e6,
3da5fbd9,
3dc97164,
bddfb047,
bcf88512,
bcd25801,
bc7d5810,
3dbfd6e5,
be0b88b2,
bd0fed99,
bc506548,
3d0a61c9,
3bcd4502,
bdb14e3a,
bd902d72,
bd45ec26,
bd9a89ab,
3d8c9402,
3d520866,
3e45fa1a,
3d7debbe,
bd71fefe,
3d807a17,
3d63d62e,
3d381573,
3c602c25,
3cdb22bb,
bdab73a1,
3dbf9b3f,
3ac76504,
3d889418,
bd9e6651,
bd02cce4,
bd8b2944,
3dd19288,
bb251274,
3d7b2268,
bdbcb1de,
3c09e363,
3d8ae831,
be01e468,
3d1b3860,
bc8190b9,
3de3d44a,
bc3edd35,
3b621f44,
bc8ced99,
3d849245,
3d735c20,
bd34e324,
bdae4cb6,
bd547f59,
3df182b8,
bca9f780,
3d24b95b,
3e2e8d96,
bcb4c17e,
bd9e8f6e,
bc81ea20,
3d49a6d8,
3c46ee31,
bd0ac9d3,
bda7a2a0,
3c6cc18a,
3caed6a8,
3c0f989a,
3c8012ca,
3e0345af,
bd94df5d,
bca3efc9,
bf9f5eda,
3bb85318,
bcfd9fce,
be4ec8af,
bdb06f61,
3c899cf2,
bcea603b,
3d870e4a,
3c5ddf9a,
be83ac06,
3d078bcd,
3d93700b,
3ce6e07a,
bd579949,
3d8f90b6,
3d324c3e,
3d75815f,
bdafb6bf,
bd7ee4e8,
3df40005,
bc32b097,
bd8c362d,
3d9d53f3,
3c8f944d,
3ca42863,
be49b421,
beab3e6d,
3d96112b,
3a4b9ac9,
bd879b64,
be041090,
3d40d139,
bde90795,
3d923034,
3c65986b,
bd7f55e1,
3d174d29,
bd3128b2,
bad42e96,
bd66baad,
3c1b12c0,
bbe26b45,
bd11dc4e,
3be5e852,
3c2a57e3,
bb9e39fd,
3d24b3fc,
3cc72eb8,
bdf78317,
3da6caa3,
bdb94b53,
bd687df8,
3da1a42d,
be15eafb,
be6c6b58,
3d8b1fd0,
bc918b08,
3bf2f4aa,
bddc2b8d,
bd81f7eb,
3dd325a3,
3ccdf84b,
bd850826,
3d6487ca,
bd4e5403,
3da7e366,
3df499ee,
bdca0d35,
3d5008d7,
bd94dc6c,
bd6ad77a,
3d73ff41,
3d6eeaa4,
bd3858cc,
bac8edf0,
3d6446c4,
bbe2b4d6,
3df030dc,
3ba2ba14,
bdf22948,
3d3de94d,
3e151374,
baf51266,
3d8a39e3,
3d938ba8,
bd258c19,
bcdc4d08,
bcfbdf85,
bb4b7f1a,
bce143fd,
3d7a6dca,
bdd33604,
bd091b57,
3d03d2c3,
bc8a402b,
3db7017b,
bcd39f95,
bd9f9d2b,
bc82c105,
bd008363,
3de353af,
3d69b157,
bd3dcfc7,
bc4d59fb,
be02bde9,
3d954a8c,
bb139117,
3c36052a,
bcf4999a,
3bb60cac,
bdbdb8f9,
3c911cd3,
3e2819af,
be143459,
bd956e67,
bb745b31,
bc93bac3,
bdf7c9e5,
3da80622,
bcd7fc4b,
bd0d819e,
beaed8c6,
3de70c41,
bc4d5345,
bd85b9db,
3c9cc2d4,
be5befca,
bd622516,
3d2d61d0,
bd301905,
bde93bcf,
be875152,
3d8fa821,
bce7853a,
bc124d75,
bda39fa9,
bd809fb4,
3e03b5c1,
bc857092,
3cf5c9bb,
3cd9a7ec,
bd179667,
bd5824e5,
3e24547d,
3c21aef2,
3bbf0ec9,
bcc43788,
bc416afa,
bd881aef,
bde4ce02,
3d5f0bf7,
bb2b6b53,
bcf9f8aa,
3b7a9735,
3e0b3956,
3d9b96ef,
bd28d9e1,
3d0ab6f8,
bdcc105a,
3be0cc33,
be8249fe,
bca713f0,
bc7ef41c,
bda7f7f5,
bcb1ea94,
bc0fdd8e,
3d08a375,
be10bff9,
bdc1dfb7,
bdf2f378,
3c3991a7,
3da32167,
bbfe9e00,
bd5ae010,
3d21206c,
bce04fec,
bc1d3a78,
bdac87ae,
bd4fe7dd,
3cbcc2c4,
bdf77aa8,
be007235,
bdd78622,
bc53e438,
bc94bdf8,
3cd95b5b,
bd55f47e,
bc7d8c3d,
3dbfb8a0,
bdc8b85a,
3d7cb024,
bd661f8f,
bc849fb7,
be8ac4fd,
be47c233,
be11a899,
bd52c319,
bdc0a059,
bd053544,
bc9b722c,
bda5cb37,
3d2bbd40,
be096949,
be0975e0,
bd350d91,
3d3b038f,
3cefc276,
bd5a24ff,
3dd35b57,
3deb35bd,
3b41dfb4,
bd823edc,
bcd0c5f1,
bd4a1a1d,
3d93013c,
bd52c6b7,
3d019e25,
bd8088f8,
3d152353,
bcc194d0,
3e2597be,
3a1fb6bf,
bc884178,
bd397d3c,
3d5b9fff,
3db7cd78,
bceb3ffa,
3e134f8c,
3dfad25f,
3c9b1555,
3d97012b,
bd758c64,
bdd9e3a5,
3d01178d,
bc1816d8,
bdad3377,
bd8190bf,
3d408b2d,
3c849972,
be3ff389,
3e040ebc,
3dd00a8c,
3db7f1d5,
bd7a9aae,
3ccb5d61,
3dbf819c,
3d29d828,
3d06ee23,
bd31943a,
bdfeae2f,
3e0a7373,
bd1e2b34,
3ccf2b21,
3da3b28b,
3c36196d,
bda47a79,
be244e3c,
3cdc7277,
bd02b0ef,
3d75b3ae,
3d877f67,
3de0a751,
bd12f624,
3d0e02b8,
bd253e73,
3b7a0ea4,
bd9b71e8,
3dc3919a,
bcfc7f47,
3cc73dc2,
be1afb12,
3c4a8b09,
bd17704c,
bc375ee7,
3cadab8a,
3dcd34bd,
3d35f5d9,
3de176e2,
3d285a6f,
3e007335,
3d978348,
3ca88d58,
3e654168,
3d589a91,
3e05da72,
bd34d04c,
bde64039,
bdb4328a,
be8dd1c7,
3dcaaa64,
bd3c0e56,
3dec9774,
3e12f0e6,
3d96d0aa,
3cbf9b5c,
3c072ddc,
3d8d431c,
bd68d8c7,
bd66400e,
3caee1eb,
3c8d699b,
3dd78a28,
3d8a25a4,
3e09d3b9,
3dbcf3bd,
be1c12d6,
be260abd,
3da17770,
3e0c23ea,
bc83b8e7,
bdc283ea,
bcbe510e,
3c858672,
be40e3c0,
3d8b486f,
be581176,
3dbbc6eb,
bdd5e41b,
bce6f7e1,
3d5e464c,
bd2acdcc,
be26362b,
be85969b,
beadb692,
bd2439c9,
3d144e18,
bd5085e2,
be859729,
bcf0332e,
bc082dd7,
bcb28eee,
bdbf8606,
be9885c3,
3e177b24,
3de266d0,
3baecaae,
bcfaff0f,
bbc6c435,
bc6d8118,
3d353cbb,
bd82a10d,
3d95dd11,
bddae3f8,
bd17b6c8,
3ddf8857,
3db3e445,
be0c4bb2,
3d9cabf5,
bd06050a,
bd3de6fb,
bea353f9,
bdd7a8ab,
be00bcc3,
3e53c4e9,
bb7cc5e4,
3c54b30b,
3e77cf36,
be137a97,
bd91afb2,
3dcb543e,
3e8976e2,
bdd8694e,
bda20a90,
3c6b7011,
be4e5049,
bd50f15f,
3e191b08,
3da92a67,
bd64994d,
3d8dec77,
be4a0f76,
bd35d834,
3c6d2af1,
3d69e3c9,
3dc1397f,
3e6dae5d,
3e0f1195,
3d5f6332,
3d93ebb6,
3dd0c2da,
3e06ac29,
3e19d344,
bd45ca92,
bd9479ea,
3d967843,
3e1b9838,
3dc04c39,
3ddbd314,
bc54517b,
3d122571,
be063971,
3d4bcf7c,
3e47eb0f,
bda0d82f,
bde540c4,
3d5bc018,
3df97467,
3cc642fb,
3d38c84e,
3d4eea74,
bdb10169,
3e122096,
3d9f3c44,
bd03b97b,
bc1786ba,
bf003bf1,
3d88106c,
3cf47898,
bdafbde9,
bd870003,
3d4e414c,
3da9626d,
be058d50,
3c755618,
bc73fbe6,
3daf82ae,
3b12486d,
bd35d98e,
3da893cc,
3cc687df,
3bd58380,
bc7da760,
bea82e95,
bdc5b4d0,
bd72964d,
be966412,
bb80cf1d,
3d17baca,
3daf6bac,
3ca671b4,
bd88c02b,
3d799014,
3e1937e0,
3c88cdca,
bc67cdcf,
bd745c13,
3e036101,
bcbb6a7f,
3cd97ae0,
3d9d5742,
3d0fb697,
bd8086b1,
bdeae826,
3dad6bf9,
3e7218ba,
3d2a83df,
3cc057ea,
3dbaae8b,
bc9a7fae,
3b83974f,
3b64c465,
bd85b835,
3dde017e,
3c87861c,
3d186aa3,
3d920b08,
be355f5d,
3d2e08c2,
be8b94f7,
bd0e4e4f,
bde5c56b,
bde11442,
bd41368c,
3de9871e,
bd392015,
3b7d46e8,
bd8a2aed,
bda7e3f7,
3c7c9629,
bc6ec728,
bd9295c7,
bc296bca,
bd95927e,
3dac9b2a,
bddce3ed,
bbcf4c6e,
bddb6e5a,
bd06cd84,
bd8a9c06,
3d0c5ccd,
3b2b7234,
bb638cd8,
3e00ca66,
3dbf5dac,
3dbacfee,
bddf70cd,
bd3a5948,
bdf219be,
3db658a3,
be35ca45,
bc83f0e6,
3dc4872f,
bd97d34d,
3ce506c0,
bd577552,
3d9602c6,
bdd4f0bb,
3cf2cd42,
bde6fa03,
3c47f99f,
3d11bf88,
be36bbfa,
be1010f8,
3e10eb54,
bd94e8b1,
3d37d671,
3ce91fc9,
bd5d28cd,
3e0aef72,
bd47b704,
3d5f114b,
bd9ad75a,
3a62bf27,
be28df9a,
bd00d565,
bdd4752c,
bd769ad1,
3c00b22d,
bc92ba0c,
3c044285,
3d95edc6,
baa41a7c,
be13062d,
bccaa0c3,
3e04e73e,
bd8f49c1,
3d4fa08f,
bc9c3c77,
bce96ad8,
3d89508e,
bda228a7,
bd5e5da9,
3dd61989,
bd7a9580,
bdd1fe1f,
3cd8a49c,
bc69bc51,
3ce9fefd,
bdca9168,
3caef5dc,
bd8566af,
bdea502e,
bcfc4d9e,
bca270be,
bd6b4b1d,
3d0a12d9,
3de89249,
bdaee577,
3d1a16cd,
bd0618d1,
3d13ca75,
bcc753ec,
bc9f1691,
bce68c26,
3d73c738,
3dbf80b3,
3d19c5c4,
3de1bbf6,
bddc6d89,
3d8f9dfd,
bd1bfc75,
bd829e0a,
be018b8d,
3d76b66b,
3d049495,
bb74ca42,
be2f7ea5,
bd0db367,
bd97821e,
bcfffc90,
bd2e6e98,
3ce22980,
3e5c3d6c,
bd90492a,
3d6a45a6,
3da2b880,
3d856aaa,
3bd98705,
bbecaaa3,
bb5e7165,
3c01a05e,
bd260c9f,
bcd3a9b6,
bd0bd3d3,
3ca0b91e,
bd113681,
bdcfa2ac,
bdc4c69e,
bce69ea5,
3d59928e,
3d99e045,
3e08ee95,
bd23ce23,
3ddf2345,
bd2802c1,
3d612178,
3dc24435,
3d9b3463,
3cb4f54a,
3de28bc3,
3d4c6a09,
3d7b35be,
bbf28dfd,
3ca75c65,
3e3cc66d,
3d42a38e,
bc65b902,
bcc63dbc,
3d1ba6dd,
bd85f886,
3cdeecf5,
3e2e6ac1,
3e340056,
3c55a0d1,
3cc6c4a5,
3db152f0,
3da946fe,
3d226b98,
3daebacb,
bc3618e1,
bdc192a1,
bdb1394b,
3c04ec4e,
3bae4e07,
bda12cc3,
3da79669,
bda9e025,
bda60d5a,
bdaa0dc8,
3d3dcbc0,
be0697a8,
3dc1aca0,
3d852667,
bdc37835,
3c1982de,
3b1515d1,
3cf51008,
3dc52ec1,
3d1711dd,
bbcd06c4,
bdc76d2f,
3c9161dd,
be1c91b0,
3d63360b,
3d0ac20b,
3d1d9420,
3a7bf458,
be35b5fa,
bd3d86cf,
3d200eb3,
3d169e4d,
3cb36f8e,
beb18914,
bdd405fc,
bddf0274,
bc68531b,
3e2689e6,
bde9c982,
3d86c123,
3ea17eaf,
be9379e3,
39cd3e37,
bde2113b,
3c862e42,
3de96ff3,
3d9a60c3,
bcbb6089,
3e6ccc58,
3dba19ea,
3e31fb5e,
3da75964,
be847c63,
be10af02,
3e76eefc,
3de2973d,
3e966ccc,
3ec2c080,
3ddb9b68,
3de8a0aa,
3e356a40,
3e5a56d4,
be33933f,
3e002769,
be1be3ff,
3d0e7d59,
3e5fc5a4,
3e8218d1,
3e319809,
3cd6cb59,
3d138891,
be8854ac,
3dd03d00,
be016b3e,
3e63bfd4,
be16704e,
3e88e5f3,
3cb25cdf,
3e2c5ec7,
3d274cd6,
3af64e25,
3d23c5ca,
3e24330a,
bd1fb7c1,
3d750b52,
3c750317,
bf069b19,
be963815,
bda2ebb3,
bd019ee9,
3df0fb4d,
3e28a6d4,
bc733aeb,
3d650c31,
bcfacceb,
bd7a4434,
bd742a09,
3e391e82,
bdab203b,
bd5d84d6,
3dcca363,
3dd87ac3,
be62a23e,
3d8cf9e8,
3d8d2c55,
be1d2877,
3dacc3af,
bd890137,
3dbcd949,
3de0f447,
bdeeb5e2,
bd0e5f6c,
3d75434b,
bde143f4,
3b403463,
bcf8f39c,
beafdfec,
3d2067e2,
3d5d694d,
3d9ccc60,
bd3dc9d5,
3dc22d7b,
3dc00fc5,
3e7fe6ef,
3e482768,
3e51155a,
3d25dc91,
3da97796,
bd91a984,
3dba0a87,
3d81848f,
bdbf2c40,
3dda139f,
be10b814,
3ba5cc02,
bdc27bfe,
be57e8f3,
3dd0fff1,
3d8b9223,
3de3f7bc,
3bdbf41d,
be00d154,
3d780119,
3d7101eb,
3d02e9cf,
bdaa2e7e,
3deaa796,
be2497aa,
3ca95fcb,
3d41cc5e,
3e44e570,
bcb4e265,
3da153b6,
3d67eb06,
bdb4d72c,
3e011998,
be08d8bf,
3e2999ab,
bd29ee69,
3c73efdc,
be289b65,
3dd86801,
bcb0e7fa,
3d844964,
3c5d9d2a,
bd881525,
3d016812,
3dba668f,
bd78fa42,
3d1364dc,
bead6a65,
3d0550e0,
3ce02097,
3db9500f,
bbf6018f,
bdc40b9f,
3e2accd5,
be3c9d09,
3ca8749e,
bdf8efca,
3d0b33b5,
bd99a2b4,
3b4685b6,
3dde8337,
3dba71c6,
3d9982f2,
3d465b1e,
bd351fe2,
3d2e6500,
3d964112,
be40724b,
3db04bb0,
3bd60ec0,
bcc52fe5,
bd980e80,
bd9216bf,
3bd7ceb4,
3955bb33,
3bd0a74d,
bc5d78ac,
bc715232,
3dbe9a51,
bdf05e50,
bda0f15e,
3d4c243b,
bac9c3ae,
3e30cb24,
be98df72,
3d18f4a3,
3dbca139,
3c9421bb,
bd8f2ba2,
3ccf3837,
3d80dd7a,
3d74c0da,
bd03c369,
bcf4ef46,
bd54aa57,
3cb16f6e,
bd8ac379,
3d8f8e73,
bdb15fa4,
bd2d023f,
bf35675f,
bd846ba6,
3d14ecdf,
3dbb514d,
bdf6c568,
3c8c5107,
3d8a285a,
bd731380,
3c13abef,
bf2b13d5,
bd663e7b,
bd1bc820,
3ded1f5d,
3d185064,
bcf9838f,
3de27ccc,
3d524606,
3e5aa130,
3cc602ce,
3df918f1,
bac03438,
bd8ae89f,
bed551ae,
bd4f1d2f,
bc3827af,
bd1d2ea5,
3cce937c,
bde53e73,
bc9ec578,
3d5d00df,
bd84464e,
bda913df,
bdaaeac2,
bc7f735d,
bc180484,
3e0e7eb0,
3cce5c3f,
3b4b56ab,
3e344b54,
bca3461b,
be290b6f,
3c3c5d5e,
3c5548b2,
bdb81598,
bea01eb3,
3dcc9860,
bda094cf,
3ca4a7f5,
3db402d1,
bc82b0ca,
3e0b219b,
3d625265,
3d2f92f3,
bce89c9c,
bd32fba0,
bed7cdff,
bd411a2c,
bdffd697,
3dcaec11,
3c01ef84,
3d204606,
3d62dd7d,
bd672185,
bdccd172,
bdb17581,
3dbfe65f,
bdebaa53,
bd7cee83,
bd61e4fd,
3ca209c5,
bd5176c8,
bd2bf534,
baee677c,
3e1f528a,
bdb04614,
be96c12e,
3dcc3df2,
bdf237d5,
bd2fe4bf,
3dbcab3e,
3cdf7688,
3dc30d2e,
3d2d1501,
3d5b000e,
3d901cb6,
3d847b04,
bd89046e,
3e01245b,
3d14e964,
3e03eeff,
3d7ed8de,
bca1d5b8,
be894bb9,
bdcaf6d8,
bc4c6df7,
bca1d8b3,
3c2991ff,
3d918fa3,
3d8d917d,
bcc7121d,
3d85593e,
3dc328f3,
3e01e9ad,
3d15cb94,
bd381f36,
3cfa05fb,
3d954eab,
bd5c8f0a,
bdf5ddcb,
3d6f902e,
bcf3f0ad,
bd45eda8,
be4ae146,
3d1c20b0,
3de70b0b,
bd7a5937,
3d5b46bb,
3cf60a7e,
3dc9579a,
bd79130c,
be16caf2,
bd373eab,
3de80870,
3de9918f,
3d91d46e,
3deabe7c,
be1f4ec6,
bcbd47f5,
be880e3a,
3e0921f7,
bdfa354b,
3cd68644,
bd9f0da9,
bd8f1ca9,
3cc07cad,
3d262b8e,
3db35dc2,
3e36d1dc,
3d23d661,
bd3f7033,
bd01a094,
bcb27fe5,
bcc1aa14,
3d19037f,
3e731bc5,
bda7660e,
bd73a1be,
bdf69ed3,
3c980835,
bd6390df,
3d55ab15,
3d025b4c,
3c97670a,
3bd8b711,
3e08ea96,
bde741d3,
be344b51,
bdc8c0b5,
bc229308,
be96b5b3,
3cba306d,
3ba99a43,
bd89f1ca,
3e1d8c55,
bd93ee0a,
bc842de2,
3ab20f06,
be38b891,
bd185f78,
b9a1064a,
3dd43b46,
bd33dd85,
bdba6bb9,
bda313e4,
3d1ae5a4,
3ca64524,
bdff6962,
3e01c1e4,
be28bc10,
3c8d3a2b,
3da65b12,
3bfc458b,
3dbebeb9,
bca9c546,
bf0e60bf,
be1de111,
bd7b185d,
bcc08f52,
bd97513d,
3d70824e,
bdaf1439,
3caef14a,
3d48309e,
3e7bc2d5,
bb8dee96,
bdd644dc,
3e15b139,
bd6202ba,
3c3737fb,
3dd92a26,
3ddeb958,
3ddfae5a,
3c3e0a9d,
beae049a,
3d1923fb,
bcb33e7c,
3d6811c5,
3d0f5392,
3c1ea862,
3e2b55d7,
3e16685b,
3d057d30,
3e08d861,
bd027505,
3d967ca3,
3d0941a8,
3dd0aaea,
3e18681c,
3df549f3,
3e32e164,
3e4e8d32,
3d867bf8,
3e281f52,
bde84236,
3deb41fc,
bccbad22,
bd43db06,
3d697ee5,
bcc14194,
3dd7ec9d,
3a0a7fa0,
3df00532,
3c952ed6,
3cdb3c16,
be4cd600,
3b81ca85,
be093679,
3cd15a66,
3e0fa958,
3c4efddf,
3e0e4b33,
bd18f837,
3bf0a483,
3e882f0a,
bc50c58b,
3d710917,
be833d70,
be3720fa,
bdb7bdb4,
be63eff5,
bd882244,
bdad0def,
bd226d80,
3d74a3e1,
3d86fb30,
3c86df9e,
be17848a,
3d390ace,
bd5a8c6e,
bbb72bfc,
3d695daa,
3df4fd29,
3d112074,
3d03f02d,
bd41d25d,
bc9ab90e,
bc81cd95,
bd47adb4,
3d95e18c,
bdb8aedf,
3d8ba9cd,
bd904537,
3d03a170,
3b7aa273,
3c83acf3,
bdaaefd2,
bdc7f66f,
3c1cbe1c,
bdccb736,
bdcf11c6,
bd0ff3f9,
bd02282e,
3d430322,
bd99fcbe,
3cb7d72c,
be2578ee,
be009938,
bdd8b136,
3d25bc6d,
3dca1122,
3daf83f9,
bdf6590c,
bc11af8b,
3cf8bb53,
bcecb51a,
bdd9f063,
bdb696b3,
bcfd7135,
bb480fa4,
bc6359cc,
be46ff0d,
bdaf5562,
3d985e6e,
3d797a32,
bd08ff3d,
3bbf306d,
bbb6a889,
bda76286,
bd8d1458,
3ced6ca5,
bceb412c,
be5b4de6,
be098aa1,
bde96a6b,
bd08a00a,
3ce26b4f,
3d06ddbd,
bd27b68b,
3d43ffea,
3d512ac5,
be1be791,
3da13fad,
bd3840cf,
3db94b18,
bdb715fc,
3d8bfeb5,
bdd24d3f,
3d83431d,
3d5a51a0,
3d2f0930,
bb8161d5,
3ce90ef8,
3c61b780,
bc6691e5,
3d162c11,
bcda5c17,
bda60de6,
bc304207,
be54806c,
3da73de2,
be1494b4,
bd02daf1,
bcf4e641,
3d5003ae,
3da21b6a,
bd63fb14,
3d71b1f4,
be147234,
bec24c64,
bf13d3fe,
bdbdd726,
3e05cb0f,
3cb8d975,
bc8f02d8,
bd95731b,
bd6b060e,
bc28774d,
3da431cf,
3e3d8743,
bcd99e82,
3cf890ab,
3d39fb39,
bda1a4da,
bc634717,
bdb1ee34,
3daba0ea,
bcc36e24,
bdc351bf,
bd0b4fed,
3ce9caca,
3df36fa2,
bdac315c,
bdda4ad1,
3d62b7f6,
3d209f8d,
3df4a36a,
3d841a83,
3d31d20a,
3b64760c,
bd0a7af0,
bd167799,
3da52345,
bda1cc44,
3da67d67,
bbf4cff6,
bcfa9e92,
3d8f80bf,
bcc784c4,
3d2025b2,
3cf528b1,
3db5a49a,
bd2700d0,
bddd70f0,
bc921764,
3cba4c42,
bd72ba5a,
3c113fee,
bc8cbca7,
bd582a84,
be1d85eb,
3dcb9233,
3e33489e,
bde710fa,
3d10db8a,
bd9345c1,
bc0725cf,
be22b7a6,
bb9e12a5,
bdb0fdd4,
bd89f348,
3ceeaf8b,
bcb190c7,
3caa6f3f,
bd376438,
bc55aaa2,
be09e3cb,
bba7cf11,
3ce88f91,
bc2970a7,
3adc54aa,
3d534806,
bc43bbcc,
3d53e817,
3d86510e,
bc1ac7a2,
bbc704b7,
3c522628,
3d0b3a13,
beab4fc8,
3cfc2df4,
3db7b440,
3b797e31,
bdb1b0fe,
bd6fb7fc,
3cc96bd4,
3ce77b5f,
bd04e06f,
bd6be020,
bd842d40,
3c7a42b2,
bc9b239d,
3c4b627f,
3d0c63f9,
bdbc4f0b,
3d49c12a,
bd0402b7,
3bed6d2b,
bca11bc4,
bc33d4ae,
3c8887a9,
3d07fae9,
3d8cb3bc,
3ca4d8a2,
bdc90c14,
bcaf4486,
3d9dc13e,
bc2f6dc1,
bd07eef2,
3cf8f290,
3e04fa71,
3da2726f,
3d962045,
3debe10c,
bdd6d609,
3c5f4e19,
bd2f5073,
3da6ebf6,
bd683ef9,
3c31c819,
3e05c460,
bb080141,
bde28a98,
be1db139,
3d353bf4,
bc606cf2,
3c5d90d5,
3d479012,
3d49773a,
3e34a59c,
3d941b00,
bcc9234a,
be37c10f,
3daab173,
3e023084,
3d2747eb,
be9a5679,
3aba9dcb,
bdb9ba81,
3cb12745,
3dc76ed2,
3d64da98,
be061002,
3d837826,
bd4efd0e,
bc00a501,
beb9849a,
3db000a9,
be548675,
3d91bc57,
3dc49b93,
bee49e37,
bdc369fd,
bf84b845,
be84d44f,
3cddc6f5,
bf1c5fb1,
3e18180e,
3d020b8e,
3d5a0efd,
3d87666c,
bc192413,
bed96c49,
3a70bd6d,
39054625,
3cdcbcaf,
be04c146,
3d0bf14b,
3e1af508,
bd53348b,
3db1021e,
bd1dade3,
3de4ffeb,
3defd3f7,
bc6abc8c,
be2c7173,
bd78ec02,
3e13b516,
bcb7dcf6,
bdc047f7,
3e16a970,
bd2160d0,
be12e9b4,
3d57478a,
bdc3f940,
bdf420e1,
bb92c3a7,
3d9cd9a2,
3ca8e24c,
3de93ea4,
be37659a,
3cb4064d,
3ccfb10d,
3ad8ea3c,
be0ae294,
3db3da55,
3d98554f,
3c7a9d0a,
3da44430,
3ae93bc3,
bd089700,
3ccb26b5,
bda03bd0,
ba96fd5d,
bd314126,
bcda53de,
bd6deff8,
3d4db0d5,
3dac0fb0,
be51b67f,
bd9bbe2b,
3d729881,
3d0ac0be,
be1879d4,
3de29142,
bd57af09,
bd14bb28,
3de31c3a,
3dcb5787,
3c878d73,
3c08230f,
3d4fd548,
bbd647e0,
bb1c21b4,
be05e9c8,
3df53d0b,
bc2fa54a,
bca0ff6f,
3d78abae,
bcbe88cc,
3d0a5f27,
3d0bb299,
bd18e953,
bd9056c2,
3d4f3778,
bd9aa89c,
bde92e89,
bdb0f7cb,
3d69edb5,
3cbcd28f,
3d247070,
bdfa5f32,
bd0f69e8,
bd7854b3,
3c31798a,
bd013fb6,
bd827f59,
3d81e529,
3dc43f88,
bd4509b8,
3d1e545f,
be16f64f,
3c552ea6,
bdcd0603,
3dca4bbe,
bd7816aa,
3d7382ff,
bd9d8b91,
3da0d9c9,
3d4bb1a2,
bdc44c88,
be03e55b,
bd018b56,
bd961a8e,
3c56944c,
3d3d5276,
3d959b28,
3d6078ce,
bcb9a7c7,
3d7ad170,
3dd946e7,
bd5e028a,
bc9e18b5,
bbfa35bc,
bce80a80,
3ccc9301,
3d386adb,
3d397baf,
3c2a1fa4,
bd58be5a,
bc2bafc7,
bdbf696a,
3cb8410f,
bdccdc50,
3bc70538,
bd01f2a9,
3ccea798,
bdc739f6,
bdc40106,
bdeb068d,
3c48d7f6,
3d686227,
bdbae08e,
bd12c9d4,
3d867df3,
3d85ab45,
be88f5dc,
3e4db61e,
bd201859,
3bd0eeb0,
3c00b32e,
bdc9db8e,
bd773d89,
3d3f668d,
3c7cab0c,
bd782048,
3d574f17,
bd066374,
3ddc2e04,
3deedad9,
bdeb1b39,
bd974f86,
bc50769b,
3d04f6b2,
bda39e64,
bea2431a,
3dd8a9a1,
3d8d67d5,
3cc9755a,
3b260914,
3dfa8cfd,
3dc78a24,
bcb731f0,
3dd997cb,
3d4f30e0,
3e1352b3,
3e1094d9,
bd966794,
3d946b50,
be98b5e1,
3d11291d,
3dca5a4f,
3e0c7b6f,
bcd3d33c,
3d1a037a,
3e398cad,
3da35843,
bd65cc3d,
be871be8,
bd78a5f9,
bd3a0d07,
3e0a7d6b,
3b42f4dd,
bd477a55,
3d75fc56,
3b8a1a76,
bc1734f0,
bd154379,
3e169d8c,
be12e3c8,
bce96f80,
3daf0435,
be80712d,
3dfdd308,
3c8d97c9,
3d52a63b,
3c9ee2b9,
3c08c41f,
3e5f9464,
bdbb1c71,
bcd4f307,
3e5679a4,
3c6806cf,
3d81a13d,
3d2d368f,
3db25571,
3d09bdb4,
be030818,
3db2ecfa,
3cbe6dff,
3d800511,
3dcfd4fe,
be1122b4,
be064a04,
3e63ad61,
bd2406b5,
3d7ec14e,
3e5e73f3,
3dabd425,
bd85ae05,
3cbbd229,
3d2d50b1,
3d70e896,
3db3cb6d,
3e0ab4b6,
bc1a97f1,
be6005f3,
3d4d404a,
3d008380,
bc9778c8,
be19ca02,
bddd6adf,
3c129d67,
3df8086a,
bdd1bb4d,
bd64b5b2,
bdf80968,
3e582445,
3de30185,
3db5680c,
bdcd86cf,
bd7fcd6b,
3d89b72b,
bd453ee4,
3cd22480,
3e357aa2,
3da4b759,
be61004f,
bc4caf7b,
3d18c75c,
bd43d8cb,
3dbe504e,
be9c50a0,
bdfd39d2,
3ca14dd3,
bdb4a583,
3e3b7ae9,
bd994760,
be00b564,
3d284f87,
bd038f87,
3c94851d,
bd46c990,
3c830818,
bcf362fe,
bab83ecb,
bcf9d41c,
3dca974c,
bdbcc39b,
be794fa1,
3d14bc88,
bd8e13ff,
bcb8f11d,
3b6fa4be,
3db00271,
bd90407e,
bc9bd95a,
bc99a070,
3dc45338,
3dd0cba4,
3bfbdb83,
bd9a722a,
3d0b2f71,
3a20c486,
bd3bf340,
bdbd447b,
3dba5da7,
bd1fae97,
3c2b0e8c,
3d1aa240,
3da28dde,
bc95eca1,
bdce0cea,
be372f6a,
be0ef150,
3da20e97,
bd2977eb,
3d62818d,
3e02ce60,
3c313309,
bd3186d9,
3d718d89,
3e53b761,
bd4d3b4d,
bd2c0ecc,
bee509a0,
bd47d5ed,
3d4a2c59,
ba9431a6,
3d8ac7c1,
3d0afd3f,
bce87123,
bd44d460,
bd4eb9b2,
3da1b723,
3c952a4f,
bdb9e233,
3d357c4e,
3cbf84f0,
bdc16983,
3c06955b,
be7462c0,
bdabd460,
3be5428f,
3d8c029e,
3d9af3b1,
3e7ec261,
bd942286,
be81ced4,
3e179978,
bcdb6c72,
3e9361c2,
3caed469,
3c336939,
3e2a0851,
be8460b2,
bd0f7968,
bc454ba4,
3c90eaea,
3d8c03ae,
bd1ba1ca,
bd4f8c50,
bdc198e0,
3deb53b3,
be1a863e,
3deced78,
bc2c1262,
3d5c2b44,
3d990178,
be2896a0,
3c8e6dcc,
3d164fde,
3d040a91,
3d0e003b,
3d80e067,
3d2312d7,
bcf2e1da,
bdfd6aee,
3d5026b4,
3bdbdea3,
be0eefe4,
be025b5b,
3d54db31,
3db5104b,
3e68d02d,
bd082ede,
3d7bc86e,
3e8135c5,
bc6137c9,
be65e55a,
3e2f48e0,
be15a102,
bd9b99ec,
bd029d5e,
3e1adbba,
be17aec4,
bd687ade,
beabe790,
beb5498d,
3deb762c,
be994f11,
3be90cdf,
3d4e15d8,
bd5d393e,
3dcef54e,
3d8b07e5,
be8f6ed5,
bdf1f778,
bdfc187d,
bc46c6e4,
3c7bfe7e,
3d5018bc,
bd273795,
3b1a0bda,
3d21f2ef,
bbe69b2a,
3ddbb08c,
be7c76f6,
3c11f45f,
3da0f750,
3e1981d1,
3cbd2814,
3d9a9a1e,
3c89f1a6,
bd4388f4,
3de91063,
3e659204,
3e08c186,
3c5463a5,
3d560fd2,
bd2ab289,
bc1468e3,
bc6b36db,
3b8ac62d,
3de80e29,
bd73c272,
3d68bdbf,
be1993f2,
3d5751e9,
3d8ad865,
3cea1964,
be5041e9,
be39d427,
3dda5568,
3ab25a86,
bd764b71,
3b10d9d7,
bdb75ffe,
3d97ed40,
3e75f6b2,
3dea3f7d,
3cc8dc22,
3d92d3de,
beb77461,
bd0a9d40,
bd541f8a,
bd3ecc8f,
3e596683,
3caf3156,
bda4ac20,
3d9b94b8,
bd2ea6b4,
3dd1eb82,
bc7b843b,
bd57bac2,
3cda1687,
3d142aa2,
3d041bf4,
bee3528c,
bdb67735,
bd4b2141,
3e032ecd,
bda21912,
ba8c2263,
bdfbf3bc,
bd27d871,
bc38866f,
bdc32619,
bcfb321b,
bd10443e,
bcaddafa,
3acc35ce,
bc5ecbe8,
bdc82050,
3d681a2b,
bcb4f682,
3d24bb69,
bc00b547,
bbf8b94f,
bde5afa3,
3d8372db,
3cee1410,
3d12cf73,
3da6b60d,
bd48af79,
3d32f192,
bd9a5764,
bcf86e51,
bce3359f,
bd9c769e,
bcb3fb24,
bd7858bc,
3d028acc,
bdc33b4c,
3d684f37,
bbc1c1c1,
bd7a2df1,
3d17d353,
3beb53f6,
bdbc5c96,
be6d9bd6,
bdc7f7fe,
bcb23a3f,
3ca9ffee,
3cf1bb24,
be09e759,
3cf9b1a2,
3d5c28fb,
3db48fac,
3d6f68a6,
bc2e1323,
bcc6ea25,
3d12b68c,
bcc9dcad,
3c8ccfe7,
bd3a005c,
bd346b92,
bd00978a,
3dfe353f,
bcdf224f,
bd50c5f1,
bd26dde0,
bdef4592,
3c237977,
bd476689,
ba24ea30,
3d381ca7,
bea90eb0,
bd653d5f,
bd95d04c,
bd29647b,
3d2983c5,
bd8a60da,
3c43be26,
3ea11f46,
3d980676,
3d112bbc,
3e449e8d,
bd0f3e36,
3d8abf15,
be87c4b4,
be50ab2c,
bdcbecbc,
bbca25fe,
bdd3da90,
bdedc831,
be04b3a5,
3d06311f,
3d9b00f6,
3cf581b7,
3d512d4a,
be259155,
3e09774b,
3c9347e1,
3dad86b1,
be03c997,
3de67965,
bcf0b0cd,
bd37db26,
bea25a17,
3dcbf67d,
bc92e2e1,
ba0c8f1a,
3ce054d4,
3c883a21,
3d9fc0e7,
3da9cd7a,
bd8a42b8,
3d133eda,
bca1e0fb,
3c04195f,
3e388d57,
3d7c74c3,
bdd349e1,
3d9ba1ae,
be30abe3,
bdca03e4,
3d295f72,
3c1be915,
3d9e31ff,
3d84c566,
3d9fe991,
bd85e9b4,
bd89b6d4,
3cf1ad7c,
bdb91fe3,
3dc4fd35,
bd944fa8,
3da94c22,
3e0615fc,
bd9400fa,
3d61030a,
be34ca33,
3bfac706,
3d6cc1f8,
bd5e0798,
bc31f942,
3c5bea37,
3d7d106f,
3cfd425b,
bc9044a6,
bde8916c,
3c958411,
3d1e0373,
3ca597aa,
3c61fc14,
3d3abaf7,
3d53f3fe,
3c9764c1,
3d56e933,
bc4fa6e7,
bd31cde9,
bc02bc28,
3cf80d63,
3b4828ce,
3da0280c,
3d53100b,
ba803a4d,
3cb8b5b4,
bde8bbd8,
bd8fbe7c,
3ccf9eb9,
3d0976ff,
bd88338c,
3c544e81,
bdd749fe,
bdb0e4d1,
3c4cbd9e,
3cb24100,
3cafb473,
3d217952,
3d0679c4,
3d774b0b,
bdc9f3ba,
bcc6ab35,
bd23c397,
3d713b9f,
3cc617b7,
bd3dbffa,
3d8fbd7e,
bd768c06,
bd63921e,
bdb92401,
bda15a9e,
3cb17548,
bd464571,
3d1672ce,
3d1b48e9,
bd862501,
3dcf0ac5,
bd64be38,
3d526385,
3d064bbc,
3d6bec85,
3dbbc412,
bd38a43e,
bcbd727c,
be192cd6,
3dced85c,
bc92cf80,
3ca3b23c,
bd1f86b9,
3ce1f85d,
bd7b6ca5,
3d48e925,
bd534130,
3bd6dc05,
bd5fcd68,
3d160703,
bdf43c1f,
bda879da,
bcfaf59f,
3d4eb35a,
bd6ce45d,
bdb22f8f,
3c833ac3,
3d1c7b4e,
be828098,
3db73b53,
bd6b1e3f,
3ceef978,
3ba9e313,
bd718866,
3cc04af4,
bcfb4124,
bd92e843,
b882715f,
bcf6e3d7,
3c862645,
3d5755b5,
3b78f575,
bc98f4b9,
bdeeeb28,
bd657dc1,
3d42a9c1,
3dc3d1c9,
3d913e2d,
3d591b34,
3cc5df68,
bdd9901f,
3dcc0060,
b9fc0bd5,
3dc146bb,
bcf60f16,
3b22176d,
3d9a7451,
bdeb2521,
bc41b4d6,
bca6c4eb,
3bc91f6e,
3d7a2c74,
3d95bcb0,
3d136406,
bd2a0dab,
3d1f8d71,
bc3f9d24,
bf150adc,
3d2b8288,
bd6ecfb9,
bc7e13a1,
3c6560ad,
bd55a80b,
3d2ca6d2,
bd82aa99,
3db4e405,
bd29181d,
3d8de07f,
3db89bec,
3c410960,
3e019007,
bda4b76f,
bd0660c0,
beae805a,
bf09ef30,
3d010e65,
bd69139a,
3d0ee307,
bd87bbf3,
bca28566,
bdcb2e0a,
bd92bbb6,
3cd83917,
bd7316bb,
bda31f34,
3d5d322a,
bce644d8,
bd4cd31f,
3d69df85,
3d1ce396,
3c0ad668,
3cda7e4b,
3df36268,
bc118975,
bd59cf92,
bd963bc2,
bd52ee3a,
3dca26a6,
3e044abd,
3d79fa93,
bdbf8170,
3d8d4ef0,
3dbaed69,
3dc03237,
3cecd185,
3d696415,
3c39dce6,
bc2d55b9,
be815f19,
bb78e402,
bd76f1e7,
3d560d6e,
bd3e5b15,
3df076ba,
bceae5cd,
3db014fa,
3d23d285,
3d529861,
bb5342b3,
3d1fa57a,
bcf0dbab,
3d994b2c,
3dbe2b14,
bbb42a94,
ba3194e3,
3c5fa374,
3cc03c96,
bd7ec19c,
bc6e1cde,
bdc93cdc,
3d5876df,
3ce78b14,
3dd0221e,
3da668b8,
3ce9c8c1,
3bbc9ad0,
3d2ca585,
bcb617a4,
bc8748da,
3ba0f1a8,
bdfed013,
3d4de7bd,
3c839dfa,
bd1c1d2d,
3d070b90,
be10f17a,
bdfcb381,
bd3bb6e3,
bd82d83c,
bd30d7c9,
3d5e528e,
3d16f4e4,
bbc801cc,
bd2ee9f8,
bd7587b7,
3d49b794,
bbc16794,
3d93eb98,
bdfaaac2,
3cc406d6,
bbe9d709,
be4da7b8,
3cb869d9,
3a9daf53,
3d069065,
bdad3282,
bd242a51,
bc440f03,
bd294ac7,
be0996ca,
bcdb5a94,
bdac5794,
3d91ecac,
3c4dcb90,
bdfff3b5,
3d8aa70d,
3ceb6020,
3ca96229,
bd972c79,
3d07f006,
bd81f322,
3c27660b,
bd46d908,
be460b59,
3d74ac1f,
3dd46c71,
3dddc7a9,
3d2cbf28,
be862359,
3d6f3d12,
3d7d9b16,
bdc5c6ac,
bce2410d,
bdbadd2a,
bdb936fb,
3db688ed,
bd9327a4,
3d152f64,
bd979611,
bdfe00ef,
3d788647,
bcc63f34,
3d3d6749,
bda90a7e,
bd45e8fe,
bc913e66,
bd28fdd8,
3c914d60,
bd6e8e0d,
bdba608c,
bdac7984,
3cf6ade2,
bcb2b3dc,
3e00063a,
3c81fea8,
bdd1a1c2,
3d5b1c2b,
3c850b62,
3bcfc50f,
3c605804,
bd42beea,
be2fef86,
3d2be1b6,
3d7a181f,
be21c286,
3b9cbb78,
3d1e0cf4,
bdfb9a9a,
be11cbfe,
3cb567e6,
3deb5b02,
bda3e1fe,
3dbe36d8,
bce0d528,
3d9062cb,
3dcb704d,
bea1257d,
3d4e667d,
bd2aa29b,
3d8915a8,
bc9b77b0,
be81aab2,
be541607,
bdda8bea,
bc8e7c80,
bda02557,
3cd70575,
3c1a5618,
3dfb4196,
3dad30e7,
be05537f,
3c0c6ad2,
3da4c5b2,
3d32d07a,
bd4247fc,
bbd75fce,
3dc112bb,
bd255082,
bc7e7c32,
bbe56d6d,
bd1e51aa,
3d24c600,
3ccb7254,
3c7c047e,
bcf49f2f,
3dbfb980,
3caeddb9,
bd27d1c3,
3ccc9b74,
bd1f392e,
bd819ec0,
b99abbae,
bdd0e5ff,
3d92fd04,
bcd5cd8d,
3c1059f5,
bca2ad6a,
bd843df2,
3d15e22a,
bd8d66d6,
bdcbef2f,
bcd29f8f,
3d29a9c0,
3d4641a8,
baab95c5,
bc9b55a1,
bddadf7f,
be4a6531,
3db4efc9,
bdd9d548,
bd104593,
3c8bd0d4,
bd688d02,
3d3b2e4c,
3ca42f7f,
bd13844c,
3a914f1d,
3dce2ef0,
3d978f6a,
bb0e2319,
bda4c166,
3dbb52c8,
3e00dc21,
3cfd1ac3,
be0654c9,
bd1008fa,
3d85db6c,
3e01021a,
3deb918d,
3be48e5f,
bc28c01d,
3d8e4408,
bd771890,
3dda87cf,
3d004f26,
3df6b306,
3dcaa485,
3dd234db,
3c8602e9,
be22a152,
3dbb85eb,
bc992e5a,
3df14192,
3e7c1fd9,
3d4718ae,
3dfdb967,
bd0a98f3,
bd841eac,
3d9c9463,
bd538144,
3e36dedb,
3ced61ad,
3da0d99c,
3ca71289,
3d1f0f9a,
3db37ea9,
bd916704,
3d2b132c,
bd12a640,
3c97d1b3,
3d465432,
3d9286e1,
bc0a5af8,
3ce47f1b,
bd7653e5,
3d551d3b,
bce3c790,
3cc1e23d,
3ced5889,
3ca0ebb3,
bc70e302,
3de29cd6,
be3e1a45,
bd9b7046,
be1f1e8c,
3e07da06,
3ca3e6aa,
bdfbdc6d,
3d924d53,
bc93f972,
3c2b1664,
bdb50bb0,
3d51c8e3,
be8c2a3f,
3df0e0a2,
3b6105ea,
be0983eb,
bde7ce52,
bc9899cf,
be533472,
bc6b9b24,
bf103f8b,
bd187f6b,
bd1da631,
3dbed378,
be83c490,
3daa1820,
3c3afa92,
3db4870b,
bdddab6a,
bf02c913,
3c806312,
3da37b2f,
bd2bac9f,
3dfa7fb0,
bca1b379,
bd007840,
bd635eea,
bc778720,
3c64eb1c,
3e430686,
3d010e8e,
bbc824dd,
be85e219,
bed836a0,
be170d70,
3d8a14a9,
3d2a8eb4,
bdde1b11,
bd6ad1cb,
3e4c4f0c,
3e08dc03,
bd2ae559,
bd97bd0a,
bdea348f,
be056f59,
bcfb6038,
3e161e84,
3cd03c08,
3d8f3556,
bea894fa,
bcc497b5,
3e0a5581,
bd44e929,
3db96c16,
bca0e97f,
3e3ea282,
3c5054f7,
3d9ec26a,
3d7eb1b9,
3cd805db,
bd9e1915,
3e51c92b,
bdaaa3e1,
3e932c28,
3d0ae343,
bd874eb0,
3dc9bfed,
bc96a7ad,
bd359e4a,
bd324c6e,
bb5a7b61,
baa9336b,
3e4ff3c5,
3e11ed88,
3da9dfc1,
3dbfb879,
3e3396d6,
bde43a6b,
3e1e332e,
3db36555,
bc7a5881,
3dfb2528,
bee2f4fd,
3daf1691,
bcdc4f3c,
bc7285ef,
3c9725c1,
be17bdd7,
3d6c18ca,
bd63570a,
bd4b98fe,
3da34408,
beed0223,
3d348e3f,
bd8994c3,
3d006def,
bd87959f,
bd402b9f,
bc8e9dad,
bb4f370a,
3d2c5a79,
bdd44a53,
3d80546e,
3dad137f,
becb5084,
bc8d3354,
3d3cc974,
bdfac64a,
3db8e84b,
bf15a3f6,
bc404555,
bd27cba6,
be4dc93c,
3df55fb5,
3d338035,
3da8608c,
3d10c79e,
bd08ca59,
bc13b9d1,
3e052f97,
bc9bca5c,
3d97fa4e,
bdc15dbe,
bdf8d6c4,
bb76f08d,
bde9772c,
3d3ee69b,
3d55e37a,
3d100396,
bbcb1238,
bca5832c,
bd39545d,
bd040f71,
bd08d610,
bca137be,
3ca7bb1a,
3d1012d2,
3d95cda5,
bd6c99ff,
3da98c4c,
3dbd4ee2,
3dc0783d,
3d8b0dfb,
bcb0af15,
bd07f415,
3c547c03,
3cc3d136,
3d9b9382,
3bf3b90a,
3de45468,
bda15d30,
3d353f6d,
bdd9fc08,
3d9dc150,
bcad5b28,
3da191c0,
bcab2862,
bd3076c6,
bd8c7276,
3d5fa349,
3ab1b81e,
be41ebb5,
be21517b,
bcd01693,
bc17972b,
3ccb19a4,
bddaa8c2,
3e1ca374,
3d8e71b8,
bd0367ff,
3bb3fa2e,
be5a056e,
3da2cb47,
bd765e1b,
bd2cf9f9,
bd23c232,
3e03630c,
bd082139,
3c9ce172,
3e01948e,
3d3599c3,
3dd5c115,
bba93c8f,
39de0e94,
bd0ea433,
3dc1f455,
bd2b9d02,
bcbe7948,
3cee003e,
3db0615c,
bd4f2ac3,
bcee7640,
3dd7a3f7,
bd6db179,
3d0e2f96,
3d830b6d,
bd6baf56,
3d85aa0a,
3c73c7b8,
3d951d1c,
be1b78a7,
bd81f2f8,
bca8bf26,
bc0275dc,
3bb05dc1,
bd411925,
3e001c10,
3dcd39e5,
bd13fb60,
3df1ce24,
3b325984,
3e96c22f,
bd6953f1,
3d6af968,
be036b0f,
bad652dd,
3cd0c3fd,
3cd98770,
bd9118f6,
3d292109,
bd1ee474,
bb85877e,
3bba7587,
bd7f2f28,
bce309db,
bdd65645,
bde34dc9,
bd9a6cb3,
3c90eabf,
bd58550e,
bdbb2928,
bcf632ac,
bcb99a86,
3d6b3004,
bd913b92,
bdccf1c7,
3e181ed2,
3d40fc9d,
bdaac54c,
3d700874,
3c94ca27,
3d3e2efd,
3af2099d,
3db13953,
bc6dadee,
3c5dad90,
bd553d84,
bdce1098,
bd08227e,
3d6fef2e,
bddb5188,
bdf29356,
3df02e59,
3d74fedd,
bd8c52c6,
bcf59284,
bcc88cbc,
3d09df6f,
3d3ca2b6,
be257339,
3d8fde95,
bd93e946,
3b5c9e26,
bac9b8f1,
bdd268d0,
3c815fc1,
3db19a1a,
3d47d323,
bca8c3e4,
bd2a000c,
bc6587da,
bcc1840f,
bca67926,
3e382669,
bd06f5c8,
3d03702a,
be45a1d7,
3dae6561,
3dd47273,
3c8bb12e,
bd31a717,
3cf52927,
3dbe8d14,
3c0a4ca0,
be0ec794,
bd8cc055,
3e1ccb64,
be0e0dcb,
3d803a89,
be030730,
bca9fcb3,
3d500c3f,
bd54d473,
bbb12551,
bd1e34fa,
bbc33306,
bd20108c,
3cceb931,
bdb7ca2f,
bd5ee7b5,
3ceb066e,
3d94f71e,
3ddd5340,
3d021e60,
3d8b2156,
bde05240,
3dad3715,
bca01666,
3a802326,
3c9ffcc5,
bd97dc60,
bdb30b6b,
3bd48de1,
3dad4fa1,
3df64cb2,
bdb211dc,
3d9ad7ca,
bdc0f090,
3b7309f8,
bd7f70fc,
bc225a1d,
3daa563d,
bd7c3e62,
bc8d4355,
bdd24ed6,
bd4d2b87,
3c6359a1,
3ceea260,
3dab6ad6,
3d3f2146,
bd93c394,
3e0a43e7,
3d13d136,
bda10a48,
bdbe89c7,
3d43b4bb,
bc423c86,
3df79182,
be4eeb02,
3ce727fd,
3d74be60,
bdea9642,
bd95330f,
3e4b8ae7,
bdbe5c7b,
3e22b2c4,
3e91274d,
becc70b1,
3d77cd09,
be33b80c,
3e81f8b8,
3d852adb,
3d682929,
bba4f4ac,
3e8f1703,
3d87da1b,
3e6dbd52,
3dc26e7f,
beb3ba95,
be69c998,
3e914639,
bd06735f,
3d9dafcd,
3e229765,
3e04e6a3,
3de1a330,
3e352fc3,
3e0c6546,
3d8239e0,
3d983db8,
3d39f8c7,
3e3798b0,
3d85f242,
3d2d7020,
3e56aa26,
3e2dde21,
be14b41b,
3d77360a,
3e63d68d,
3e928ee9,
3e9a11fe,
3e18d8af,
3d0c43d3,
3dd5ccdb,
bdee7ebb,
bcfa8110,
bd5936e6,
3ea4f3b0,
be11f004,
bd98883e,
3e659150,
3e3ce3a1,
bed588ee,
bdee8596,
bbb97806,
bdef9e6b,
3e790e09,
3dcbe506,
3d935ef8,
bd214c5e,
be5ceefa,
bdd6a4de,
bd5440c5,
3db937a4,
bd828439,
be1f2f9e,
3d0cee63,
bbc59a7e,
bea55d3a,
3d58b152,
3d8913f4,
bdfec509,
bc8d84e3,
3d7b5447,
3cfd417f,
bdced97b,
be86d7f4,
3e4b82a3,
bcec4a10,
bca82b73,
bcfea435,
bd9c67f9,
bdec1279,
3db0feb2,
3dd50254,
bca58ad4,
3d1418b4,
3d06bf4c,
3b260e47,
3e2e41c5,
3e10c851,
bdb1bffa,
bc20851b,
3d0d0df0,
bccf7401,
3e3393aa,
3e11a7d1,
be6611ac,
be8055f9,
3d037fdf,
bcbe5337,
bd115da0,
be3802b5,
3e0f5ff6,
3da7eb65,
3da3f3c7,
3c5a422b,
bcf552e8,
3cfb1f81,
3e13dbe6,
3e51cc85,
3d9f812a,
bd3ce3f1,
bc012712,
bc5396ab,
3de55f57,
3def73fa,
3d1d8285,
bcc534e3,
3bc0c1e7,
bd8ee1fa,
bd6838b4,
3ced7ece,
bdb4d428,
3c226895,
3e383360,
bdbeef4b,
3d294889,
bdabe25c,
bd5a558f,
bd0af64b,
bd2ae0f2,
bdcd0545,
bc99fe69,
3cdc185a,
3cae6e3d,
be8b6b47,
3b5cf666,
ba4771c4,
3c043c65,
3d316169,
be40d621,
bdbc386a,
3dbdb1fd,
3db0d9a2,
bc924217,
3d91e3f4,
3dcf2214,
3ce3339c,
3e013768,
3d4bf89c,
bd01509d,
bd0194ee,
bea1eadc,
3d94554a,
3d5ae63d,
be2f36dc,
bcbfedfc,
bc8bf856,
bd57d6ae,
3d2c2a58,
bbc5edb5,
3d33aa41,
3de49173,
3cfc3aef,
bd8cdc6f,
bd11eeee,
3de7124b,
3d30e58e,
3d4364f4,
3d93aa9b,
3d025eb7,
39dba934,
be02e2de,
3d83c443,
3d9c69a2,
bd8ca833,
bc62d232,
bc1a084a,
3da0aa92,
3db4a72d,
3d9e1d19,
bd41283c,
3c2a9205,
3d2b5244,
3cb35bbd,
3d826bcf,
3da5a6b0,
3d08909d,
bd6c9e8f,
3d800fd9,
3e30a0d8,
3dbd8554,
3bdd12d6,
be816f98,
3dd4bfc3,
bd29c1e6,
bd99028d,
bf387502,
bdfeacc2,
3c764f07,
3d2ba0bb,
bcf06a10,
bcf4e50a,
3df0d800,
3d137ad4,
3e498ebc,
3c8bbd3d,
bd246fbe,
3dda8b1e,
bda6d215,
be9b6742,
3ca9b6ad,
bddce114,
bcb969f4,
be1061ef,
3db844bd,
bc8ddd79,
bd8b9632,
3dd4ae3f,
3dcb8c52,
bcf02369,
bd6ea483,
bcbabf13,
be8f5392,
3d83e401,
3dbc26cf,
be4621e2,
3da2950f,
3d95a3e8,
3cf1a8cf,
3d9e489c,
3d4b9458,
3dd8ea86,
bcdd5880,
bdb45a46,
bcc713d6,
bcda215f,
be220506,
3e59bfcd,
3d94c68a,
3c0d13a4,
be06d87d,
bd94839b,
be416ef0,
bd331a3c,
bd00b6b4,
3ddc67ac,
3cdf8231,
3bc4f903,
bc259da9,
bdc3cb8e,
3ccc5fe0,
be097f2b,
bdab70fb,
bd8ab6d5,
bd1eeae2,
3cdbbf54,
bd6bcb2a,
3ddac625,
bd284fb8,
3d09ae0c,
3cf443a9,
bd42a610,
be1d06ad,
bcf282d4,
bbe4f563,
bd0ac121,
3c5498b4,
3d0216f9,
3cc724a2,
3d0998c0,
3cf4fe6f,
3c20352a,
bc973a54,
3dde7cef,
be22a823,
bc2aba3e,
3ddb34dd,
3dafc4a0,
3dd7a4a6,
bebd2e18,
3ce648ba,
3cb0a768,
bd248f71,
3d96068d,
bdd4b499,
3d7e9849,
3c99e06c,
bd180a80,
3c3b5e5b,
bd601bd7,
bdd74eff,
3dfc122f,
bd7af958,
3ac1ef23,
3d6368fb,
3d2b3ed0,
3dacfbc9,
3d195ae8,
3c7ae19e,
bdafbdeb,
3d934d80,
be0da693,
bcb96f22,
3cec9a32,
ba319234,
bc07f08f,
be0cd4e1,
beaae42b,
bc703b67,
bd1e84f3,
3dceaf39,
3c485d51,
bcc08bb6,
bdb82924,
3bd7c462,
3db866c5,
3d13346d,
bd7b3efe,
3d16b1c3,
3d89e7f0,
be4278c1,
3dfb7be6,
bd8257b8,
bc9511db,
3e09b364,
bd388ae6,
be2d7c18,
bcc44016,
bdac70cc,
3d13a851,
3dcd7f6d,
3e1fa4da,
bd069858,
bcb41dc4,
bc926b27,
bab06b98,
bd5af1bb,
3d8c846d,
bceb1f9e,
bcb879c4,
3cc5b247,
bba40152,
bd24ff03,
be23890e,
be21d4c2,
3dbeedcf,
bebf521d,
3d9786f1,
3da77b5a,
3ce2cac6,
3e04c34d,
bcb9185a,
3d07699c,
bf027150,
3d15373f,
3a39a47c,
bd9b1092,
bd267c00,
3d891062,
3d1c0d7a,
bd58a947,
3ce439bb,
be1c60a9,
be002682,
bcc9b1d5,
bf0718ea,
3db322c1,
3d001edf,
bd44d45e,
3d9ee2a4,
bcafb0e8,
bf763153,
be32e454,
be2d7f5b,
3dbb18cb,
3da17565,
bd123539,
3ccf3abb,
bdc9cdc0,
3e092a55,
bea38b75,
3d83d7c3,
bd711d3c,
bd2762c0,
bd33f0d6,
3db247f8,
3e038d84,
3d820abf,
3d9af3f9,
bca247d9,
bea8b58c,
bcd639ce,
3d87731e,
bd9ea599,
bd51e283,
be000425,
3d253b61,
3e14baac,
3d1306ad,
bd1498a9,
be1c8e78,
bd8534f9,
3d9d0d0f,
bc20c07f,
3d5db03a,
bd8c9dde,
3e2d0c3b,
3d4e00d2,
3cd95f8d,
3dd7c923,
3e02e301,
bd48e353,
3d775ff3,
3d5362d1,
3e292ef7,
3bc5f598,
3e20a870,
bda01635,
bd4d5759,
3dd7708e,
3d8fc1e1,
bd3eb8bd,
3df1a4de,
3dc92391,
3da130e0,
bd5387af,
3df349d5,
bbf7a1b8,
bc01224a,
3e459962,
3d60404c,
bdb984ff,
bc8b0b82,
be89d040,
3bb67b27,
3c9c5c01,
bd9a8309,
be003d7f,
bcb464e7,
bb893cc0,
3e2939cf,
3e09c484,
be8c2bc6,
3b6c7056,
3cd53d09,
be1c75b3,
bcf7995a,
bbaf0b71,
bcf74e66,
bda4db53,
bc64f604,
bdb70f20,
3c773348,
bd8b0db4,
3bd06736,
bc6d06f4,
bcd8de69,
3d600d49,
3d329663,
bd7b2ff7,
bce91f8e,
3d67ca44,
3dd4f36a,
bc8d4a36,
3e00557b,
be39f8f5,
bdf01c61,
bd180218,
3d380e41,
bd9e8e71,
3d4f20a2,
bdd8492e,
bcd33170,
3ccd5b93,
3d1b483d,
3da5e188,
bd883712,
bc10f8d6,
be046bd6,
bc8488fc,
3d40087e,
bd67899c,
3cd4129c,
3d9c4b4e,
bdc72701,
bd0bb01d,
3de2cabe,
3cf3da1d,
3c2ea920,
3d7fb92b,
3d8eedfc,
bcd9241e,
3bc38713,
be4dd57a,
bbb04400,
bd81eaf6,
3d4f2fdc,
bd3f6409,
be2168b3,
be15a144,
bdedbeca,
39d1b468,
3d9fc9fc,
bd717538,
bd6263b0,
3e0db4f9,
bd9edd20,
3dbfc6b3,
bef63153,
bdcf7eec,
3d77383b,
3c91fc9d,
be070f36,
bd8379b7,
bd9aee9e,
bce8fcce,
bd2cc9aa,
3d89c14d,
beb44403,
3c515e41,
3d9167d6,
3afa41d0,
bc371e24,
bdf4c3b5,
3d67b43f,
be7acebc,
3bd1d306,
bd1ff152,
bc29ba79,
3bc3e8b8,
3c200046,
3d916eb5,
bd89e02f,
bd8c2cdc,
3cc1ee07,
be0eefaa,
beb0bbfc,
3db6180d,
bd659289,
3c8b5a51,
3db1af21,
3cd96dc5,
bd7d7521,
3c33888e,
bd95c395,
bd3a88b8,
3c605372,
3d0134e1,
bd3f35db,
3ca5b7d5,
3dab1685,
bd2dd64f,
bad3eb7a,
bc0e3212,
bd095a77,
bd59b9a8,
3cfade68,
be3e4575,
bc744313,
bd867b87,
3d828e1f,
3d219e76,
3db58eeb,
be032618,
3a117203,
3acfdca2,
bc867c56,
3d93eec0,
3d7240e2,
3dbb672f,
bc8e9732,
3dccb35a,
3d0b816b,
bcb046da,
3dd936d2,
3da55057,
3c572724,
3d448337,
bd3413b3,
bdd6e0e2,
3d21f9b5,
bc92c7ae,
baa76e6e,
bd40aaa0,
3da3454b,
3c2c888a,
bd92ac5d,
3d92f0a7,
3cb6be1d,
3d039594,
bccb9c1b,
bd2e80e2,
be09c0d0,
bdb892ed,
3cd956e4,
be06d81c,
3be563f2,
bd8061f4,
3cc3b282,
3a9c550b,
bba3a185,
bd9c2aa7,
bb391c16,
3c4211d3,
bd4b225d,
bd041d7e,
bd739c07,
3da5f318,
bd71d35f,
3adad4cd,
3cc48d93,
3de047e7,
bd2af41d,
bd8445a6,
bc880e0c,
bd84868e,
bd74d763,
3d91cb18,
bc5758a2,
bdbb3a51,
3ddceb3d,
3ccf9b1e,
3d9c27ac,
bd7e0217,
3d9f46ab,
bc7c5d7e,
3d90b49a,
bbefd19f,
3d991563,
bbef61a2,
3c884ab2,
3dad420c,
bcba1067,
3d32538f,
3dc8f097,
3db10f1b,
3dcde105,
bd77ecfc,
3ca831e3,
3e0d2c62,
3c5a1a1d,
bd03cdb5,
bd04ad8f,
3d0a0f30,
bb7f54df,
bda0ec61,
3e269d7f,
3c968efe,
3be8ec93,
3a7c4185,
3da1f94b,
bc2128fa,
bd9e3dae,
3c8e5e12,
3d4f894d,
bd355bea,
bc41fcba,
3cd429a3,
3ca297e5,
3d1ba5b3,
3d77ea55,
bbc30335,
bd9d893b,
be0261df,
3d24e44e,
3d3d5c31,
bd8456b2,
3d11bd01,
bdcd7181,
bcd4aad8,
3d94f0ea,
bc87182d,
bdc08108,
bce939a5,
be94ea6a,
be080c45,
3e498f5e,
3e0a2645,
3cce8c65,
3d88221a,
be5c9323,
bdf60ae1,
bec894f5,
3ca95615,
bce04317,
3d92ca39,
3e221776,
be51aad8,
bd5aa0b8,
bf153369,
bcf6e453,
3e1d86c5,
bf8fe30c,
3d0a3583,
3dc6212f,
3cfe940f,
3e0256ef,
3cc6e562,
be93c47e,
3dcba0b0,
3d860842,
3d0c9a0f,
be0486af,
bdbf09c2,
bd99bd3c,
3cda5a54,
3d189a08,
be286c93,
3ad84e35,
bdb33fa2,
3dc5a3fa,
3c1a6628,
bd81c143,
3e0670ac,
3c91bf4b,
beb8b1f5,
bb312d09,
bc97a482,
3c669825,
3c881634,
3d017bae,
3d4cc44e,
bdcc1f16,
bd21e929,
3d2367b4,
3cf18b33,
3c87b3de,
3da9e076,
3c2aeea1,
be502f7e,
3cf38acc,
3db0f586,
3d5ab4d5,
be9fa681,
3e141bc7,
3d5f39fd,
3c66a917,
bc0a1e67,
bd80c551,
3d9a139e,
bd1c5dec,
bdf6f4ae,
3c53c686,
bdaeac5b,
bd8b4f28,
3d8ee34c,
3d0365d1,
bd8f022d,
bdbd92fb,
3deee30f,
3cecb8fb,
3d8a68de,
3d3ebb39,
bd209894,
3e02a50c,
3ce87e8f,
3c2afe10,
3d8e7c6e,
bd1c29ca,
3ce2de11,
bdd4da00,
bdbbbfc8,
3dc7ceda,
3d152c85,
3c8547d8,
bcea767c,
3db336ef,
3dc09f6c,
bcef4f63,
3cbdd701,
bd945d6d,
be3a1b2d,
3da7b8ae,
b9c18bd1,
3cee27e1,
ba34a209,
bd96f349,
3a109df2,
bc1e9c8e,
3df5a26a,
bde8e1af,
bcd3bdf3,
bd4c5a21,
3ce8d10f,
3da436e0,
bd16adb1,
bc9c3c4c,
3ce7845e,
bc5bcd7b,
3c874620,
bd08e993,
bd70f7c7,
bd4aae1c,
be1061a3,
bd03176f,
3d07bd1b,
3b9b7653,
bda897c7,
bcc058e1,
3d996e79,
bb4c1acb,
3d14e397,
bc43db62,
bb5da334,
3c3ea25d,
bce7860c,
3da2feb4,
bd7954e3,
3d816c74,
bd537fff,
bcb7b48d,
bd28c482,
3c2d564f,
3dfe7a57,
3d8d4a4b,
3d540850,
bdf587f7,
bd251090,
3d758141,
bc7f5271,
bdb6f6f4,
3cec04b6,
3ba7b8ac,
3d87dbf5,
3c893451,
3c3f2a22,
3dc556ac,
3dd24e9a,
bdf24dad,
bd9d89ce,
3d84e690,
3ce8b9de,
be4898fb,
3de8d361,
bcc1c827,
3e0bc774,
3dbc429a,
bd3f0b43,
bd9d1bf0,
3c846037,
bcb0d2f1,
3dbd541e,
3c389878,
3d1a3cca,
bda445c8,
3d82b855,
bda67987,
3cf27a20,
3ca1a25c,
3ce35799,
bd6d9a47,
beac5f9b,
3d91d9ee,
3d4170ae,
3d53e3c2,
3de47241,
3e34ed61,
3d9c5c0c,
3df283a4,
3ddb1b56,
3de9ec9c,
3df6ebcb,
3a4137ee,
3d1c31f5,
3c369924,
be1aa22d,
3cb9228b,
bbba9b5c,
bb222788,
bd22a64b,
bd6a4b68,
3e197dd4,
3d1af908,
3c2970c7,
be84d628,
bc8fa54a,
bd7b766b,
3d1d5caa,
3d2e3438,
3dd59773,
bda826a3,
bc3d6419,
3a666f60,
bd1ce818,
3e54e6be,
bd495ad5,
3e247d31,
bd2ef050,
be569f16,
3de6e01c,
3d8af2bd,
39d9076e,
be03577a,
3d57f1b4,
3cc6c059,
bd2b6267,
3cc31c80,
3e8602b6,
3d336263,
3ddd53e2,
3aa44d27,
bcb26a86,
3d842a68,
be192dfd,
3e117200,
39e1fe8d,
3e093e56,
3e23b449,
3bdd4b4a,
be4f10d8,
3de8dcfe,
ba270b1c,
3dbf0389,
3e13b470,
3a19d8da,
3e2b1709,
3d94e5af,
3b91d718,
3d8162dd,
be1e0919,
3e19f4b6,
bd0bec95,
be3bb506,
3d948abd,
3ceda8aa,
3cc28da4,
be0e3880,
3c3954e0,
3ce6eab6,
bd8743be,
bda98b16,
bea68013,
bdbbacb6,
3e5e9663,
3ddfdae9,
3d8fac33,
bd5be71c,
bdd148e9,
3c0f6a41,
be1b3d71,
3e0af28c,
3d286f75,
3d05f720,
bdd761fd,
3d015bc5,
bdc6ca25,
bdae21f8,
3e11b38c,
beaa1d4d,
bcc0e609,
3e0de479,
bde73d75,
3e3579b6,
bdd1aab2,
3d0f733d,
3d1f2b34,
bcc1f065,
3d73aef1,
bd33bd8d,
3ced51c2,
bc4e8b89,
3be33356,
be0552e8,
3d51fe95,
bd9ecef1,
bda6ce97,
3cacd9b8,
be3536f9,
bc147832,
bc4c6843,
3e243ba2,
3dc26788,
3ddcdcd2,
bd2c792a,
3cfb38db,
3dab65a0,
bd140b90,
bdaf1935,
bd9d0964,
3db78695,
bd9580e1,
bd4336a1,
3d048ce8,
bdc21d0f,
3d1a1126,
bc7c1585,
3da96934,
3d30e8e4,
3c45a9e3,
bdbc863c,
3d893330,
3dff3e47,
3d5d9e39,
bd0721a8,
38f03a90,
3d21555a,
bd80f569,
3da1d125,
3d09a250,
3cf79eb8,
3cdfe4f2,
be8655c6,
3da89c1a,
3d834c85,
3da5a2ca,
3c8685fc,
bd081bf6,
bd30271f,
bcb926ed,
bd89760b,
bd73c59d,
3c4260f9,
bcb7c747,
b928bf51,
3c44930d,
3d8347f0,
3d905de2,
bb13f469,
bca57352,
3e0c8b81,
bcd78288,
3c113592,
3e4684d9,
3d40d6e0,
be4a6d09,
3db9a5ba,
bdecca76,
3dc7aab1,
ba0c1bad,
bcd848f7,
3e36ada9,
becc8d64,
bdc16a65,
3dd4ac9c,
3e0a218c,
bd526909,
3e39079f,
bd81be50,
be12b52d,
3e39b899,
be256500,
bd5f41b2,
3db3cb93,
3dcaa517,
3c4a0f6e,
bbf304f0,
bdb2bcd1,
3d39227e,
3dc8eb58,
3e222e33,
bdc6e8d9,
bd10b73a,
3d2290e7,
3e572efa,
3e44fa04,
3d4726e0,
be04c13f,
be15a0ee,
be377286,
3d07d603,
3d9995e3,
be251afe,
3d88b647,
3df4c121,
bd24549e,
beb2d7df,
3e4441ba,
bdb74b75,
3d8c7c0a,
3e0fee95,
3db1f770,
bdf52632,
bd78dbe7,
bec06c5d,
be991fa3,
3e2e75f6,
be16fe27,
bc8fb900,
3e49893d,
bd0cae09,
3e017c43,
3c2d96c7,
be94502c,
bd42b4f4,
bbbf69cd,
bd6e2ac6,
3d8dbe04,
3d047095,
3d9c5971,
3d624c15,
bda52bd2,
3cc2c7c1,
bdf9a81b,
be18a9c8,
bd6c5c47,
bdfe1cfb,
bd84ad7c,
bda8ee43,
3e3ba6aa,
3e8616c5,
3c92ce64,
3d2a968a,
3dec10ae,
3db9742e,
bcf173f1,
3e0b158d,
bd30abe5,
3a810a57,
3ce7dcb3,
bd16e453,
3d10a163,
bbea18e3,
bc455245,
bdd8bdc9,
3e5e30ee,
3d93016f,
bcb1c920,
bf17eb1c,
be3155e0,
3d0438ca,
bd73f53a,
bd798dde,
3dff775f,
bd0ebf73,
3e01b06e,
3dce477c,
3dec85aa,
3e0c2ecd,
3d34146a,
be1316a9,
bcf5799f,
3cf15827,
bde9d86c,
3e835415,
bd9136ea,
bd7c4e14,
3da7782e,
bdb62674,
bdd9b354,
bd0ab090,
3d06669c,
3e4aabb9,
bd190525,
3d8cad05,
bec39fd3,
be0a2e07,
3d8f52f4,
3dd41598,
bdc94c0f,
3ce9e9d9,
bba28c1c,
3d063b53,
3c500f4c,
bdad1500,
bce6c561,
bd2110a9,
3d6893f8,
3d72d66c,
bb63ace3,
bd7497a2,
bd220437,
3c7871c1,
bd99bb6f,
3bd11dbf,
3d3bfdca,
bd9717b1,
bd0214b3,
bd81185c,
bd2dc67a,
bd3cfb2b,
bd49118c,
3d1798ab,
bdda1a33,
3da318bb,
bca3e01f,
bcf19188,
3dc4f8a0,
bd037642,
3d66533e,
bd5e8a09,
3d4a5706,
bd45b16d,
bd865364,
bcc9a2d7,
bbe56d02,
bdb22150,
bdfbd11f,
3d839219,
3da39947,
3dc5523d,
3c905fdf,
bd845a40,
3c677e29,
3cebad42,
3ccb92cb,
394b5701,
3c718cc0,
3d5035e6,
bdb2305f,
bcea2583,
3ca56afe,
bd374fb0,
3d679103,
3d7d7503,
bdf3b941,
3d3d9e61,
3d85cea6,
bd4a9a53,
bd3edaf2,
bdba2c1e,
3c897b39,
bccc3f33,
bb8f3c08,
be9cc8b7,
be05f843,
3cd14e11,
ba95035d,
bdc17b3a,
bcc583ad,
3d18a48f,
3e99e0ca,
3d100cce,
3d21f259,
3de7ed3a,
bd88136f,
bc9f7efc,
be5b110c,
bd420e70,
bdfa5409,
bc241970,
be0dd92a,
3c9667ab,
bd933bd8,
3d1b75a2,
3dc67114,
3dd11035,
bba87616,
3c31ea69,
bc13bf5a,
3cf774a6,
bd867717,
bd56203b,
3d208f92,
bbbc53ae,
bc0ca1c4,
be586e53,
3bb5e0f8,
3d9b0b2c,
bd8a1065,
3d18e6b1,
3d8cfdee,
bd68fa27,
3d2b7ed4,
3df1cb6a,
bdb25ae2,
be0d6d76,
bd574cde,
3e39cdf8,
3d5e4304,
bd8bcda2,
3ceb30e1,
bd9a3b3c,
3d00ef03,
bd0cdb80,
3d231ea9,
3d0a12fc,
3d6c7b26,
3dab0bf0,
3af61acf,
3cc72365,
bd2b0eb7,
bd60c697,
3dd4f3d7,
3d21cce4,
bd19a7a4,
3db9ff9b,
be1136db,
3da73be3,
be044e63,
be082edf,
3d1a644a,
be27f0bc,
3d9ef41b,
bb5165e4,
3d8b2b0f,
3d62bb61,
3cc3425f,
bd5af5da,
3d9a25d3,
bd7ee668,
3d0861f7,
bd867e87,
bd55da6d,
3cbf27f9,
bceaaa38,
3cf4f1a4,
3d79a2bc,
bd926b2f,
bcbabdec,
3d1354cc,
3da9defb,
3d9ebf62,
3c9e2b95,
bcfa77e1,
bcc0c634,
bd8c1a26,
bcfc3687,
bdd49c5c,
3c9f85b7,
3dbdd438,
bd280e01,
bd86ce3a,
3d96c466,
3cc1fe58,
3db45051,
bc8b08c2,
bd0c3fbf,
bd90891e,
3b27d1c1,
bda15cc2,
bd39a3eb,
3d9d420b,
3d91b18a,
3d9cbf55,
bbfa8064,
3d46d6ff,
bd788e7c,
3d7224b6,
bda23d98,
bd636ce5,
bc1ec299,
be435131,
3db59759,
be027dfe,
bd2e94c6,
3d8027ee,
be1b157c,
bd724eaf,
baee9d2c,
ba0c9bda,
bd2008f7,
bd593bd6,
bd2aca4e,
3d57b866,
3d9bb44a,
bd84707a,
3da49468,
bd8156de,
3ca550bd,
bd2d9b5c,
bddb01aa,
bc41fca5,
3d9ae717,
bd81e64b,
3d804894,
bd89660b,
bd6c0bf2,
3cc4aa0e,
bced4f23,
3d9f3499,
3ca2673e,
bcbf6bc1,
3dbc47c6,
be0639da,
3b40e005,
bd4b642a,
3d0b8d6a,
bcfa7272,
bb453bdf,
3c59f35c,
bd6d97ab,
3d1f882b,
bd386712,
bca0ca60,
bd11128c,
bc9c2362,
3dc77d4a,
bcee34e2,
bd2dffc0,
3d52b66b,
3be09704,
3da316cb,
3d9bfd91,
3d3a265f,
bd0a4401,
bc5ce7ed,
3de85c6b,
3dd6c138,
3d8114dc,
3d89d6e1,
bc82a85c,
3ddd2b8a,
be09ce39,
bf1ff82f,
3da1d544,
3d42c6bc,
3dc3fb90,
bd1d1b24,
bc3e72a2,
bc82ced2,
3d9f883d,
bc8ec901,
bec0c6e4,
bd2412fa,
bccf674c,
bade525b,
3b95d946,
bd8c3609,
3db01dba,
bb7a2723,
3d8c47d7,
bd0ec761,
3ce50599,
3db7d43a,
bdae4299,
3cf3200e,
bc6a10eb,
3ad63b0b,
be7e18d0,
bea15a5d,
bdb80e3d,
bc12e54a,
3ce69cc7,
bcd1abb4,
3b96044e,
be13623c,
bc06bcb3,
3dbeba93,
bc3ac8b4,
bd837dbc,
bc273665,
bc799ac1,
bd1000b9,
3cce9ce1,
3cf7e529,
bcc800b0,
bd90c696,
3dd70fb3,
bc524303,
bd7bd3c1,
3bc634d8,
3dcfacc0,
3d199911,
3d2685ab,
bd0cf396,
bd6a5d31,
3cf4ea98,
3e156173,
3d7018e7,
bc51598f,
3caa7031,
3ca26b75,
bd928b40,
bd83e73e,
3d45a6c9,
3ce09369,
bd9e5f28,
bd2aa845,
3d8afe51,
3d9e134c,
bd44be28,
3d222958,
3dbe6325,
bc27d201,
3d230e2d,
ba0051ca,
3d2eba5b,
3da5304e,
be1ae006,
3cb41b50,
3dcd0168,
3d72c73d,
bd9eae23,
3d66a642,
bc11ce54,
bc96e9c7,
3c7029e9,
3c3b554b,
3d8f9310,
3d53fd05,
bc18b7e8,
3cc15109,
bdb48f01,
3d3d8745,
3a94461e,
be76e3cb,
3d8ae43b,
3d080ba2,
3cac54f8,
bd8d93a8,
be298bec,
bd155d3c,
3d25e02c,
3d880f88,
3cf83688,
bcb7a16c,
3db718b7,
bdef9e32,
3d57001c,
bd926188,
bc8fae84,
3d546ea2,
3d7d34b1,
bdf3ca1a,
3d483645,
bc80631d,
be3d84fd,
3db18464,
bbd11383,
3d82d301,
bddeb3dc,
bd90dfb5,
3d81c151,
bc6ef4c0,
bd829ec9,
bcd3aad2,
bdcc3bad,
3d51fc57,
3d7164ed,
bd80c8f2,
bd922078,
bd99bb8e,
3d038510,
be07d2d1,
be52ecf1,
bba6e3af,
3d830b6d,
bd399725,
be2930be,
3d8c87da,
3b899d22,
3dbed6f8,
3db93a45,
be8a2a18,
bd4492ac,
3ced488e,
3d5702f4,
bd6dfd84,
3cd44150,
3c82a399,
3e064092,
bb852acd,
bc558da6,
3c3c6622,
bd311894,
bca4b68e,
3d20525b,
3d307c4c,
bdb3756b,
bd940fc7,
bd843400,
bc585cce,
3dcdaa84,
bdfcffec,
3c5b98ad,
bcf558a7,
bd182665,
bddae881,
3bd8b147,
3c845f10,
bdd6942a,
3d7e2ae9,
bd8e58b9,
3c04d98e,
bc21b1ac,
bd72cb3f,
bbb59db1,
3d60a0fd,
3db9fbf8,
be237c73,
bd94db64,
bd85621f,
bd07f425,
3bd8cc34,
3cac0613,
bcc82fe5,
bc895d47,
bd2b4409,
3d8c43ed,
3dc0f750,
bd010ffd,
bea608cd,
bd46fd2a,
3c1dc375,
bcac158d,
bd5d445e,
be419a89,
bd48f99e,
bdc2bcb7,
3cbf6342,
bda9727c,
bdc63e5e,
bd063618,
3d2a3d23,
bb1a824d,
be4e9959,
bdc6fc6a,
3d93053b,
bd7c7c60,
3d41e007,
bacf46fb,
3da401e4,
bd0dff1f,
3c06257e,
bc0f9448,
3d1000d7,
3d38778b,
bc58451b,
bc5ea6a9,
bd8d5892,
bd421f4f,
bdf77cf7,
bc4ca331,
3d94e97c,
3cd321b0,
3d4fbc40,
3aae5a71,
bc25cdd0,
3d8ecb78,
3d5dfc82,
3d861cfb,
3d41519c,
bd3d3e5f,
bd306aaf,
3cb3897a,
bce0ec4f,
3d01feb8,
3d28ed52,
bd1e76b1,
3d0a2a86,
bc16725d,
3cca4a46,
bd879ca8,
3d9835d3,
3cea8082,
3c2b5e3d,
bd61cd2d,
3d2746b9,
3dfe7bbd,
bbbb1ca1,
bd4f152c,
3c4c6aa7,
3e1841f5,
3d89f678,
3d094902,
3abe16fc,
bda80004,
3e2e589b,
3ba671c4,
be25054e,
3d68b868,
bd8f11ff,
3e09eb52,
bd91a42f,
3cdb1d58,
ba75ca9d,
3d91b58b,
bd721142,
bd7c4b95,
3c65e186,
bbe5baf0,
3d05d412,
3d190a73,
bcfaeb6e,
bdbb70bc,
3d2641db,
3d02b143,
3dc6b0a4,
3e746cce,
3db855d1,
3e37dadc,
3df17a0e,
3dcd32f9,
3db6e893,
3ba211ce,
3e19d697,
3bdf50c8,
3dc2fe92,
3c366974,
3d3ddf3c,
3d30755e,
be51bb3d,
3d78381d,
bd57fb09,
3e0916c4,
3d8d3534,
bd8611af,
bdd065f9,
3dcd02db,
3de16edb,
be381cef,
be03469e,
bc5ce8cf,
3dd335ff,
3c8152cb,
bcd17ef9,
3e2aa1c2,
bde7bef6,
bd59e7fb,
bdf33abf,
3dd1df6e,
3d8f4007,
3d87ca26,
bbdc4bc6,
bde26ca2,
3cb03a65,
be3ae853,
3e20c963,
be6c535c,
3e612cf4,
bcd0e7a9,
3d294d1b,
bdeb382a,
be180aa3,
3e6c5357,
bd7808e0,
bdd9c646,
bb6b68ef,
3dba8b22,
3cb810c8,
be74c2af,
bcf76a4a,
3ab008f2,
3e3dfd42,
bca259b7,
beb901c1,
3dd787e5,
3d7f3ef8,
3d2eb888,
3b7f3b8a,
bd8590e9,
3d095132,
bdf8fa1a,
be036475,
bd563bef,
bdba7e94,
3d5389eb,
3dc9f69f,
bc603c2b,
beb750e2,
beb49c28,
bafa8293,
3dc8a886,
be4569b7,
bdb7d256,
3d106692,
3e7c166d,
bc7725a6,
3da96a75,
bdcc488a,
be3edaa9,
bde32254,
3dccc9cd,
3e006097,
3de2bf51,
be45d8d4,
3d78aa81,
3db4a0b2,
bc941236,
3dac2cb1,
bd733a09,
3e3932d2,
3e049da0,
3b8444de,
3b97314a,
3de68e3e,
bd72ba78,
3e3eab36,
bced6ab2,
3d92d280,
3d9d8f07,
3c385ab0,
3e31ead4,
3dab6dec,
bd22ae38,
3d79b576,
bde3a03e,
3dbd8ef2,
3e236054,
3e34038e,
3e112959,
bd9f8aad,
3e58cb9f,
bdc8f487,
3dbf82d4,
3e2256c1,
bc42c019,
be3f2a09,
be815e33,
3d866da9,
3d8d633d,
bd091794,
3ca1eef8,
bd898ee5,
3d962607,
bd6ada92,
bd1f2d24,
bd3520e4,
bedb40eb,
3cacf98e,
3d1a05e0,
bdd91d28,
be21b9f9,
bde5e38a,
bd15c029,
be21d767,
bcaa637b,
bda5ad3b,
3d1ef8c4,
3d3e6879,
bee87e65,
bcc16307,
3d9d3b44,
be24b7b7,
bc0555c0,
bee0c5d7,
3d24176c,
bdaa0192,
be0c23c1,
3c9e523b,
bc9ac3bb,
bc243bf4,
bd74b3ef,
3d82537b,
bcb4889e,
3e23ea3a,
3d56b3a3,
3b119da2,
3ce1143d,
bdac40ae,
be2bfdea,
3ca82985,
bc3405d7,
3dd22ceb,
3dd0d0e6,
bd8627ed,
3c4569ed,
be24d297,
bd4e9b9c,
3c677d1d,
3d86269d,
3ce2fccf,
3df2219c,
3db18e16,
3c63deac,
3c98527c,
3d487ad3,
3d4dc9ba,
3db3a76b,
3ca219e1,
bb67055d,
be3eebe4,
3d3e8daf,
3e63f7e0,
be0f06ae,
3cafd270,
bb8d4812,
3e0333e4,
bd3ccfd2,
bd1522b2,
be7c3cab,
3d357ff4,
bd58608c,
bc13cdfe,
3e12d490,
3d1134f7,
3c7201b0,
bdf3e688,
be8a42d7,
3a9b0123,
bd26d74a,
bb6c1999,
3c553bbc,
3d54dfbe,
babe9379,
3e025ebc,
3d251a0e,
bdbc30a9,
bdc5dc27,
bafca329,
bb8e344b,
bc0a3579,
bd87abd7,
be0eccdd,
bd9677df,
3dc1d170,
3e2285d4,
bcc55930,
bc80b00e,
3d3cc7cf,
3d6118b7,
bdbc66f9,
3d114ba7,
3e18c28f,
bd8a99b0,
3d0a42f5,
bd37ea35,
bd9f64cd,
3d1e5a59,
3d91a289,
3cbc1db8,
3e083a8d,
3c4e0f78,
3dc5835e,
bcb7c50e,
bc22e822,
be3bc3f4,
3d59689f,
3dbb5891,
3b9058be,
3c8090cf,
bd60f25e,
bb9d6846,
3d6166c0,
bc39a451,
bdcdc9c6,
3d24dca6,
3eb48873,
be02cd2c,
3caf9386,
3d10024f,
bd9fffef,
bc9fb674,
3d820f34,
bdb930e4,
3def613e,
bd9a300b,
bd9e1e94,
bdbf06c8,
3d26b2f0,
bdaebb8f,
bd61d103,
be44d26a,
3c69fca9,
be105c5f,
bd5b968f,
bd9dfff3,
bd0f74eb,
bc5ee1ed,
bd051c7f,
3d78e54f,
bd662134,
3d63110a,
3d07ff53,
3b0b9afe,
bd4c1a60,
bd61c1ec,
bdac6300,
bd1e47a7,
3db1997d,
bd7e123a,
bdcac3f4,
3d84f248,
3d7816e5,
bc13fd63,
bc1e3d6d,
bd8dbba9,
3d103e64,
3daa91e7,
3d9eb0cf,
bcb52d39,
3c93b73d,
3cf28cf5,
3c2b2f84,
3db0c44e,
be2e35bc,
3d945899,
bd66af2c,
bd01b3ff,
3af4349b,
bcf5938b,
3c8a992b,
3ca28b05,
3c192870,
3cfe9ef7,
bd588286,
3be27fe7,
bd9c5d5b,
bd341d1b,
3d3cd90f,
be8158f6,
bd4ecf1e,
be035e69,
bce47b65,
bc23b877,
3df5434e,
3b1be046,
3d7d2c3b,
bd744a55,
bb2de6ae,
bd095fb8,
bdd1bc87,
3dd93ece,
bdaf3be3,
3c2d9814,
bc7fac7e,
3db65e57,
3d3c9837,
3c8fc1a4,
bd750cd2,
bdefe494,
bd91fdc5,
3d91cd7a,
3dcade15,
bb28ac06,
3cf3fd6e,
3cf93083,
bc9d5fc7,
3e19d148,
bc12c555,
3cfbac39,
bd73f0b0,
3c3de92f,
3d9d24be,
3d4e3232,
3988b546,
bd8638b9,
bdaff931,
bcc4c4d6,
3c6fa783,
3e06aa86,
3cff6c4c,
3e309222,
bdc875e6,
3d91163d,
bdc8368b,
3c3768f8,
3dfd9352,
3c81a45a,
3c0b757f,
bd69efc3,
3d827b6b,
3d540e1f,
be25f46c,
bd44e12e,
be10c0ba,
bb6f31fc,
3d717c92,
3cdd36c2,
3b36bff0,
be0e657d,
3d7abeb5,
bc318076,
3d9a9959,
be5ce122,
bccee988,
3dba17c1,
be157729,
bd3bc586,
3e9a8a36,
be056b68,
3c871e2c,
3e30d830,
be59d51e,
bc01ef18,
be33b20b,
3d5daac9,
3e1d0b94,
3e04d506,
3df973f7,
3d8a5913,
3e23e6ff,
3e5fb0fb,
3e3e0309,
be87f33c,
be81aeae,
3e926461,
3d027210,
3e604e27,
3e8d5b11,
3de49c9c,
3c2b05a8,
3e9ea201,
3def766b,
3ddfce18,
3d99c351,
3a8f9534,
3da06742,
3e1c84d0,
3e01733c,
3e5e05b0,
3e00b43c,
3c345857,
bd653861,
bd122323,
3e23fc15,
3e7ff7bb,
3e022b15,
3bbb0ff6,
3e206d99,
3d464653,
bc9c1b09,
bd873594,
3e682bcf,
bd7f8922,
3baf30c5,
3dedae3e,
3cd33e96,
bea2d192,
be7cdd9c,
3d33cf7b,
bdb92c78,
3e461dc9,
3df51a8b,
bd6adbc6,
3e1466a1,
be2b7da8,
bd5ebd42,
bcbf7ae5,
3de373ff,
bc6876d7,
be4dac2d,
3ab0cfec,
3d17d180,
becac78a,
3e27bec2,
3d911c4a,
be3739bd,
bd033d09,
bc9bd3d1,
3cb0cf50,
be3fba60,
bd9749c5,
3e821862,
bd49834f,
bde7f2ac,
bb5b87a6,
be1134fe,
be31f27f,
3e3cf3a6,
bd05179f,
3df6f1de,
b9f7b889,
3cff0539,
3d0e5b98,
3d61269e,
3e2a1882,
3ddfd565,
3bcc6e83,
3de148ee,
bd7ca0fe,
3e92ffa9,
3dfb89cf,
bd4bdcf6,
be0911b4,
3d3cabfd,
3d10ac70,
bda043c2,
be6549f9,
3e5280f2,
3e209a31,
3dd2cc42,
bd578382,
be458377,
3ba4ed0a,
bc778d55,
3e33470d,
3cad932b,
bd89fedf,
bce209a5,
bd19afda,
3dded1ca,
3dadf172,
3c73831a,
3d2e3e3c,
3d1535bc,
bdd7fb8a,
3dc988fa,
bd55f3c0,
bcac6c90,
3cabcc01,
3d1a49fb,
bdfd5b57,
3c63de97,
bd84d893,
bdb0467b,
bb666c30,
3dc5f663,
bd97e212,
bbda90db,
bd433094,
3cf122fe,
bea4418b,
3ce4b643,
3a175343,
bdde5ff4,
3dcc83ba,
be5a0f0b,
bd88b3bf,
3dc6e2d4,
3cc4bb7c,
3d4bb6d5,
3d4516f9,
b9eed58b,
bb16bbc4,
3e1ea4da,
bddc83ce,
3c2ee03d,
3c67497b,
be801565,
3e269a42,
3d767a68,
be8a0863,
3df7c334,
bdab74d5,
3da7be8e,
3d86ea00,
bcbe06ec,
bd5cbaf4,
bd8acc0f,
3d7c9908,
bb4f398f,
3b2b2a3b,
3d631f4f,
3d333834,
bdb86968,
bb895bc9,
3d26b729,
3db79f64,
be7cd4da,
3d216ca7,
be09c471,
3d80a1d0,
3ce0bd3f,
3d65ed90,
3d062bc3,
3df1e337,
3d547695,
bdc126d9,
bcce991b,
bbaa1de1,
bd6afb21,
3dadd185,
3dd2b0db,
bd86ecaa,
befb31ef,
3d8cb9a2,
3ea5a668,
3dcc07c4,
bdba1235,
be3de6be,
3d27cfee,
bd7a3b07,
bd22aae8,
befca459,
bc9e5ce8,
3c7231ab,
bbb0a9ec,
bc85cfd8,
3d0cc685,
3e09ca52,
3df3e3df,
3e2402b2,
3cb3963a,
bcaa89dc,
3e04af9e,
bde74da4,
bea75562,
3ce38c67,
bd96f733,
3da0c6c1,
3d038edb,
bdf3360b,
3d8927c4,
3c5f501d,
3caf38d3,
3d126596,
be35d4c3,
3d24b9ab,
3d7c9a4d,
bde9c4e1,
bd2119a3,
3dd9db44,
bdcb9472,
bd2b9dfe,
3dbfa0f0,
3d1eb8ab,
3ca2c0af,
3cca7056,
bce02722,
3b2121ce,
3bf84993,
bda789d7,
3d70a1a6,
bb9c8760,
3e6e8012,
3db21a95,
bd4eee1d,
bc14686d,
bb93dd42,
becfc566,
bdef32ea,
bd88a601,
bd061358,
3d1e12d3,
bc82eb52,
bc3f9b6c,
be06cc83,
3d333011,
be0a21ad,
3e0b19fb,
bd6a59de,
3d094f2f,
bccc121d,
3ba38845,
3e0080e2,
bd6b38ee,
3b86980a,
3db08027,
bdc72ee6,
be042720,
3d9ee4fb,
bd94fbd8,
3d474eec,
3ce0af6d,
3cbadae2,
3dc3a55a,
bbefc306,
3c3484b7,
3d6e56f6,
3daadebb,
3e01d83c,
3d0f577e,
3cb49a16,
bd278817,
bd8d4723,
bd9d47ca,
be6320e8,
bd319da2,
bd26dab5,
3dc37ab1,
3dde001a,
bde8ecf0,
bdb2384d,
bde7fc92,
3cb28f34,
3d91503b,
3dde5809,
bd9580f2,
bce5cbac,
3d14f647,
bd55d054,
bd7680cb,
3e0c4359,
bc07cf57,
3d74f1d5,
bd1927c4,
3ba2a689,
bc1437bb,
bdd360dc,
3c3eb014,
3c0452d6,
3d8cd099,
3d33612e,
bd5bdd6e,
beb17e60,
bd912d3d,
3e21f125,
3dd31ff9,
3db81e28,
3ca9105f,
39cb341b,
3d39f100,
be0b0de4,
3dad6be4,
bdd6d762,
bc1164cd,
3d6be8fd,
be196e97,
3d33ee97,
baaae8f7,
3ceb9184,
3d4982cb,
bd15605c,
bd83a0e6,
3bc42ae8,
3d3423e1,
bd4d3486,
3c2a3a26,
3dfba9a0,
3cf1d39d,
bd28161c,
bd970fee,
3d3bb060,
3d826380,
3e07f4aa,
be29154c,
bcdff660,
bd9a52c5,
bbf02a4a,
bd8adccd,
be57b7ec,
bdc115f8,
3dc12597,
bec06a2d,
3d1fa0ad,
bd007a69,
3d10bec7,
3e2de09c,
3d6b37ed,
bc0aa580,
bede1f2b,
3cbe7fed,
bd6d3b3f,
3d10d1c5,
3d3cffa5,
bd5d9440,
3cbec131,
bd4eb4a9,
bd28168f,
be02619e,
bdd10514,
3db14733,
befd4017,
bcc3463b,
3da4006c,
3d927bb8,
3d3f929f,
bd074ca5,
bfb42a85,
bd36f283,
be241b1f,
3db2198f,
3c75ec76,
3d7a1647,
3d8729c7,
3ce8f5c3,
3ceb7a6d,
bdff18a0,
bc837240,
bd0d1ee7,
3d9ddf70,
bd30d596,
3e67b7d5,
bd613986,
3d799293,
3cb56054,
3cfcf7ee,
be98ed81,
3c383f0c,
3dda201b,
3da98846,
3c747a66,
3bc73142,
3dd9e774,
3dc65925,
bc8b6cd6,
3d9dc7e2,
bdcead84,
3d6e9db8,
bd887955,
3d0b2c0b,
3e134165,
bd958dfd,
3e41f200,
3e952ea2,
bdb447cb,
3e1d4f57,
3e7b4013,
3dd66ce1,
bcea3858,
bd8cebb0,
bd35f0a0,
3ddbf88d,
3e011f1e,
3e1958b0,
3e0f0802,
3ca10ae2,
bcbcc03a,
be3cca56,
3d9ad0bc,
3d31833d,
3d8319a4,
bd3c5bff,
3dd1f32e,
bd37c94a,
3d44fcca,
bcdb3d8e,
3df46696,
3db931a1,
3d023ab3,
be9a62eb,
bd6c6aed,
3d0799aa,
be0e4f50,
3e0493d3,
3cc15b55,
bd40bc2b,
3e1ebf7e,
3e7acea6,
be338f28,
bd97bc32,
3dc8b325,
be870055,
3ce7614e,
bd70214b,
3d7d098b,
bd4483f6,
3cd03817,
3d300d0e,
3d8a31e4,
3b4a7356,
bdaed739,
3c04af92,
bda3e0bf,
3c939782,
3d85d1ba,
3d6c00c2,
bbae4d45,
bcaf2dc0,
bd81458e,
bdcca42e,
3e02752d,
3d36b668,
bda7ee0e,
bd860854,
bdc3b4be,
bdf55c4b,
3da9e8ce,
bd1514a5,
be2fb556,
3d8f568a,
3cef77fd,
3d843d97,
bd7a47c7,
bc138233,
bd7a145e,
bdb09683,
baab7691,
bcf22877,
3d840d33,
bd3647ab,
3bff8633,
be003ade,
3ccdcd08,
3dd13ee1,
bdcddbb4,
3d8623db,
bb7569cf,
bc2f8b28,
3d763d64,
be8016b6,
3d7b43e1,
38dc189a,
bd8ea687,
bd94a3ef,
be892256,
be0dce38,
3cb203c3,
3da544be,
bdb69da5,
bd5d639b,
bcdb40de,
bca30f9f,
bd7c8486,
be1f3e95,
bedabd54,
bda855f6,
3ceadbf1,
3ce14ab9,
bacfc423,
bd40712c,
bd36795c,
bc481827,
3c6a4d71,
bd2f12f5,
3ce12219,
bd1e4faf,
3da987a9,
bc05454f,
bdad316b,
bdb09517,
b99dba10,
beb82e0d,
bd17d98e,
bdbaaec0,
3d6eeca5,
baec463a,
bf0d1489,
bd35e1dc,
bd211833,
bdfd43d7,
bd026de4,
be455d47,
bec1e19b,
bd1aa64f,
bd03cabd,
bc38bd2b,
bd082474,
bccf5c8a,
bda1fbf6,
3c125395,
3ab7828e,
bd808fb4,
3d7a55bf,
3da5429e,
bdc2ad21,
bca7d993,
3d9dcf66,
bcd092ea,
3db38c44,
3ca2f0db,
bd99caab,
bdcea854,
bd1b0255,
be424a3b,
3d743a44,
bd34f2fc,
3d294066,
bc908e2d,
3dae4766,
be3cf051,
3cf283c1,
3d068601,
bc39c28f,
3da87c2b,
3d46cba4,
3d5d21c4,
3d40166b,
3d41c062,
bd3eac40,
3dc5b8c8,
3d9c61ed,
3da4d994,
bddc013d,
bdaf6df6,
3cd7007d,
bd89385e,
3dc3385f,
bcc40e17,
3d5d426b,
3d3353ad,
bcad7010,
bd79786a,
bda9f9c7,
3dd16262,
bcf172a9,
3ca141b9,
3d342995,
3dd56ead,
bdb95a8b,
3b3a7e16,
3dd69f73,
bd0bcd0b,
3d2750f5,
bd1676a7,
3da1403a,
b99da496,
3c48dbbc,
bd6f4131,
bc22ed35,
bd87e39d,
bda26685,
3c550515,
3baf44a7,
3dbf2c8d,
bd01ff26,
bd744ad6,
bd7044cf,
bc4add7f,
3d297afb,
3cb18f3f,
bd81a81d,
bd194e25,
bd40f424,
3df320f7,
3d0f02ed,
bcf1faef,
3ddade21,
3db6e573,
bdaced5c,
bd1007a2,
bd0d8e3b,
3d226a23,
bbf41a2e,
3cfd0da2,
bcc57b14,
3d15f410,
bdc1149b,
3dc26845,
bd75c5fa,
bcf56a70,
bd1663e8,
3dfaf045,
bd248723,
bcdf2798,
3c244eca,
3db754e3,
bdec0fb0,
bdc903e5,
bdda8910,
3dab3051,
bbf63c5d,
bd89eae7,
3d334cdc,
bcdc1483,
3d7e7f09,
3acd6172,
3d207acc,
3d730d8e,
3d3ced71,
3d207c3a,
3d934a07,
3d4276f0,
3e144f65,
bd5c96fa,
bdc506f3,
3e1d2a14,
bd8f09b1,
3d0e47fa,
bc5e29e2,
bddcb24d,
3bfd3951,
3e1b6522,
bc7517c5,
bd2273e0,
bd9f260a,
bc3e2b09,
3ce75e43,
3d8cecd4,
be52dda1,
bd331a87,
be7e6a9a,
bd6910e8,
3cb315b1,
3dccd051,
bcd210ae,
bcc5f593,
bdac1589,
3c7a09b1,
bee29b3f,
bd8a1b6b,
bcf13bbd,
3de2442b,
bd3a2d00,
bdbcb78c,
bcd75ca8,
bf50b72d,
bdee4803,
3d8f754b,
bfb322dd,
3e2678f2,
3d0a1238,
3d2c3695,
3d7143f5,
3d44d438,
bee806ea,
3bdda273,
bc8fcc9c,
bd2f6ef1,
bcba96ba,
bd61fe27,
3d8afadf,
3cc151f5,
bd30ba85,
bd4198ac,
3d4c2728,
bdbcd7cf,
bd89834d,
bdcd3b75,
bd54fe6d,
3dfdba16,
3d1fe3cb,
be84b7d8,
bae474b4,
bd30749d,
bdbe2b08,
3db27458,
bba56697,
3c4da8e0,
bcecabba,
3d7ac1f8,
bd465199,
bcfa5a1e,
bd11c8f0,
ba087834,
bd9a13b0,
3cbdf09c,
3cc403a0,
bbc6c348,
3bb50570,
be68d18e,
3db6397b,
3d453224,
3c0df73a,
3d1c82cb,
3cced0de,
3c8e23d5,
3ce72d86,
bcfd2d7d,
bd44018a,
3db03c65,
3dd5c0e5,
bd9a0332,
3d9abcab,
3b32ea4e,
3cc0d0c5,
3e816246,
bcce17b0,
bc5ac4e8,
3dbce785,
3d161bb8,
3e479fe1,
3e268a9c,
bd4ef1bd,
bca909b4,
bcb510be,
3cce3d65,
bdc7e11f,
3d7cab82,
3cdc1976,
3d863d30,
3d1f8ff8,
bceadd2e,
3e329312,
bc61afbe,
3bbda38f,
bd5dec14,
bd57330a,
bdf52a69,
be6b350c,
bc662066,
bd600cc3,
bd171fa7,
bd0b571c,
3b06a246,
3c358797,
3e2c7cf4,
3d882997,
3ca01102,
bca34b54,
bd4af2bd,
3c9fe797,
bc06394a,
bb3f0996,
3df3ac52,
bbc8d383,
3ddcb3c1,
bc6e749d,
3d542407,
bdd51a91,
bdb5024b,
be0f47b1,
bbce1725,
bbf18ea3,
3d13032a,
3e00c191,
3d81ed87,
3d839bda,
bc23cda5,
bcf37c44,
bd0d3b6f,
bd1940a6,
bd088bf8,
3d8068fd,
bdc0f231,
3db07bdc,
be6cbc3a,
3d49e509,
bd819ed2,
3dbad4dd,
be15a640,
3dac282e,
bbc8c23c,
be044d56,
bcd16a10,
bcf354fc,
bce84168,
bcb9fee4,
3d67b830,
3d3c1ed5,
bd5df1a0,
3d6eb99f,
bd215804,
bd8b6984,
bd8724d0,
3dc0bcd7,
bbd0e520,
3e07cfa9,
bd77d054,
be9444dd,
3dc08727,
bb805611,
3d61c108,
bc8f950e,
bd8e5698,
3d826eb6,
bd2da34c,
3c4bfaaa,
3d44dedf,
bcd213a9,
3d99dc7e,
3d27008d,
3cd21f72,
bcf34f4d,
bb31c159,
bd1dd5dc,
3c990a6d,
bd83e463,
be6397ec,
bbef0d3f,
3ca60ef8,
3d8297df,
3dda1e34,
3e14cd67,
3dae98f0,
3e712bbd,
3b1f5cd2,
3db4bedf,
3e15ffc3,
3d93c82a,
bca7ad13,
bb881b82,
3c3bf935,
3de7e88c,
3d17665e,
bc6cb906,
3d92504c,
bd000b96,
3db6d6ee,
3d47cf0f,
bc387b67,
be25f3c1,
3dee7a72,
3d85b8e7,
3ca9b459,
3df21e9b,
3dd0823e,
bd0bcda6,
bd5c5726,
bdc60518,
bd839bfd,
3db7d558,
bda55905,
3dda72cc,
3cbe247e,
bd9a12a7,
3d164cee,
3dbb5337,
3d677a88,
3c63dc9e,
3cace7f0,
bbbc4e3a,
3d18e1a9,
bd0747e3,
3e27a2f8,
3c262b2d,
3dd2e965,
bcb164c2,
3d43c448,
bd8754b0,
bc9023ba,
3cd0bd37,
be15695d,
3de4e41f,
3e0d426a,
bd362982,
bceca129,
3c3e8968,
bcae134e,
3dc58ab6,
3d6d95e3,
3dbbc20e,
3da6384d,
bcb3b7b3,
3de6c881,
3be4b460,
be0a30ca,
3d96426b,
3d138f74,
be4371fa,
3dd73ca9,
3dda1803,
bd02a98e,
bd6b880c,
3d9723a4,
3cf95866,
3d97799b,
be0114bc,
beb0b4cb,
3c0b78cf,
bcb26035,
3dd0b3d1,
bd3159b2,
3acf9529,
3d4c2fef,
3dc89169,
be2a3f0a,
3e3667a1,
3e14d4a3,
bce2cf88,
bde878f9,
3d736426,
3d31e487,
bd98678f,
3e57f5e1,
be9ad67d,
bd61688b,
3e13a63c,
bdb0a6c9,
3e00cfed,
bdebeb24,
3d876e43,
beb938db,
bcbce67b,
3e333e7d,
3c0b5d21,
3d0d0735,
bcf18665,
3dc52e61,
bdbafafe,
3e4db1c2,
be37b406,
bd62a300,
3c465128,
be119553,
bd540855,
bd396dba,
3e1815d7,
3ddcd538,
3dd9621d,
bd893b6b,
3c62f751,
3db7a3cf,
bb3f1a07,
3d35f890,
3d06080d,
3d905ab2,
bd1327ad,
bcadf10a,
be3f2198,
bda68f98,
3da0953a,
3bbe1376,
bc7115d7,
bc797ddb,
bd6ac9db,
3cc421be,
3ddf24d0,
3da2d5bf,
ba907c64,
3db58b1f,
3d2a819c,
bd88892f,
bce038e0,
be040a3f,
3d743326,
bddbb757,
3e65188b,
beef4880,
bd197fa0,
3d3eda40,
3b0718e3,
be1158e4,
3d1330d7,
bca1e512,
bd1df302,
3cbc2392,
be5fde9a,
bd36f22a,
bd929030,
bc2b305a,
3dba54e4,
3db99a1a,
3d0471fa,
3bde55cc,
bc146304,
bc2c96cc,
bd3ef65d,
3e072e6a,
3de5def6,
bbf50a2e,
bda6ac75,
3cc88718,
bd90e909,
3e509ec9,
3bf3e3bd,
3becc1b5,
3df0d0a3,
bef9ca02,
3c69e2b2,
3d816d7b,
3e2e438f,
bd1f3ff7,
3de5af15,
bbf1a0ed,
bdbd0110,
3d1a2657,
3d79cdc4,
be0bd469,
3dce99c8,
bcad9b3e,
3cc9c658,
3e7f67fe,
3b178d50,
bb1798e3,
ba549dfc,
3e47c9b2,
bd161d50,
3e128764,
3e338082,
3e10fd54,
3e8ead32,
3dd8dee3,
bde29cdf,
bdcce9ed,
beed4297,
bd4a9e26,
3c0606aa,
bde16444,
3e3cb577,
3e2f347f,
3d94dbae,
be8f8b9d,
3e4248f7,
bcf7964f,
ba0ce454,
3d6d6579,
3e022a68,
bdf3a2b5,
3c5af478,
becd1c5d,
be35ef50,
3e1f3b1a,
bdb51860,
bc999ac6,
3e18787d,
3e4d1205,
bd94c5f4,
3d57317a,
bea3b070,
bdd709a6,
3e245581,
bd608cb5,
bc52f79f,
3df859b1,
3c006e04,
bd3a1ccc,
bd3d37f7,
bdea7a84,
3d3f9dda,
be78d2d1,
3d7cbdc3,
be119491,
bdd5533d,
bde96fd9,
3dc821cd,
3eb32544,
3dc055db,
3d1cfe5b,
bdea54a6,
3e30d998,
bdf6798f,
3e3b039d,
3db762d2,
3e402e8e,
3db2dc80,
3d892f4a,
bdcff07c,
3aa460f3,
bd9a45cb,
bd6b783c,
3dde74b4,
3df436d4,
3d7ec6af,
3ce68352,
3d84c578,
3e385c42,
bd3945b4,
3d3cebfc,
3dc5c334,
bddff3ce,
3d6620c1,
3d9cb612,
3dd66371,
bcebd404,
3dc5bd9c,
bea8c5cc,
3db69068,
3c853386,
be3e03c7,
3d783965,
3d489eeb,
be10677e,
3d682dbc,
be0e2cf5,
be596ccd,
bd3f511e,
bdf9a51a,
bcbb0ef5,
3dd80610,
3cbc3c21,
beebc7c5,
be1621ec,
bdc38924,
bcf350aa,
3da7535b,
bb651497,
3c4b2d25,
3d6701d7,
bc59922d,
bd91533c,
3c018a24,
3c907615,
bdcde4df,
3d674fb8,
3cbd57ca,
3d999cba,
3cd4927e,
3dc12eec,
3d13c8a7,
3da2dd36,
3bf2f870,
bcfec852,
3cc69df9,
3cfd8669,
3d4c052f,
3da57ec0,
3c102633,
bcc3f0eb,
bdbefcff,
3bdb9b1c,
3d0cd2a1,
3cbfe5a9,
3d31684a,
3d218784,
3db60f41,
bdaca5ce,
3da4f111,
3cb102bc,
bd55052b,
3d47eeef,
3d7c26c2,
bda35780,
3d8bef5e,
3cec0c99,
bdbdff26,
bc3f14de,
bde6f174,
bd18f2a8,
bcf59d56,
bcb8c300,
3da977ef,
bdb4bca2,
bda63053,
bd9aae0f,
be2a5606,
bed42b46,
3a1002ed,
bda21ed0,
bd80e5aa,
3c988dcb,
beb6124e,
3c00a5c2,
bd41105b,
bd8bbdd0,
bd0c96b4,
bd957c91,
3dc5f6bb,
bd74ffa7,
bd1ff409,
bdef3a26,
bd660afc,
3c36ea98,
bcdf4220,
bdaf568b,
bcad93a2,
3e1b8d50,
bb5507da,
3e09ddea,
bc215733,
3d0a8718,
3c4fc936,
bde8ce05,
bd9912d8,
3d940674,
bdd64158,
bdec597a,
bd21841c,
bdb05059,
bd8ae20d,
bd877d0a,
3d3e554e,
bcea6468,
bbca4370,
bceda316,
3cb36b52,
bd1efe96,
3cbebc23,
3c429612,
bcce4d15,
bca742d5,
bd47e3c4,
be03af95,
3d1d98b5,
bd0f9c45,
bd33a0b4,
bd5bff1d,
bcaa991b,
bdb557df,
3d1c4ae2,
3cd193b6,
bdbb3b0c,
bcbb4709,
3c85b247,
3e0a0418,
bd3c8bfa,
3d45c183,
bd806824,
bd731434,
3c9e69c3,
bd23bdda,
3bd83018,
3d252274,
3dded8de,
3e1ed87a,
3dbd5b4a,
bdd7ae60,
3d69afc4,
bb70e6dd,
3da42422,
3d312a6d,
bdc51345,
bde1df0d,
3db7740b,
bd881acd,
bd93a90a,
bdcdf68e,
3dc2d9f5,
bd571af4,
3daba4e8,
3d331f19,
3d60e25b,
bd871119,
3d107338,
bb512679,
bd67daaa,
bd003e6c,
38a6be9b,
3c910a24,
bd89f914,
3cb67d8b,
3c8eac35,
bcb62581,
bda4fdb1,
bcb989c4,
bdebf654,
3d4b72d8,
3d957cf5,
3d14c9e1,
bced0b61,
3da9afd3,
bce9bb85,
3cee96ec,
3d81920c,
3b03ef8e,
3d6a0f4b,
3d9a5f2c,
bd612336,
bd9802cb,
bda5e809,
bdb3ceb6,
3e28a52f,
3d403626,
bc2a09ff,
3c9ab5d4,
bd102339,
3bbf9150,
bd9571a6,
bd8ba1f5,
bcfd165c,
bd8755bb,
bce5caa5,
3d1f5cbd,
bd51b011,
bd49976e,
3db15d5b,
bdc0b773,
3d7ebe11,
be0da03a,
bdb499c1,
3ca509b0,
bdec255c,
3dbb5b33,
bc1e2eea,
bd72d436,
3dd1879f,
3d850835,
3cb90b09,
3ba4bfe8,
3d361a36,
bc69cb40,
3d875d3c,
3d8cb154,
bd266941,
bc949a2b,
3c6543c7,
3aa5b6de,
be28bf43,
3dca3238,
3c2e1a65,
3da7f161,
3d8a9961,
bd3ecccf,
bd5da5a8,
3dead219,
3c4be8a1,
3d8ce4f6,
3d6cd4e2,
bd3fd1f8,
3d8c292b,
3d3623c6,
3dee22ab,
bdacf17f,
3d0bb706,
bd2acdef,
3c9a449f,
bd19565b,
bcfcef7a,
bc7e5729,
3d00ccb1,
bd8c3673,
3d3ed41e,
3d994e3c,
3d14a437,
3d68d6cc,
3e010302,
3d3fdfe7,
bdd12c90,
bd7c029d,
3d2da4cc,
bca8af4c,
3ca26692,
3dbf7680,
3d67d7ab,
3d94bbcb,
bce45c00,
bd99a42a,
be0a156b,
bdb4d8de,
bda97c97,
bf43efc8,
3dc38267,
3d138ae2,
becb353a,
bd11a864,
bda28eeb,
bc24917a,
bc89a114,
3c61d527,
3c8c7d82,
3d0c1f05,
3df7e6f8,
3dfa8fb9,
3ce91441,
bd4d69c3,
3d1e4ff7,
3d072e5a,
bce6067f,
3def7f9f,
bd51cce9,
3da92b08,
3990c433,
bc92a462,
bd200c90,
3d8b6df8,
bd147e24,
be679cfc,
be9ae0e0,
3d8fe21b,
bcbea049,
bdb52f2b,
ba4f14a6,
be46d178,
3e092557,
3d8324b7,
bd9a277d,
bce0e42c,
bda128c7,
3cab36d0,
bd03d349,
3bb5b707,
3d1c4893,
be704290,
3cd2b8af,
3dc753ff,
3dff51b5,
3d8e2a6c,
3c4dddae,
3db0ab85,
3cad9173,
3d3edfd5,
bbcb9f7b,
3e06ea44,
bd29008a,
bdbe1f63,
3d11417e,
bd478b1f,
3da910bf,
3bd7a62f,
bc5ec095,
3dd3d204,
bb241afd,
3d9adbeb,
3b4dfaf5,
3ddaa99c,
3dae8bcd,
3dd2f867,
3b8520d1,
3d046b5a,
3da50fda,
3da13e15,
3da25500,
bd0319c0,
bdc6d480,
be05744f,
3cb22922,
bd8ffd97,
3e0792b3,
3d21f8e1,
be0f459f,
3d79df2c,
3dc0b286,
bd623a55,
bd62c298,
3d8b121a,
bb66b683,
3ddce04e,
bda90c12,
3d848390,
bdba6d4c,
bd29c114,
3d037454,
be6931f7,
bd38653c,
bd85f1c6,
3d11083e,
bbf6db7f,
bd904512,
3bb5b0e7,
bd840662,
3cac0c22,
bcadf2cd,
3bfcaa20,
bd26d4ae,
ba06f700,
3d37fbc8,
3c321343,
bdafd182,
3bbdf2d5,
3daac2ee,
bd763b46,
bcc5d48b,
3dfb3afa,
bd9b21e1,
3d0dc8b3,
bc6c6442,
bd4d1ed2,
be02cc3f,
bdb7d227,
bcc25a2d,
bd206ab7,
be4d156a,
3cd98181,
bc4f8d31,
bd441068,
3cffa33e,
be488f3d,
bca387da,
bc42fc5f,
bc3c928d,
be02d2e2,
be5346b5,
3d00b82c,
3db45728,
3d3a9700,
bd8b3a34,
3d84bfea,
3ccaaabe,
3d7283d6,
3d2364b7,
beb6ca3f,
3d7cab2f,
bcd08cf0,
3d105474,
3d8e53d4,
3a9eb5b8,
3d1482ec,
bd110a82,
3cd66acb,
3c7df9f6,
3d11ae10,
3df3ce8b,
3d27b60d,
3d194b96,
bd240e27,
bde853d3,
bdcb4082,
3c8d4e7d,
bdd66357,
bb5cb44b,
be92f3e4,
3cdef82e,
bc315a00,
bd0c4449,
bd3025a5,
be03c4fd,
bca706b5,
be126aa3,
bc478dde,
bdf99889,
bdb769ff,
3c03fa96,
3ab51f87,
3d67d2c5,
3d044aab,
bd0b24af,
bcca8159,
bda36102,
bd887eac,
3cedcf91,
bd8e99df,
bd205909,
bca0ff4f,
bd4445ad,
ba32f535,
3da4bef1,
3d63faec,
3d6ee0ee,
3d1cb286,
3ca5b99e,
3d8541bf,
3cf66054,
3d081a3b,
be9ccf9e,
be1143e9,
3d00ee42,
3bbd2189,
3c8045d0,
bda80221,
bb886b5e,
bd4d7f65,
3d84e060,
bc8811f2,
bdc8cf87,
3d99a8b0,
bd147abe,
bd723425,
3dad4a90,
bc666fab,
bc8dd317,
bd76ec63,
3d19495d,
3b688e74,
bbd42d29,
3c9b25db,
bdad93db,
3dd3aea3,
3ba24dde,
bd1d2929,
bbafa245,
3d7334be,
bce76dbd,
bc992dd4,
36b7350b,
bd87b6b8,
3d98059d,
bcf8ee8e,
bd561185,
bd086770,
bd5669c7,
3c8994c4,
3b813991,
bb6f15a2,
3ddbf05c,
3d43636f,
3d297255,
3daae3ed,
bd1bd117,
bd9607ab,
bd85d35e,
3baffd9f,
3e3a9ecd,
3d25140e,
bdff6bda,
3d1676f8,
bd0f6ef1,
3cdbcdc1,
3c7057a1,
bd298b4c,
3d2bbbeb,
bc9db111,
3d05df1a,
bd8e86b0,
3ca0a7d6,
bdf2046f,
3cf7e8e0,
bcd96a2f,
bd8180eb,
bc03970e,
bded77bd,
bd92f141,
bd693e3a,
3d0321e9,
3b79581b,
3c5e0396,
3b765760,
3b47e531,
3b4ec7cf,
3d5f73ae,
3d8adaf0,
3ca97874,
bdb49a19,
3d9ae39d,
bd51927a,
3c900bc7,
3e01d384,
3dc9bed2,
3e262d8d,
bd2e4f61,
3e01025a,
3e27d4e0,
ba655026,
3df4ef23,
bd6506c0,
3e35b71c,
3db53954,
3d64f398,
bd0e661d,
be663059,
3c4b370b,
bcdcc91f,
3e65e75d,
3e7fbfdf,
3d7988f0,
3c02bb46,
3df29c76,
3d6abe27,
bdc69acd,
3cbc2f15,
bc028083,
bd1b4203,
3d7cf155,
3db86517,
3cc5a01d,
bdd06275,
bdc97028,
be605ec3,
3dc1047a,
3d15267b,
3d9f5357,
bc61d5de,
3c74ae12,
3d24e34c,
be40b9c9,
3daeb588,
be2d5c70,
bcd7b320,
3c453742,
3dbbd4a1,
be0eec4b,
bd61c4f9,
3da8a221,
bd337984,
bd967b4e,
bcf7899f,
3c681b12,
bc00ba50,
beb2fb86,
3cf6d14d,
bd789791,
bca5f7a6,
bd98dd10,
bede0422,
3de8603a,
3d7327c5,
3d4678d5,
3d03a9f9,
be194dc0,
3db2bf01,
bd0b5363,
bdc1bfa6,
3dbaa45e,
be9ca75d,
3c6a7d42,
3dedada4,
3d567469,
be5576fc,
bd24b7cb,
3d707980,
3c89fd34,
be2338a9,
bdb21a73,
be37c4ee,
3d9523bb,
3cac84c9,
3d169464,
3d119584,
bd43dfc9,
bdfbb3e7,
3e29ba20,
3de08f89,
bd9842a0,
bdffc81c,
bcb292b4,
3c40c598,
3d8dfd9e,
3deb8451,
bc6e8b6e,
3dee9138,
bbf960ea,
bddbd40c,
bdc80c23,
3c169395,
bda18011,
3e159862,
3cf8c741,
3dbe8ff7,
3dfba80c,
3d3edad7,
3d946d63,
bd7f8ed6,
bce25082,
bc3d35cb,
bd472053,
3bfd2921,
3e46d7e4,
3e102dc3,
3d6b7bda,
bd56e895,
3e03825e,
bcf3b544,
3db9ac8f,
3d28d9d9,
3d4115d2,
be2e45f5,
3c21c7bb,
3c63a079,
bc7c3235,
bdc03ec7,
3d9f534a,
bceb2c5e,
3cc0dc74,
bce9c0e4,
3d3f1d14,
bd884805,
bde8ad19,
3d96518d,
bc4440c2,
bd4dce4a,
be27be14,
bd9017e7,
bc940e90,
bdafc06e,
3d091677,
bd06a9c0,
3af7b584,
3de31bfd,
be696af1,
3ddb17fb,
3d1781cf,
bd5b8d24,
bdbc21cf,
beda7346,
bdaff368,
bd7248c8,
be7bcc33,
bc087c7b,
bdd5c9a9,
bd937215,
3bfd85e8,
3d09c98d,
bd15c686,
3e2a53c0,
3bfb4709,
3d4f301f,
3cf11d94,
3d61cc6b,
bd790681,
3d88e017,
bcba574a,
3dbbe9eb,
3d8bdad1,
3ce3352f,
3dec3493,
3e717254,
3d84a80f,
3d29c980,
bd6e39a4,
3d048f3e,
3d93bb7a,
3df1680d,
3d691ebd,
3b12c819,
bd412295,
bd9a45b1,
3d48beb3,
bdaef4a1,
3d0e1d72,
be99db66,
bca5c4ab,
bd3e39f7,
bdfeb143,
bd5a3fcf,
3dbad43e,
3e07ffe1,
3b05be1b,
3df1eff6,
be5c335f,
3bb7a924,
3a8a641d,
be038672,
3e036fd4,
3dbbaff8,
3d0f8338,
bda0202e,
be35ea65,
bd333a52,
3de35dbe,
3c1f8866,
bd6ab116,
be0331f5,
3d2e00ca,
3da48be1,
3cdc9ab0,
3d3e7896,
bd06caa5,
bd81b6ec,
3c0b77ad,
3cc3fc59,
bd60e454,
3c43995d,
bd0ae51e,
3d9945fa,
3ded0bce,
3dff374d,
bd1e3d8d,
bdfa5455,
bcf7fe3e,
be1decfb,
3dbf29d0,
3d2f6e4a,
be0bfdb3,
3e16bfc2,
bbbc33f8,
bba00c4f,
3df5cde6,
3db9a3d6,
bd501dd0,
3d082157,
3cf8dea9,
bbdf6870,
bdb59f4b,
3dc660ef,
be326814,
ba47543d,
bcd09950,
3c48b485,
3d9739e9,
bc9bfb4e,
3d986f77,
bd50b3a2,
bd50703b,
bdf601bd,
bd56389f,
3e048692,
3d2f2fa6,
3d97fa36,
3db0cca9,
3d80950b,
3d49f150,
3cb554ec,
be11b725,
bd4bc58b,
bda022bf,
bd944547,
bd552e4b,
bdddbffc,
3d497031,
bdf8d39d,
be29b3e6,
3d1e5ba6,
bdc29895,
bd162e63,
3d9f27e5,
be240a0e,
3d271c51,
bcd3adf8,
bd225e9a,
bc40a4f6,
bde3df23,
3d89245c,
be0831ef,
3d3334db,
bcfec243,
bdb14e7e,
3cd05ffa,
3cce89ec,
3df5cbe7,
bd837db1,
3d2f60cb,
3d3ee1f0,
3d7172ec,
bd4ae823,
bd626957,
bd842409,
3a5bf70c,
3db01928,
3c5be9f6,
3a84c29d,
bc6b07c1,
bae8e0d5,
3d3ad269,
3dd30cd2,
bd1d3dde,
3d98ef71,
bc1d0a32,
bc9d6e3a,
3d25c676,
bd3068c1,
3c53da32,
bcf4d275,
bcdb8d0f,
3d444b4e,
3bcd0190,
3b74039d,
bc9c1de3,
bd54a5e7,
3d5b85db,
3d520bc1,
bbad8dc2,
3c15bbe9,
3dc3a5e7,
3c5f0bff,
3c0d90c2,
bd8773dc,
3cf8b010,
3d5d7170,
3e159ed8,
bdac9897,
3b9f654b,
3d8710b7,
bdb1fab5,
3d9d23cc,
3d42386c,
b9a8f908,
3d8ae154,
3c8510d6,
bc589c6f,
bdb1a4de,
be0f3a11,
3d858371,
3dca681a,
3e0b4c91,
bce5a673,
3daa0d7c,
3c3cee48,
3e1e3cb7,
3c8f0ec1,
3cedcb7a,
3c81e218,
3c997a80,
bdad2dc2,
3e0fb794,
3d5146af,
be1301ae,
3dcfc102,
3d810e90,
bcebfc02,
bcd7e8f5,
bbc13717,
bbb02f32,
3ccce917,
3d1155ae,
bd08a49f,
3d259218,
3c0a199f,
3d561002,
baee8ab8,
3daf4183,
bd4025ed,
bd729a6f,
bd9cef5b,
be3b8bf8,
bb1f88f2,
bc0ea80e,
bdac25ef,
3b9cd87e,
bd820815,
3d5d086c,
3c148406,
3d529bce,
3d7cc6bd,
bd0f0f57,
bd6b7029,
be124dc9,
3cfc6581,
3ea4fe2d,
bd9f132e,
3db9a02d,
3db25de3,
be3e93b5,
3cfbcf39,
be2f5e56,
bc8f7b33,
3e6dfb8b,
3d8b43b4,
3cd711e5,
3e4b336f,
3e3586cf,
3cc22f25,
3e1e5c2a,
be1b0fb5,
bdaca3af,
3e6beba3,
3de6f269,
3e34b398,
3e1abbcf,
3d96e7ca,
bc12d0bd,
3e3d4298,
3e318b3d,
3d200ac8,
3c845df9,
bb9a82ce,
3e2bbd4d,
3e69800f,
3e8c5e1a,
3e6f219d,
3e08b99e,
3c50d0de,
be2516be,
bc8ca85f,
3d84600d,
3e73fed2,
bce3a668,
3e2cb544,
3dfca834,
3ca8d41a,
3d52ff49,
bd8f18bb,
bd44d062,
3de4b743,
3d72eb7d,
3db9300e,
3dbf0d98,
beb6f697,
be2bd219,
3d4ce086,
bdd09652,
3e23cf95,
3e2aaf44,
bdbe748e,
3db258a1,
bd1f91ae,
be7e60af,
bdbb343a,
3d5eb720,
3db725bf,
be41b5b1,
bab5ab73,
3d38bc8a,
be382e3a,
3e694895,
3dcdee50,
be659fe2,
bd94028c,
be4ca9aa,
3d802633,
be01e5df,
bc506137,
3e9ae3d9,
3ddf9c82,
bd81234a,
be80b6ef,
be0a7d60,
bea834ef,
3cff74f0,
3d71297b,
3e58b4c9,
3dba9801,
3dd2aa06,
bc470c64,
3d7445f3,
3e55e806,
3e447e30,
3982a866,
3e8e10af,
3c2b1c18,
3e2c09dd,
3d50fbae,
bc24be46,
be5cc0e2,
baee5ec3,
3d23505f,
be159593,
be9e91af,
3d7a6f9b,
3e2ce1b9,
3d601ef4,
3dd21583,
be27e3dd,
bbb6054b,
bc163104,
3dce6972,
be3f57b1,
bb970ee5,
be08048d,
3dcae682,
3d44acee,
3df38b5f,
3d214738,
bc1a0a22,
bdd57aef,
bd5c97ab,
3d66649b,
bdaeab94,
3e037bbf,
bd89d998,
3bc6f202,
bd96746e,
3aacf871,
bddf184d,
bd03ecf2,
3dc8da8e,
bc4b213c,
bd1b0389,
3d2e4355,
bda60bb8,
3c1b0742,
beca464d,
3caf4a30,
bda5ef62,
bda554c1,
bcd3bac3,
be48dee6,
3d321bdf,
3d214d68,
3c8ac393,
be369c99,
3dcca9cc,
3c0cc3e8,
3a8f6c44,
3da0255c,
bbf0ee2a,
3d686ce4,
3cc4aecc,
bec77667,
bd69a4ea,
bcf249c9,
bee1b61a,
3dfe3e27,
bdf1398a,
bd80ca71,
bd2aa4da,
3badc662,
bbb8d4b3,
bdee1d0c,
3d45447d,
bd92d09a,
3c9ef091,
3cc9e6d4,
bc40ab56,
3c89666b,
3d0b7300,
bc3a38a1,
3dd4002c,
be1d9dd5,
3b3d5967,
3df7d9e1,
bd1fcdbb,
3cb7b549,
3d6767d9,
bd671141,
bc950987,
bc68683f,
be34bb5b,
bd32e286,
bd4f2976,
3d7b240b,
3d00d21d,
3d8cafdc,
3d35549e,
bf0fd233,
bd7f38b8,
3e3b1ed5,
3da8805d,
bd5f7393,
3d0d18ed,
3d2c9f4d,
3c9e93d4,
3b3b6d7f,
bf053261,
bc87293a,
3dea6f64,
3e19c2dd,
3d4c299f,
3dddde81,
3d9c8144,
3e097ea0,
3de23a13,
3da6b2c9,
3e29b3fb,
3e0295e8,
be1602b1,
be857058,
bd3e6683,
bd9a0e9b,
bd297620,
3d2c8732,
bdbce5e4,
3cc02280,
bd1aaac9,
bdb34aee,
bda481b1,
bc6b0242,
3d814611,
3d024512,
3b8cf07e,
3d80eabf,
bc11e5c6,
bda94174,
3cac97ee,
bd508053,
3c5db35a,
be00aa94,
bd058218,
bda4ba3d,
bad8f8aa,
ba88c25c,
3cb99324,
3dcd49c8,
bdb4c5ff,
3cf7d336,
3d8273eb,
3d6434de,
be3ec051,
3ce3d7c6,
bef8dffa,
3affb705,
bd79a593,
3d26b10f,
3c947491,
bd3c4af7,
3d87ab30,
bcff282f,
3c04c933,
bcbed512,
3e38a3e2,
be0f082f,
bae9aa7e,
3d0d7112,
bc964a9a,
3d47f3af,
bc6f1166,
bc84b2ed,
3c9bfbda,
bd4f1531,
bdfffbff,
3dbb2e4b,
bdabb970,
3d276c10,
bd7228cf,
3e0b6284,
bc892b5d,
bdd6594e,
3d638ba6,
3e0ece53,
bd03f8ab,
3df25a88,
3e26031a,
3cf25ddb,
3d47a3cb,
3dbb4d90,
bdc56b7a,
be35e040,
be83f43e,
3d4bdcb2,
bcd1c722,
3c9b84ec,
3c9d80ca,
3d265811,
3ca55a27,
bd395925,
3d958775,
3dbd8957,
bd9b598b,
3b1bf310,
3d98f9c3,
bdd87095,
be059768,
3c693579,
3c085132,
3dca52b6,
bc8bfc07,
ba37f900,
bcb9fb29,
3e3e5434,
bd929bce,
3d61f8ee,
3dabff75,
3d0d9c3d,
3d9557e6,
be2612ab,
3bebad8e,
3cc5bc0c,
3e2c9f55,
3d33696f,
3d9ac5bf,
bdd90023,
3dc06572,
be60d453,
bbc8e374,
bd55e2b6,
bd8a0759,
bc929dd7,
bdbba01e,
3dcd0374,
3ccf9eaf,
3db90425,
3d834072,
bce51fda,
bb83d68f,
bcbc54eb,
3bd24a65,
bcc0a0da,
bcb76364,
3e62c0bf,
3c33c290,
bd32d84f,
3c188d2a,
3c492c9a,
bd9a2f58,
3caaf511,
bd813090,
bd8a3860,
3bbb2e14,
bccc63b1,
bdfa21ec,
beb6cb58,
be863782,
bd99facb,
bea30c6c,
3d2d4e6a,
3df8c0eb,
bc8806ba,
3d77931f,
3c95484c,
bc8702ae,
be266bc9,
bd6ae98e,
3bbfdca4,
bd363f54,
3ddd9af9,
bd3610ec,
3d0a97f1,
bd1ac02a,
bda60e2f,
be078527,
bc0451c9,
bcc3cf42,
be9830c1,
bd2fccb1,
3db4c82e,
bd424ecf,
3d208ac2,
3d9aab01,
bf95678a,
bc6770a8,
bd61c842,
bd055c43,
bd504334,
3d69843e,
bdd8d482,
bd54c8a2,
bcc55bea,
3e24a467,
3d2fcbcd,
be07ed9d,
3e0aec3b,
3c85b988,
3e27d06a,
3d185381,
3d134ba7,
3cbc6d3e,
3ca828d9,
beb534d3,
b8b308ab,
bdebbaf0,
3e3ab9ad,
3d0d157a,
3da5509a,
3e9ced11,
3e1c3d0f,
bde628eb,
3e100d48,
3b221036,
3d161af2,
3e160118,
3e1aa05c,
3da8ad7d,
3cd56a5b,
3de9a81a,
3e90f5fd,
bc9c572e,
3d0e4408,
3e172220,
3d066d72,
bdb2d75a,
bd39c97a,
3d791e7f,
3e1da349,
3d58bbbb,
3d908aa9,
bc14e43e,
3b3775a3,
3d586fb6,
bdedf3eb,
bd55af21,
bd6f7828,
bd1a4def,
3da5d98e,
3e0df906,
3d8ca0bd,
3dc7793a,
bbf0ba12,
3e88b428,
bca28b1a,
3b07dcd9,
be518e18,
bd3589b7,
bc4d380c,
bd8b57ec,
3d8aa38a,
3d20b3bd,
3d26085d,
3d9b6cc8,
3e61bee2,
3d91b35e,
bdcedeb0,
3d828d0a,
be873c60,
3d502ec7,
bd64a717,
3da9e16d,
3cb40372,
3c3bd030,
3d2bf089,
3e0717c3,
bdb9ccc0,
bc8f72d5,
bd0c09b9,
3d1c76d9,
3d466196,
bd6cd823,
3c84a5b7,
3d78eb77,
bc1d1eaa,
bd14b60a,
bdf483a5,
3db514af,
bdae348d,
3d7aa7cf,
ba874889,
3c12aa5c,
bda6ee2b,
bdc7d790,
bdaa7b15,
bd92a9be,
bda36049,
bbe9418d,
3b47be45,
bb9c5520,
bda82e10,
3da17e29,
bdb40f2c,
3dac41b3,
3c2ceb50,
3d2cb3a0,
3ca4c110,
3d4e5fc2,
bdade54a,
bc8e237a,
bdce903e,
3b0c5e9e,
3da38528,
bd660b6a,
3dabbd2b,
3d0460fe,
bdded0a6,
3da27f6d,
3dc1db83,
3d5de6db,
bb24a4bb,
be8c7bce,
bdb909bc,
bc923679,
bda673c0,
bc9efe53,
3b966bfd,
bda25510,
bc13e57b,
bd88d781,
bdf65ebc,
bd1608ae,
bdac1365,
3d092654,
bd93a360,
3dc3570e,
bdadaea4,
bc873300,
bc70d6c2,
bd707680,
bc91e784,
3e3ebb33,
bd049fda,
3cda82ad,
3d22c9e7,
bdf221f1,
bde45f74,
3d0c0f9e,
be89e818,
3da59b94,
bce976d7,
3d5a87fc,
3d8b5c73,
be043df0,
3ce6863c,
bc3d52fc,
bd8cf7cd,
bd46302b,
bdbec924,
bf10b966,
bde131ba,
bc3c4cc2,
bdc564d1,
3d6bd9ab,
bd4310fc,
bd9979e1,
bddbc1e0,
3ca6815f,
bc869637,
3d90cf32,
3d74dfe4,
3dc5d971,
bd126aa9,
bd067b44,
3d2c7a7d,
3d6aeeff,
3d547967,
3d518dcf,
3c36b2af,
3d8dde03,
3d604b67,
3d8079b0,
bd1699fb,
3d828e63,
bd5d2304,
3d60f64d,
bc81c8f3,
bd05f74b,
bda1dd58,
bc3246da,
bdb0084a,
3c93b0bc,
3caa4f64,
3d43c288,
3c8ca43e,
3b587f08,
3e196a0a,
3d5f6083,
3da14cb9,
3da0cc6b,
3d74ad31,
bd94bf0b,
bb88af51,
bdc4d03d,
3d683ba9,
bcfc6226,
bdae13cf,
3daa4c4b,
bd536208,
3daa34db,
3d949504,
3d2d8d16,
3d4428fa,
3d87970e,
bdc55152,
3c220808,
bc910d13,
3dac598a,
3d5f8c25,
3cffcc18,
3d5bf6a4,
3d31a97b,
bda01a9e,
bd49873b,
bab7dfd6,
be047f58,
bd040cda,
bb9a2b4f,
3cd5bc0a,
3cc7be80,
3da7e2af,
bd4afc25,
bd28a828,
bbde677f,
bddb1004,
bd743d74,
be00d86e,
bd98c959,
bdd353a5,
3d7924ea,
bd97c31f,
bd5aa0a0,
3c7dbca4,
3d8ff1d5,
bdccbd51,
bd181004,
ba8626f6,
bd383ec6,
bd16dbfd,
3d17b8fa,
3dc981c9,
3c0515b4,
bd96828f,
3cd6f34c,
3d7e00bc,
3c6ff8a1,
3dbd499b,
bd5b0926,
bd901ad7,
3e0bd52a,
3c62f070,
bc7425b7,
3e0dc70a,
bdab6fa5,
3c1e5850,
3db9de14,
3db8ae8d,
3a26716e,
baaa11e2,
bdc93f9b,
3cad7579,
bd376882,
bca401d8,
bd6a9c96,
3d9aa837,
3daff324,
bd1a09c4,
bda4f6b5,
3d558ee3,
3d965150,
3cea3269,
bb7c0b7f,
3e5a08b2,
bcb16944,
bdc4f02c,
3cc912ce,
bc44b775,
3cbc93df,
3e248fa5,
3cc4a343,
3c9a61c6,
bd02ced7,
bd7de88e,
3d0bfaa0,
3d626e01,
be97a011,
bd1a87be,
be3d6744,
3e0a4e3d,
3c905ea8,
3e1e42fa,
be3dd2a9,
bd1b1c89,
bc1d0a1c,
3e193643,
be78dbab,
bcb5fc56,
bdc532dc,
3cbd0884,
bd7cf221,
bf12f728,
bd28e0fd,
bf5b7313,
bdfa7bff,
3e1bfd71,
bfbb6dd5,
3e22db0d,
3e2031f4,
3c892a30,
3cad37c1,
bd06a97d,
be9e8b92,
bd11ef69,
3ca3eaa6,
bde3c3d7,
bce29ffe,
bd36739d,
3c2c2d50,
3d95279a,
3d71ca58,
bd1b8abb,
3e4cf923,
3cbbed3c,
3975156b,
be89a535,
bddfde9a,
3de2aa75,
3d8638d0,
3be9d75f,
bc7a0d42,
3d5e4b65,
bc876ac8,
bce58bd6,
bd918c48,
bda58d40,
3cf48558,
3ca9461f,
3c4c0e97,
3e134d45,
be5b7c14,
bc3d8a90,
bd7a161c,
3d06be08,
bd5ca298,
3d8ba3a4,
3cd4f44e,
3d0edda1,
3daca99b,
3c04a6d9,
3bddbe0c,
bcf01e4b,
bd2deb33,
3d19b84d,
bcf658d2,
be28b58c,
3d29e19b,
3c7d64d0,
3e1ef960,
beb076b9,
3c3a6edc,
3cff4c5c,
bd949cb6,
bd9cbdbf,
3d850a86,
bd6ec7fa,
bcf2b0dd,
bce602c4,
3e2b2508,
3e0a5c9b,
3dcd4d6c,
bdb4b423,
bdb39883,
3c80c7f1,
bda9f110,
3da22c46,
3cb2659e,
bc9375d9,
3d07aea8,
bcc1bc28,
3de6812e,
3cae45f9,
be239bff,
3ca0063b,
3e04c44c,
be083117,
be0186da,
bca3654a,
3cf6b6db,
3cf93c97,
3d4829d5,
3780c3e0,
3d0f0079,
bd343f78,
3e344e24,
3d7e940d,
bd3da3b7,
3da0ea37,
3d8331cb,
3c904e41,
3be3398b,
bd39122d,
bc9bacaf,
bd82b64d,
3d8066b3,
bd06a396,
bb44161a,
bd551ffd,
bbf2cde8,
3c919dd7,
3cb5f575,
3d73dc13,
bdc9d3fc,
bdd6da75,
be14705a,
bdff9911,
3d56158e,
3d7e7a6f,
bd974001,
bdf2cd7d,
3db94034,
bcf6048f,
3cf1554d,
bb0d11f7,
bc700f72,
bda15086,
3cd294b2,
3ced64b8,
bc83f5b9,
3d9158c6,
bdc98f25,
3cd4a2af,
3d672c72,
bcf201a0,
3d1674a4,
bd63e870,
3d9ac072,
3ce1de3c,
bd9b01f0,
bd236604,
3dad04c5,
3db86680,
3dbbbf81,
bdc36ac4,
3cb3c946,
3ca83955,
be32a330,
bd557682,
bd8599bf,
3e179a2d,
3d1b064b,
3cc20c3f,
bdc58694,
bc83cacb,
bc89455e,
bc2b7d7d,
bbc2e024,
3d6ebd7d,
bd909815,
bd0142d3,
3cca9763,
bda8a0d5,
ba726a40,
3d8b4f1c,
be023d8f,
bda0b10f,
3d9113cf,
3e141754,
3cef109a,
3d474d8c,
3e5934a8,
3d6a1d83,
bd01bbf8,
bc84e202,
bd48c2a4,
3d60a646,
3daeb9ca,
3d0f06a9,
bc8373e3,
be48b5c7,
3dfcb73f,
bd218e4b,
3dc3bccd,
bd54c0ca,
bd8adde6,
3c8c8ce6,
3d2fa8ca,
bc0cd962,
bde21b56,
3d060035,
bd3424bd,
3de56eee,
3e187207,
3dc9857c,
3c109eb4,
3cd06634,
bd512ca6,
bca379f3,
3e41138b,
bdbdf0f0,
bd0710d3,
3cf8eb49,
be7befb5,
bd3b7f5a,
3d093f82,
bcd74653,
3cf36e7d,
bd817b46,
3d3c6315,
bdb62212,
3e19aecb,
3d6d2f9b,
3d14b237,
3db912ff,
be0de7ee,
bd275790,
3cc53513,
be1a31a3,
bdaf0f88,
3dbfa6ef,
bc8003cc,
b9d48e8d,
3bf78cbf,
bde4d932,
3e5fb1e4,
3c165d7a,
3e026864,
3e95c0d9,
bdcb6ee4,
bcf6e5f0,
be56f690,
3d783e4a,
3e0f4631,
3e334abc,
3e821503,
bdd9d950,
3d23516c,
bd37f1d9,
3d6b4d9c,
3e26a7c7,
be1c3f89,
bd306ac9,
3e3250a8,
3d834581,
bdc35d71,
3d35ee92,
be25cc63,
bdcb2dd3,
3e0df013,
3e4edb5b,
bba72284,
3cd96b06,
3d8c946c,
3d1e36cf,
bc2ffe2a,
3d7992dc,
3c50afb0,
bb71a8cf,
bd8079ab,
3ca505c9,
bdc6f889,
3e1ef59e,
3e11d744,
bd7fd18f,
bd85384b,
3c7c9633,
3d4730f1,
3c93a9f1,
bd777357,
bcca2d45,
3d36b49a,
3db6beb3,
bcc64eb4,
bd75d7be,
bdf05662,
3d8e8628,
3d4a89b9,
3e1d796d,
bee23f9f,
bdc9d364,
3d710701,
3cf27411,
3c815cc2,
3d69156d,
3ce23d82,
be1f0de2,
3e560ac4,
3d0bffb8,
3e133d3d,
3de23016,
3d3ef696,
3d7e31af,
3d258703,
bdd51730,
3c14f530,
be15139f,
3da1e148,
3c17b5df,
3d01da40,
bcdd637e,
3d96e365,
baa548cf,
bd85f88a,
3dd6f8e1,
3d952c49,
3db62c54,
bdbb0efe,
3db8c20e,
3d112023,
3e2c0f54,
bd33b051,
be4e9cd9,
bb8c1f5e,
3d992bc6,
3dc11b57,
be316ced,
bd80789f,
3d54e8f3,
bd636082,
bd8ca6b5,
bdcb51a7,
3d3e658e,
3d972207,
3d717028,
bdbace64,
3d2bfa11,
3dce648e,
3d2b41e8,
bbed7980,
bc67f5fe,
bd4b79d4,
be3085ce,
bbc02778,
3ccdc3a8,
bac2501c,
3d7b9ea4,
3dc5eac2,
be0a375d,
be1281a2,
3e31289b,
3df45386,
3e8c2643,
bd52045f,
bd9b224d,
3df33f9d,
be122f58,
3c8d92e6,
3cab4f2e,
3c160362,
bdd706c9,
3e476d77,
bd883ba5,
bd50d37f,
3df159b4,
3da041ab,
3e01e06e,
3db09251,
be23c594,
bd207bd9,
3e03e33f,
be1ef9ec,
3e346046,
3db63b99,
bdb0952a,
3e834165,
3d974693,
3e346eac,
3e26959d,
3da5bdbb,
3d15176f,
bde31120,
bc924512,
3c0dcab9,
3e059819,
3e70d9b9,
bd35ac0f,
3de9acee,
3e77adc4,
be8b53ed,
be3c082a,
3e01c65d,
bd05ba09,
bde1fcd0,
bdb14935,
3b17ac2f,
3d814c96,
3d52a3e4,
be1f5817,
bee161ec,
3c6f9361,
bd3a1e9d,
3dc7223b,
3d65d422,
bdac8c61,
bd219137,
bd53cb69,
be61f45d,
be27cde7,
3cea8357,
3d59ee9e,
3e1e88f7,
3d86e12e,
be1cbeef,
bd23cf90,
bc804f76,
bde3e775,
3e652e40,
bdb90d02,
bd806d50,
3cabab75,
3d83585e,
bc8591ba,
3d88a25d,
3cea31dd,
3df5cc55,
3dd777aa,
3e0c0fe2,
3e26711e,
3e3de083,
3ddeabbb,
bd24cce1,
3d87ef74,
3d555547,
bdd241df,
3d9c9f7c,
3d298892,
3de58320,
be2906a6,
3e1b0442,
3e103116,
3d15276f,
3e391b3e,
bd213f38,
bca33295,
be5755fd,
bddc970f,
bb91e8a0,
bd1ee279,
3c47a4e5,
3e38ff07,
3e099bb3,
3ddf3308,
3be9ac6c,
be7af587,
3c756405,
bd8c0d77,
be09d972,
bcfcc82d,
bd82cbe6,
bccb0837,
bd73733a,
bce35b2f,
3cf8bd30,
bdbcc20f,
bd7a80b2,
3c6a56a0,
3d17bece,
3d36148f,
bf0aaa7c,
be8b1d65,
3d67a599,
3c026637,
3d89c613,
bcc4c145,
bdb18b73,
3d597b9c,
3d6a4b7e,
be4370a3,
be4de2d7,
3dac14c6,
3d01a879,
3d404b75,
3bc56aee,
bdd50143,
bd6459ef,
bd175676,
3d32bbc7,
3d0ad823,
3b9553fa,
be4d7c03,
3d914d2f,
bd8bf3c0,
3d7abdcf,
bd0717dc,
bdc29452,
bd903a5c,
be0d6b85,
3da74fea,
bdb4ad84,
bc9da171,
3d4967b0,
be2a1192,
3d3da377,
bc8dcb25,
3c95a244,
bd7c3268,
bc71ece2,
3d40f627,
bcedd348,
bc1a1387,
bdec326c,
bd17fa65,
bd6364ea,
bcb01a34,
3d880268,
bdc52c45,
bd65da55,
bd2dbcf5,
3d2b5675,
bd1605c9,
bda785d6,
bd104b29,
bc0519f0,
bdb1011a,
3cec538b,
3da852ca,
bd0f1d29,
be0d06f4,
3e8af55a,
3c6666fd,
3c9d710f,
3d3ec992,
3d41009e,
bd6e5f44,
bd7605d9,
3d356712,
bd5bafaf,
bf2fe951,
bc39efd0,
3d223c73,
bdb72860,
bd02a25f,
3d5e7ac5,
3dc95b88,
3e0f7484,
bbb97598,
3d8e4730,
3d4c907a,
bd8cd3b4,
3d7a6155,
be74679a,
3e83e4e0,
3deb6a9b,
3b6c8148,
3d8d5059,
bde2acf3,
bc01581a,
bd1b020c,
bbf477e2,
3d590438,
3d6a1dbb,
bdf21b48,
3d905e6b,
3ca849f1,
3e0df5cd,
3d0f049d,
3d57d34e,
3cadf851,
3dc7dcf5,
be1d2b34,
be3638b7,
bcd6d554,
bda463ef,
3cbc8821,
bccaddaa,
bd2320b4,
bd67d4d0,
3d0088f2,
3c251b78,
bd93410b,
bd82c843,
3c3afe84,
3c4d9cf7,
3d39f295,
bcaabba6,
3ba27b80,
bd8716b2,
3cf91082,
3cfe83ae,
3d1cc3a0,
3e4a113d,
3db4c28c,
3db38966,
bc29ac01,
bcfad889,
3d46756d,
3e1c5d50,
bcf0f0de,
3d6c656c,
3e4e8898,
bc12b7e9,
bba84417,
be171f45,
bd5dde50,
3db318c3,
be51b4ad,
be0ff5b9,
3d1fe04d,
bd663719,
3d0b58bc,
bd9ced8d,
bdb22922,
3d29be80,
3d1ef175,
3d2e8de2,
bd02dc2b,
3c4a2de1,
bd7f23a2,
bda058df,
3dcc5335,
3ce5b383,
3d9eb95e,
bcb19ac8,
3db638c8,
bddbc87c,
3cf23938,
bdc31a5d,
bcc58ed0,
bd078253,
bc32475b,
3d78dee1,
bd190d1f,
3dad97b0,
bc25ee5c,
bcc92db6,
bce698e1,
bcc123b1,
be3b20e9,
bc6ce856,
3d2e35ee,
bdb25838,
bd509391,
bd11a58f,
bdb2f5f3,
3d4b71fc,
bd93a574,
bc902684,
bcebea29,
bda53c7d,
3d469d7e,
bd0e293b,
3d3da1c4,
3cc7da2f,
bdc40ed4,
3dc24f62,
be5a999a,
3c8cdbb6,
3d31d6a2,
3d0ac584,
bd43240f,
be0a630f,
bd19bc06,
bd46e9a4,
3df1b819,
3d8e3e5c,
3dc1f13d,
bdb0eb4c,
be0b6ab7,
3ddcb8e9,
bcf478ee,
ba87f1fc,
3d5d6e0a,
bd5ae125,
bd7e304f,
bd3e7734,
3caddf1c,
bc39aea2,
3d6328b7,
3dd4b992,
bb1f0945,
bd9c06fa,
bd35e140,
3d5a2e37,
3d8b1475,
3daa638d,
3c9e27de,
3d8df4f7,
be9a3e8e,
bd4e89dc,
3d5b3c8f,
bd816be7,
bd48ace8,
3d80db82,
3cf09f75,
bd1b1705,
bddc1eb3,
3cc3bde5,
b98183ce,
3d781964,
bda57b1e,
bb8a3233,
3daf8402,
be882f6b,
bd25780f,
bdb10b34,
3dd33b59,
3e2463b6,
bcd0cc2b,
bd24ee54,
bc99aecd,
3dcf4fe6,
3dda1e7a,
3d928565,
bcc20fe5,
3d1bbaa6,
3d26ac2c,
bdbc4517,
be7e7ecb,
3dbc8af7,
3d8aa929,
be67e170,
3c55c732,
3d85e0d8,
bd8b31c6,
3da0d311,
bb694c5f,
bf0655e5,
bd8dc3c5,
bd5dcd70,
be4127f9,
3d482fcf,
bd9787b2,
3c09ae55,
3c97018f,
3d24e463,
3d95982d,
3cc6c4c0,
3d005d5b,
3d090408,
3d836589,
bd0c3b6a,
bc56c7ee,
be6762ff,
be8ee37e,
bdb1f1f0,
3e05b2f9,
3d690fe9,
bdbb2955,
bd839f63,
be06dd7d,
bd349881,
3bfdc781,
bc0cb1aa,
be1495e5,
3d2673f8,
bdb04cc6,
3c82676e,
3d9b51c5,
3dfa5d73,
3c806ab4,
3d92f0e7,
3d6b4393,
3aafc783,
3dbeef96,
bd3913e0,
bd366cd9,
bda7a13f,
3d6f2dad,
3a632b33,
3d051177,
3c0ab835,
b94baa38,
bda35418,
bc3bf381,
bd171685,
3cad9158,
3c9efd66,
be8a5ee1,
bc3d8262,
3df8fde6,
bc9a2ffd,
3d65e3d2,
3d7946d9,
3d3c6ac2,
3d8c1af1,
3ccf409a,
bce5550f,
3d0db6fa,
3e09437c,
3d30a8fd,
bd523d77,
3c8dbc2b,
3d102666,
bd3b7762,
bce1ce82,
baf90ac3,
bdf6d59a,
bdc88fed,
be557358,
3c9c775a,
3d67da14,
bd165f38,
3e1a8273,
bda20221,
3dc45654,
bd5076db,
3da90477,
bca6fd15,
bd677cc4,
be9403af,
bd8e95eb,
bc92265e,
3d4985cb,
3c0456b2,
bd8582f7,
bd9f9f19,
bdc58d10,
bb862c95,
bd55f83a,
3d4f4f6e,
3d486cd1,
bd1f4e1c,
be0bfd27,
bd0d26ea,
3d46d9f4,
3ccbea9a,
3dc728c5,
3b520bd1,
3bd9301d,
bca3079c,
3c54da02,
bdd76cf9,
3d091535,
3d9ff48f,
bda9fa20,
bdaa2757,
3bff10ed,
3d98a8a4,
be56e909,
3d0e1e99,
bb35fa78,
3d9cbc77,
3da7ad4b,
be113905,
bcdbe2ca,
3dc0df6c,
3d6c6c62,
bc2cfa74,
3d514b62,
bd62fe4a,
bdbf9b7a,
3d5bf35e,
be34636e,
3c1f4103,
3d9b4053,
3e0b7667,
3da51ef9,
bedb328b,
bc550250,
3c53192d,
bd0c40f4,
3c44e908,
bd950b9b,
bd86057b,
3b7dee83,
3cc8daca,
bd299f46,
bd972c52,
bd2962f3,
3c74b7a2,
3d4e3e6a,
bd4d32fc,
3c093035,
bc95706f,
3c50763a,
3cf2b94b,
3b889149,
be5dc69a,
bbf8f93b,
3c71e159,
3d3b7460,
bda8b3c6,
3dc99b48,
bdcdab39,
bc1de3c1,
3dcbc65d,
3dee8a48,
3bbff711,
3c812e49,
3d8bb2b0,
bdd8d618,
bda3f8fa,
bbc7b50b,
bd7a94a4,
bb9968f2,
3e112281,
3c10b148,
bee9d97a,
3bdd8e10,
3e46d440,
bd4f3d2d,
bd5ad135,
3d2a858a,
bc215713,
bc441fb5,
bf2000fa,
3d559c2f,
3dc57859,
3d366cfc,
3d0c19ef,
be903c8f,
bd7c6b0b,
bc9f3a28,
bd96c6e9,
3c96080f,
bcf318d1,
3d8e7cb4,
3d13c73d,
bc98f849,
bdc2a5de,
bc1ad747,
3b73d047,
bdd7fba7,
bc978654,
3d0df516,
bd5aa441,
3b028a09,
b9bc169c,
bd1c51a5,
3d8884b7,
3da98cd3,
bcb00577,
3d3e01b3,
bb4340b2,
3d3b9674,
bd7d1557,
bd6beb10,
be10375e,
3d4bdb99,
3d57bcbb,
3c5a6a44,
bda12b1d,
3e033112,
bde592de,
be201c88,
3da1e415,
bdadd10e,
3cfae071,
3d5b8a55,
bc8e2730,
3bb64638,
bd3689c7,
bdf5d3a7,
3d76926b,
3cfb17ff,
be0f1301,
bd215189,
bdd0e2c7,
bd56bb68,
bd3db71b,
3c9fe61a,
3de750e2,
3d7586a8,
bd8f7aa8,
bcb67a86,
bdd5f8a7,
3deb5fd5,
3e0f1e7b,
3d6abaff,
bd28eedf,
3cf763d5,
3e3af440,
3d82f906,
bd9530fb,
bb318d56,
bddf18ca,
bd5aa487,
3d90bb18,
3d4a8c9c,
bd98e5a5,
3c08b627,
bd0c917b,
bc6d2552,
bd7d33f3,
3e542ed3,
3dcb2df4,
3dac48b1,
3d906d50,
be6cbf7d,
3d96a658,
bc6eedbf,
3ddb102b,
3e4d4784,
3ddd4cfe,
3e2509a7,
3d5a512a,
3d74a9b8,
3e099991,
bcd1d626,
bc51c5f0,
3c9bbec8,
bd3089f9,
bd77c23c,
bd0da25d,
bde4e087,
3d856627,
3dd10b1f,
bd73a45a,
3bb580ab,
3d47efbe,
3cea87a9,
3e01aec4,
3e6269eb,
bd5183b6,
3ceabdc4,
be174b15,
bd01e0fe,
3c1dff5a,
bd84a34b,
3b3ff7fd,
3cea599b,
bdf3ce95,
3e90f902,
3aa7ffb9,
3d2bb79c,
bd501211,
3d71b73d,
3e1a8ef0,
bde1302a,
3d176f0a,
be9707b9,
3e036d41,
be9bdc97,
3d247759,
3c8a4879,
bd1f9a17,
bc45ca24,
bde9ac9f,
be92e7b4,
be3da5b8,
be272939,
bcc09ef1,
bd9a16fd,
3d910007,
bed222fa,
bd89a648,
bd92da64,
3e59e9b0,
3c84f278,
be0affcb,
3c8b5c55,
3db3dc23,
3dcee9ea,
3dc1d7b1,
3da9d2bf,
3d66e1e9,
3ddc87aa,
bcc74173,
bd143dc5,
3d31037b,
bd1f82c2,
bd6600c3,
be67e2c8,
be75143a,
be15d75f,
3babd13f,
bcc95ee9,
bd90c14b,
3e071445,
bd1a703c,
3e10e40f,
bc67a556,
3cb6f68c,
3df03588,
be15819e,
bc94ab13,
3e7029bf,
3d4c068c,
3e40189c,
be403b2a,
3e0377e6,
3d8ec255,
be4d8f52,
3d5876da,
bd8478cf,
3e38ed18,
bce00066,
3e2bfd30,
3d638ff5,
3dc80bdd,
bd00d7ea,
3dd02d94,
bdb9abfa,
3e0225e5,
bc488159,
3dfaff85,
3d9832a1,
3cfaf7e9,
bd1d401d,
3dae0018,
bd142546,
3d2f0c1f,
3e1c14b3,
3d92c668,
3db97228,
3da47183,
3d8f2d49,
3ba85910,
3db9fa45,
3dc489fc,
3dcd9ce5,
bdc7f655,
bedb6f4a,
bdc733b7,
3d4af531,
3c5bf8cf,
bcd2b8e0,
bd820d06,
bd33de92,
bc8a9311,
bc2d723f,
3b9a8e0b,
be828fff,
3d633fdb,
bd86b568,
bd776ac3,
bdfb4349,
be000196,
3daeacd3,
3e334b76,
bd9d66a0,
bda557be,
3cb3f967,
3d863ac3,
bebd5a58,
3dab08c8,
3db999cf,
bccb75bf,
3d78c475,
bebf5105,
bbb6c54e,
3dcc5d3e,
bda6b450,
3c37849c,
bd6ac005,
3d86502c,
3ced23f5,
3da28ba6,
bccb15e3,
bcf539d9,
3d743ddd,
bcbc85f8,
3d637f7c,
3d079f31,
3c6ce13f,
3d905b3b,
3dfb4253,
3d7ad2d5,
3cb33887,
bd5eb36f,
bd20b095,
bdcaa0b5,
3d00157f,
bb31e062,
3d0f9e36,
3da57074,
bcff3347,
bdbfedb6,
bb67880f,
bd83d8ef,
bdb83002,
3d0571c7,
3cfe7bd7,
3d83543b,
bd96627a,
3dfc222d,
bd6895e6,
3e5cd1f7,
bd90199f,
bd55ecf4,
bd9ba88e,
3dc2cd52,
3d356d78,
bbaa6cd1,
be154abb,
bd038bdb,
bd16bfdb,
bdc7116f,
bce47ce7,
bc1b107d,
3dc54f35,
be0345bb,
be26bc46,
3e06fc02,
3d86c601,
3c8261ba,
be06bb81,
3d0ca6d5,
bc881045,
3da3b229,
bdb5720c,
3bac1c3e,
3d8084c3,
bd649d59,
3db54ae7,
bd759f84,
3ddd8ba1,
bda3e9c4,
bd43fb85,
3d8f719a,
b8aa4f49,
3ddcc983,
3d180413,
3d1a915c,
bd577d6d,
3d595234,
3ce1f909,
3df35c9a,
bd2c1639,
3e4285cb,
bd9e8247,
bcd6d199,
3d8c27f5,
3db95133,
396f05dd,
be18c580,
bcc5834d,
3e04770f,
bc8ecbe0,
3d50cd68,
be80481c,
bd2b08ba,
3d1812ce,
3d164f35,
bcd49893,
bda0cf79,
3ceec62c,
bc8411b3,
bd8d1521,
3ccd7086,
bcd3cd11,
3de0e98d,
bdcfeaab,
bda19bee,
be100b06,
bcdb59d8,
3d853b67,
bd6bc299,
be239a03,
3ddeb3c4,
bcb8be98,
3cb77ebd,
bd771b75,
bd42109c,
bc8b2cc4,
bd2fbe01,
bc91b2ab,
3d4b4599,
bd9dfe4b,
bda4aed1,
bd10c639,
bdc73819,
bd00722e,
3d1c1996,
bcf15d55,
be021ba8,
3d470cc2,
bd59ed51,
3d116e22,
bbeba3bd,
3dc3e255,
bcd64be7,
3c80ad4a,
bcf211d6,
bd9d06a4,
bd170832,
bd5b783e,
3d2003d1,
bd92a0d0,
3e023b06,
3c8b00d5,
bc1db964,
3a75735f,
3df20877,
bdc2af24,
bd878f1e,
3d8765ad,
3d2cfab2,
bd374589,
bd7ac54b,
3d75201b,
3d485fc0,
3cc2949a,
bb758a30,
bd8b4d04,
bda606a2,
3bc2d263,
3d259e1f,
bd1517d2,
bda06071,
3dd5f001,
3d1f26a1,
3c8805b8,
bb5d69a8,
3e121bbe,
bd544ca6,
bdcf5c46,
3dcc0344,
3d946993,
bde27b50,
bdbffed7,
bd2321f1,
bc88de0b,
3d58f92e,
3d0fe937,
be10abdc,
3e28a820,
3cf73048,
3de679e5,
3d52f624,
3c974e86,
bb8b57f8,
3cc89eb5,
3cfe2c10,
3d13715f,
bcc2875f,
3d70caae,
3ac0b10b,
bda07b5d,
3d23d43e,
3cab3cda,
3c54f3a2,
3cab6f75,
3dbeefce,
3dcb1ae4,
bcdf24de,
bd5de9b3,
bbf86847,
bc542ec1,
3ddc579c,
3d3ad0d1,
bc57ca21,
3d5a05cb,
bd2e6ceb,
3db8b89b,
3d2fe3c6,
3e381a2c,
bde4a99b,
3ce75c96,
bd962c07,
3d28d17b,
3cf1d2ec,
3c748a36,
3c1626a8,
bcf8fe1e,
bbba5e35,
3d48feda,
bc264d1c,
bd86e967,
3c64228a,
be021832,
3e0e3333,
3db1c543,
bd63f10e,
bc6bafdc,
bccba23a,
be006b73,
3d1de6fe,
bdb470b4,
bd2e40be,
3c9eb9bf,
be514e22,
3d2f74dd,
3e3cbc4b,
bd0f22bb,
3d21c3aa,
3e1b8f75,
bdac9ac4,
3db894cc,
be095df7,
3e2f2ad4,
bd83a8b1,
3c54a33b,
3978f143,
3db71188,
3db82b46,
3e4268b4,
ba4c2fc4,
3d6bd84b,
be635020,
3e77d286,
3de1e44c,
3ddf7f7e,
3e9285d8,
3e224e89,
3dbc5c87,
3e35c5e7,
3e304c90,
3bd9bb88,
3dbd9197,
be203256,
3db7474c,
3dff2133,
3dd81586,
3e7373b1,
3c8ee6be,
bca2cff4,
3df7632d,
3e4bce10,
3de88805,
3e5c4935,
bc7bc86e,
bd3113a9,
bd956f64,
3d255752,
bd17ee23,
3d928f9f,
3e5585b9,
3d9bed11,
bc6d0c12,
3e2f010b,
3cc9aea5,
bea8e51d,
3c439ee6,
3daaaca7,
be0a7eb2,
3e142647,
3d172757,
be33a4ac,
3db19da3,
be65a945,
be6349e8,
bd859df2,
bc17724d,
3d584c68,
bf1479eb,
3dc86149,
3d72e27e,
be7a7a1a,
3e4cca71,
bc3c023a,
be5260cc,
3d3dea2c,
3cead556,
3dc53c58,
be2959e7,
bf462652,
3eaf96c2,
3e21231c,
3cd5d712,
3df83b6e,
bcdd0d27,
3c804397,
3e53003a,
baed1ea7,
3d438f41,
3da9a051,
bd90ed27,
3d86af04,
3e1e2d54,
3e145cc5,
be54d332,
bd971fd5,
3df3b371,
3d97662b,
3e3f195d,
3dca94f3,
be1a03aa,
bf03ed7f,
bc979868,
3d02931d,
3d9dcf39,
bc0b8ace,
3e1b46f1,
3ddbea49,
3e0cb721,
3dab51c1,
3d8cee35,
bce1f249,
bca67966,
3e1f50ea,
3b142160,
3c9ff7fd,
bd12ffa7,
bdc842ac,
3dc31af0,
3e383fe9,
3ccf332f,
bc8c0e9c,
bcde2347,
bd1f61d3,
3d69b5b9,
bdb6e1d3,
3cba5e25,
bd88ef87,
3dfb7f2e,
bc3bf980,
3d975a38,
bdef725a,
bcd320b9,
3a96b6e6,
3cc5d3ff,
be1de03d,
bc4f4cc4,
bdd794d9,
bd4b03da,
beb23276,
bd7711bd,
3b653c04,
3c28f745,
bc0ec621,
be038835,
3d799a60,
3d2d8aa2,
3dc0cf87,
3d960c0b,
bc7a6c98,
3ddd19ae,
bd0f7615,
bd829817,
bda91b76,
bc2b74a3,
bd7f4700,
bcf56c59,
3d241a71,
bb85ab10,
3d7f4cd7,
3d174e6b,
bd2ca16c,
bc06e4ec,
3d2a6d62,
3d918dba,
3dd05359,
3e3bdbaf,
bd0d54a2,
bb98987d,
bd0b380f,
bcf79538,
3d8f8dd5,
3e10998d,
3cc79f8c,
bcc88fec,
3dde9c0d,
bdb1eceb,
3daca1d4,
3e33cc62,
3d21e5dc,
bb3fb25d,
3d5ae727,
bc11e36d,
bc73a432,
bd8038be,
3d518904,
3db57cfd,
3d1b65ba,
3d1d4322,
3d85170d,
bca954f8,
bd99da15,
be42f5cd,
bcfb6846,
3ead3c19,
3dc5ae6c,
bc8059e8,
bf024937,
bd1a486b,
3dee7deb,
bd62b910,
bf112af9,
3d0d61d0,
3d3d2c61,
3dd33ede,
bd1b13c8,
bc0188cc,
3e3d2d5d,
bda14383,
3d70f7af,
3e0e497f,
bbd7ae52,
3d52b448,
bdffaf64,
be341a22,
bce3924c,
bdfb287a,
3d920939,
bd5643d7,
bca7b03d,
3cbf474e,
3c8dcecb,
3dca0fc4,
3e035acf,
bc93f36d,
bd8c4f23,
bd5d874f,
be4421e2,
bd8187ab,
bd01ca28,
be030362,
3d39a250,
3d3b7351,
3d850a22,
3db6d60d,
bc5ed7e7,
3d60c9ea,
bdc006cd,
bd4a43be,
3d27c76a,
bc474066,
be049fee,
bd703807,
bd471962,
3d2967d3,
3c6ce2ac,
bd8090ea,
be818aa6,
bc06c536,
bd6f5a43,
3d9aa38a,
3b47fc59,
3d0ca2c6,
bc162cc8,
be3a392a,
3c931e80,
be141126,
bc85d7e6,
be50f7bf,
bd0ad241,
3dbc8902,
be058607,
3dad9b0f,
3d5d2d4d,
3d68c155,
bd0d0438,
3cdb820c,
bd91dd9a,
3d7c7c45,
bd3e55a9,
bbf8f3dd,
3ad6ee8f,
bca85e8e,
3da0b000,
bc8b1537,
bdb4e2cd,
bd206e4d,
bd0388d6,
bd60c17c,
bd1ed01f,
3cec3416,
bd18fcb9,
bc52820e,
bd5b4c8a,
bdb09b9d,
bde2868c,
3dfa9011,
bcffe2cf,
3cdf4971,
bd342e83,
3d5be4d8,
3d2c1649,
3c02ab61,
3d03b9b9,
3cfdca76,
3c313e7c,
3da22650,
bd4e9b5c,
bc4907d1,
3c43b68e,
3e41f756,
3d29d60a,
bd213a1d,
3c91e164,
bd8ea6df,
3cced688,
bea82892,
3da65874,
3d9f8ed2,
bc926e5c,
3d20b4a1,
be0a1949,
beb97d24,
bca30818,
bc19d0c1,
bcdbef19,
bd64601f,
3d8b2fb7,
3da7e659,
bb160fcc,
bd459ee3,
3cde0e48,
bd934bc2,
bd06b52e,
3df4c401,
be856463,
3c2051af,
bde6376c,
3cb07d51,
3e0a7b7a,
bd3672c3,
bd6ba4f7,
3dbac89f,
bd8a839c,
3d7f8cd3,
3cbfffd5,
3d827803,
3d027ac4,
3d753c25,
be001e37,
bd7e965b,
bcb03ba2,
3c85dce9,
be5550fe,
be2f5ffd,
3dc4523b,
3c9a74ec,
3b80acf9,
bdd99cd2,
bebbb600,
3df1d34f,
bea84970,
3d1dae16,
bd4ae99e,
3c689f9c,
3d3f137c,
3decc223,
3da0f874,
bf069781,
3e16f7ff,
3c40fa9c,
bcb01241,
bc12789e,
bb9588d3,
3d8c2195,
3d3feab7,
3d37041b,
bdb852e7,
bdac160d,
bd23f6e3,
bee6a829,
3d115248,
3d45b02e,
bd1230d2,
3da16757,
3cc039e7,
bf5b3102,
be0d3a4d,
be1cff7b,
bd2e296e,
3d99153d,
3c9260a5,
3c8ff8c1,
3d32973c,
3daa47fe,
be02bf4a,
bdb36884,
be02a095,
3decd17b,
3d7bcd05,
3d907136,
3d16cfa3,
3e001947,
3cdca4c7,
bc94ffdc,
be4bf427,
3d27f750,
3de45917,
3ce2d6fa,
bcf6b3a1,
bd65fb9a,
3de282c2,
3d959181,
3da50927,
3d330695,
3dc46ec1,
bd5cebc9,
bca3bd85,
3cb6d097,
3d7d8eac,
3d935dc6,
3d57bcd5,
3dbbc49f,
bd2f94ae,
3e12ef90,
3cacf70f,
bcc8d0b9,
3d740358,
3de08e8f,
3e589760,
3e1bfafa,
3e20ec65,
be565987,
bd3e4ad9,
3d6bb40b,
3e8dc65b,
bc12733f,
bc08d008,
3de03e3c,
bda059fe,
3cd6727d,
3c5697dd,
3d91ca74,
3d38e3e4,
3d6c022a,
3dfe1bce,
3d622bdc,
bd1e2fa1,
3d8ac949,
bd847134,
3e2d4b56,
be0ec092,
bd37a647,
be245f25,
3d825cd6,
3d5472be,
bcc2ec6e,
be860534,
3c179a66,
3b597653,
beb53fc9,
bc1e03f7,
bca9be8b,
bd94ef3e,
bd029d41,
3d36938b,
3d018871,
bc4169f8,
bcf51a5e,
bc1b2b55,
bc8de8ec,
3c1d4b95,
3bf84e45,
3cb1ab7e,
bd58e722,
bd48b383,
3ce0750b,
bdca7923,
bd652e4b,
3d4d1fd9,
be4c5578,
bca75f80,
bc5ccd81,
bd8c0f9b,
be178d9b,
3df36dcf,
3d33c9c9,
bdb55266,
3d89cba7,
3df0e29c,
3b250533,
bc311b20,
bb4d7a9d,
bdbaa163,
3d02adc2,
3c071258,
bdbb5da7,
bcc99cd7,
3d6cea44,
bdab6b53,
bebe1bb4,
3d61f858,
3e13cdd6,
bd5e4c94,
3dc8d2dd,
bd40da83,
bcd115f8,
bd7406d0,
bf176235,
bd838461,
bd89f094,
bceb225d,
3dbba936,
bee7c83d,
be37fc46,
bd017c21,
bd9f98d6,
bd932e8b,
3d9e60fd,
3d956719,
3b9053f6,
3da20b62,
bd225804,
bf0d1401,
bdfb9a13,
3d9a1e5e,
bb47cb5b,
be0b0926,
bcebf9d9,
bdae7757,
3d533a82,
bbe0374d,
bd79ab27,
bcf110cf,
3bc91299,
3dc68c2e,
3d21322f,
bd5dd129,
bd58c376,
bd46df32,
bdd158e4,
bda7d89e,
bd2d20c8,
bd2716d5,
3c89e7b0,
be564fe0,
3c7b53be,
3d835076,
be277b45,
bc3755d8,
bdbea7af,
beb745c9,
3c36cff6,
bc817dcf,
bd419fc3,
3d3bf1c9,
bd6f552d,
bd1e6823,
3d9f2d1e,
bd0decbd,
be3ea7c2,
39fd9bcd,
bd2be490,
bd9bd895,
3b785a6f,
3dd87aae,
bced74f8,
3df77198,
3db60fd3,
bd24b869,
3cb547d6,
3c9b5be1,
bdb5a4ac,
3dc43ec3,
bdaaee75,
bc2930f1,
3b7ee853,
3ce92b5d,
bd55610b,
bd0f9cab,
3d4adb13,
bdeba236,
bc1c0031,
3d050b17,
3d1dbe62,
3ae1c329,
3d46fb06,
baa8ecf4,
3cd13125,
3e0d9327,
bd724d75,
be1e2a68,
bd7ffef1,
3caaef82,
3d8dfb15,
be138609,
3da0c8f8,
3d7d32b9,
3d680ad6,
bd7a20d0,
bd92a769,
bd99276c,
bd9c5fb3,
3dc91831,
3dda2751,
3db14095,
3cfa45f7,
3c250e22,
3e1b988d,
3d132231,
3c3bf132,
3d3cfc65,
bd3cdea0,
3ddacf90,
3d763008,
3c1e494c,
bd3309cd,
3dea2316,
bc06711e,
3ae105ea,
bce3f8b3,
bdace0c9,
bd94e5eb,
bd151cbd,
bdaa9c12,
bc8a2d35,
3d6b223d,
bd9b9394,
be268fcf,
3da317cd,
bd7a4bf1,
bd89cb0e,
3dc5e507,
bd6391c0,
3d38a144,
bd0ee883,
3bc291f6,
bc26b9c8,
3dc89145,
3ce77cf2,
bd5d42ac,
3c908faa,
3ccfd276,
3d50ea84,
bd9402e0,
3c13314b,
3d260576,
bdb949d4,
bc15c7e8,
bd04fd5d,
3dbcb910,
3df6de85,
bd2a5013,
bcb0e4fa,
3dd44626,
bd9144bc,
bb971382,
bd3aa362,
3cd19737,
bd868117,
3d80f499,
3e393c3a,
bd3a6bac,
be4ab8ac,
3d6598be,
3c05ae20,
3d5fe870,
3d6f2163,
bcc84b48,
bc04f98f,
3b518645,
3e595bdc,
baa9a72e,
be09394d,
3e80f46b,
bdf6e6fd,
bd515481,
bde222e8,
39fd4df4,
3cd7cae2,
3dcd2d3f,
3d8d197e,
bb936d45,
be2f8a06,
3d47f87a,
3d3f25e8,
bcbc1788,
be8c94f5,
3e028eb3,
bd9f2933,
3c90df66,
3d2f4b0c,
3e08272c,
bc80ca65,
3d330711,
be867e91,
bcf374fd,
be7280e7,
bd46ed90,
bde885fb,
bd088661,
3bd701c4,
bc5cf482,
3db9725b,
beea6ee0,
be683c8e,
3d9a520b,
bd01d1af,
3e0fd38f,
bcb5500e,
3e03c742,
3e8399a9,
bdd354be,
bde6985b,
3d15af67,
bcb81759,
be247322,
bd38c9c0,
bd7ddcaf,
be1ff413,
bdba80ca,
bcea8981,
bd5f99d4,
3e1e8fc6,
3d6ff08b,
bd666aeb,
3dd7a785,
3ce72472,
3dadbac4,
be4db08b,
bef7fa78,
3dcae9a8,
bb4fb80f,
3da26c77,
3df6b903,
3e87f5b4,
3e3eb97f,
3d260a30,
bd940141,
3daea7f8,
bda76a56,
3ce85737,
3d5ffb02,
3db4f452,
bc47a896,
3c458840,
3cb18f95,
3c124943,
bc1b39b8,
3de78b2e,
bcb3bf25,
be1d1db2,
3d94c2c0,
bdc78436,
3d74369e,
bcbda237,
bbf233a4,
bd5db6f5,
bcfbac33,
bd9c2cd7,
bcd9da47,
bcc441f9,
3c2a3c09,
3bc516b5,
3cb00a2f,
bca2272c,
bd724357,
b5cc02cd,
3c675834,
3de120ab,
3d482919,
3de53c2f,
3cbf06a1,
bd3035fb,
3d06e92b,
bdc871cf,
bd8ca407,
3dcae9ab,
3ced679d,
3d9ad413,
3dc3abe3,
3de2f1d2,
bdae422b,
be06cd55,
3d523d4a,
3d276a0a,
bdf5646d,
be99510e,
3cb7a543,
bd4bba08,
bd3ecf36,
3cb4cacd,
bd36a32a,
3dd6fb89,
3c89a520,
3d783932,
3db89a05,
bd37b29c,
3ddba762,
3e1d37b1,
3dcff078,
3c9def54,
bd81c728,
3cdb0dbd,
ba5b4bec,
bd5590b6,
3d9c061e,
bcbd8c8e,
bd0b9a60,
3dc58e18,
bd89355b,
bc95e37c,
3db2d9d6,
bd884e92,
bd8a03b9,
bda08852,
3c94081a,
3d49b304,
3d9952b2,
3d3c1770,
bb843920,
bcaaad8e,
bd498b74,
bda2a559,
bda92f48,
3c35539f,
bcd54a34,
bdb22287,
3e1925a2,
3d5c71d1,
3d044603,
be140e8b,
bd5cd0ff,
3d8e3c8a,
3d061b35,
3df68fd2,
3d680489,
3d851824,
bcc9a1e0,
bd857916,
bd910a68,
ba759ba3,
bae7db1b,
3d5f3d83,
bdb511e5,
3ce809ca,
3de2b09b,
be73860f,
3d3f82af,
bcfe8029,
bd5946f9,
3bb9cae7,
3d037f16,
bca3acbe,
3dbf88f5,
3d8c86dd,
bcd1eb0a,
3c49d93d,
3d98c1f5,
bd4fb7c6,
bd53ec66,
bd189f59,
bc3a297c,
3c57e940,
3de44e4e,
be377591,
be452ede,
3d1cd5ef,
3df94857,
3e07bf5e,
3d6f9bff,
3e48c4bb,
3c4c69c6,
3d82fe8c,
bd224d82,
bc4d786e,
bc6a96ac,
3e02702d,
3e1e2313,
3cd75a65,
be48f093,
3e21c867,
3d61294b,
3c9b9ecd,
3bf3cb7f,
3c47ccc8,
3d54449b,
bda2e4a1,
3d3a3b8d,
bcbdbe2c,
3d538246,
bd9fb89c,
3d9b1ff0,
bb40c502,
3dae82e2,
3d92074b,
3bd41124,
3d8cad91,
3de192dc,
3ef889b7,
be270edf,
bd26ec99,
bd3be856,
be3e5920,
3daf2956,
bd577a50,
3d7cb3b0,
3d6d09ec,
3daa38c1,
bdf365a4,
be2d12af,
3e180e21,
3e16839a,
bdce1ea7,
3e06ccf9,
bd6cd6ce,
bbbd3d63,
be4873ba,
bdf5f515,
bddbd56d,
3d48b8c4,
3d30a666,
3e11d5eb,
bbf91703,
3cc1aac5,
3d60ac60,
3d5c8a72,
3e816bfc,
3ea3400b,
3da4314a,
3c4109b6,
be53211c,
3dcee4d1,
bcc6ae25,
3e522235,
3e8d9a38,
bc9fc5ee,
3cb09b3e,
3d39af84,
3c4c25fe,
3dfc93cd,
bdae2786,
3b85f8fe,
3e0ce3a7,
3d916e3f,
bdc1f3ed,
bd84d52b,
bde54045,
bcfd928d,
3d280606,
3e7d00b9,
bdbf8911,
3c421f1f,
3e334770,
3c5ee761,
3d925f8e,
bd0271b5,
3d854b87,
3c64d313,
3d9791b5,
3c658c16,
be437527,
3d41c6a7,
3c73aa3c,
bbb4580c,
3df0bbbe,
bcdc61d0,
3d5aa423,
3cdd47e4,
bd1bc7bc,
be86c9ec,
3dd7c410,
3e9c4541,
bd12d758,
3bccf277,
be3acbbd,
3c24b099,
bd8d004a,
3e162be8,
bec56e73,
bcc8e851,
3d023557,
bd5d0087,
be03f862,
baff1c55,
3dba1dbc,
bdf8fc64,
3d3862f8,
3dbb277f,
3d874bbb,
3e29aab8,
3db98e38,
3df8cda4,
bd4c26a5,
3d9b9f3c,
be0bed64,
3ca445c0,
bdca7da4,
3de00156,
3e0203e7,
bd84d36d,
3dedafce,
bdd1ddf6,
3d30da7b,
3dee5ae2,
3cffdc9a,
3d016474,
3c66cf6d,
3cc49881,
3e075de7,
3e13e2ff,
bc8098b7,
bd2eef29,
3e050c3e,
3d4ee3d9,
bd64911f,
be9bd0fd,
bca127ce,
3d096b9f,
bdebc9a1,
3d4be9e6,
bd591919,
3a196e26,
bc6bf5fd,
3d8d6568,
be0ccf8a,
3d87a9c3,
3becdc37,
bd404e47,
3dde14f0,
bc15e2b6,
bd926a5c,
be19cef1,
bdddfad1,
3a714903,
3dfb2ac0,
3a89e094,
3dfa1f10,
bd7243f0,
be4b2573,
ba4b316c,
3cf8be48,
3de5a654,
3d9ba80c,
3d47cc62,
3e07b1fa,
be53ff37,
be13b067,
bd9ed3e4,
bd811f85,
be379cef,
3dc95922,
3da7fde7,
bd5d19b1,
3ddd5950,
3d22c501,
bba970a7,
bcf3fe55,
bddca2f4,
bd73f471,
3e5f44e8,
be124aa6,
3e1a6a8f,
3df6ae8b,
3d32beb4,
3e33056b,
3d647d28,
3e83d3a6,
3e39bca2,
3e6094b2,
bb8303ab,
bdcc55c8,
bd003991,
bdb5ad7e,
3e0bfa97,
3db8df45,
be8c0ed2,
3d59d8d7,
3e60d476,
be571a40,
be2ecc1b,
3d81b1a1,
bbde8b3b,
bd93e6d9,
3c83168b,
3c8370e3,
bd5d6d3e,
3e05a89e,
be8f8b20,
be972891,
3df023a9,
3cc4fe8d,
bce084d0,
3cc8c785,
bcf19a1c,
bd3e37e9,
bdf1f892,
be41ba18,
be2c4404,
3d86e655,
bdbb00c2,
3e3ccf9e,
3b1bf0e2,
bdf26970,
bca609e5,
3dd833a7,
bdd8498b,
bdde739d,
bdb5bb98,
3d1c1f8e,
bd5e8baf,
bcada45e,
bda292a6,
3e42465a,
3e6ae6a6,
3e11fce6,
3deb70eb,
3e114521,
3e7edac1,
3e2609ff,
3ea4556d,
3df1759c,
3da1facf,
3c8ab8a0,
3c88ce15,
3c84636c,
3d5cde25,
bd216db9,
be2eaa1d,
3e62e659,
3e12ab85,
3d7a7e89,
3cab07d6,
be2c3aaf,
3b19bdac,
3dbcbc06,
bd3b4ccd,
3db63312,
3c8bfaaa,
3d8eeca2,
3e1a79c4,
bc1e5139,
3e1a6ad2,
3dc4df55,
be88947d,
bcfed2c4,
bd6e7ff3,
bda8e1ed,
3dca800e,
3d1dcba8,
bd7440d2,
3d3e7297,
bc9de380,
be14c0c4,
3d46063f,
3d2c548a,
3e4c6756,
3d8e15b2,
3d6e0f0c,
beb91e9c,
be9c5215,
bd3fb900,
bc63c542,
bdb2d679,
bd53724b,
be51160e,
3dad90f6,
bc94b792,
bd4b54e3,
be2cbfd8,
3c99867f,
bd28335b,
bc302542,
3d45898a,
bd36c5c7,
bda720aa,
3beadb2b,
3d4af968,
3dab2141,
3d84b278,
be3a38f4,
bd5d23e8,
bd80f103,
3df3ce08,
3d063422,
bc0c1019,
bdc2cd49,
bd882aa7,
bd3e4512,
3d356f00,
3db941a5,
3de632db,
be16719d,
bd3a0e0b,
3d91375b,
bcc1aa4f,
bb439393,
3d802bd1,
bd31e4bf,
bd4b33bd,
be08d0e4,
bd92be0f,
bcdc5ba6,
bd200b89,
3d698c36,
bd9b72e8,
3d617c9d,
3cbe6fb2,
3d4cdd2b,
3de4b458,
bdbbb7d6,
bd91b123,
3d99f74c,
bdc4dac4,
bd828555,
3de0f7ab,
bc496d3c,
bd781a89,
be16db5b,
3dc48f32,
bd8fe927,
bcd2cd22,
3d7e965e,
bd1ec36a,
bc8bea5f,
3d89814f,
3cebd6ee,
bd8284d1,
bf0f3ff1,
bb487275,
bd856e84,
bab8dad2,
bdab3ddf,
3d679161,
3e305b0c,
bbe3276d,
3cb3e66c,
bd392f9c,
3dcf7817,
b9e1c62e,
bdcf3735,
bdec6ec5,
3baba890,
be942e65,
bc2538df,
bd823075,
3c22b9be,
3d654e71,
3cf9a543,
bc9b7978,
3dbbf861,
bd807952,
bd2afb5c,
3d9e2965,
3ce85006,
bcba9e7c,
bd9206ef,
bce291eb,
bdb43ab6,
bce09704,
be5b25f6,
bd850c98,
3d300660,
3bdc3d83,
3d5374a4,
bdb92ff2,
bd27d765,
3d3ce0c1,
3d305d0a,
be3366b1,
bdefb4ae,
be0dac21,
3e00e6b1,
3cbe1376,
bcd224c0,
3db153cd,
bcef5f84,
bdbe8aad,
bc580b65,
bd46da55,
3dc7295d,
3e087eec,
3e173992,
3d3b5305,
3c607f26,
3da8d3d3,
3c9ac3eb,
3da9b630,
3c2f7c44,
bb389a91,
3dbc6690,
3caf86ec,
3d81c9ea,
be4d4eb2,
3d300683,
3db43eb4,
be662ab2,
bbc88d0d,
3c4303eb,
3c31fa99,
3d03ebb0,
bb789756,
3d978bf7,
bbf6d02b,
bc30dabe,
bd92b3fd,
3dac7e6f,
3da7ba67,
be143706,
bcfb0eca,
3d92a7a1,
3d2759b3,
bd166ed2,
be14db3d,
bc43af8d,
bd9f93a3,
bd5e35ce,
bd388092,
3d106055,
bc2a834c,
bc973a1e,
bd24a45a,
3d68a4ba,
bcb18d36,
3b9459ea,
bbe68fc1,
bcd52f01,
bd81d806,
be223ba4,
bc839a09,
bcef07e0,
3c47db6c,
3dbb8f25,
3aa9cdc4,
be11b46f,
bd32bcb1,
3d98195c,
3dc72da2,
3d3c4f41,
3d6a1641,
3d11ce9f,
bd9f9786,
3d9194a1,
3d830f61,
3d00e29c,
3d148eab,
be8ef1e0,
bb956745,
bdd5abf1,
bdd4ef11,
bd519c07,
be078117,
3cc6dc1d,
3d81817c,
bc853660,
3d48496b,
3bbfbc59,
be100536,
bd9e1593,
3d394688,
bddc332f,
bde88d67,
bd03fefb,
bdb96e69,
3d9e3088,
3b97dd2c,
bccdc423,
bcd66dab,
3da10861,
3dedac36,
3dbdb2dd,
bcef4644,
bd71ce92,
3d885e8b,
3dbb3a3c,
3be6a4e5,
3d5ca5de,
3d3feba3,
bd04e862,
bc4c364f,
bdb3afa2,
3d326b2c,
3d2c15fb,
bcf3d301,
3d8e0724,
bc22d329,
bd7097e6,
3d3b42c1,
3d2fce3c,
3be92f44,
bcd975a2,
3e6bc44d,
3c6a8108,
be9808fd,
bd7c8819,
be81f4d9,
3c3b0834,
3d31b57f,
3d7ca83f,
bdd722a9,
3d73024e,
3c7b19fd,
bd9fa19b,
3de222dd,
3d5577df,
bd6ba60e,
3e3979dd,
bbf0b8ba,
bee6d94e,
bc5d1cd1,
3d2a3850,
beae6027,
bde44b5e,
bd471dc6,
bdf49c4e,
3d58de08,
bb55c498,
bd2bcc74,
bd17c8e7,
3d1678a8,
3e125f42,
bd426e92,
bde45c44,
3d285168,
bd3ba207,
3da6e2dc,
3d9138ff,
bd91c0ac,
3e089c16,
3dcafce5,
bcddb99a,
3c60159f,
bdc1b16a,
bdd77788,
baf00891,
be3acbc5,
ba0695b1,
3cfcee0d,
bd8b276d,
3d5187e5,
be092334,
3db0a051,
bc1ce82e,
bdebde5d,
bd95857f,
3c6506c0,
bd28d51e,
3dc73506,
3dd64bb0,
3ab1f688,
be9291e9,
3ce81a25,
3d663442,
be06d60a,
bcda34d5,
bc0964ee,
3ce3df73,
3d6fef57,
3d64fe2c,
bd8b9641,
bdc39ae1,
bd64292d,
3ccb23d5,
bde71475,
3d32d7de,
3da39bcd,
bcab7f0a,
bd7c3590,
bd0dbad1,
3c65c0e5,
3d4584e2,
bdb33405,
3c1e8897,
3decf7d1,
3deb7438,
3d0e18ca,
bd15cbb7,
3d3ffa61,
3d940d8c,
3dbf28e0,
3d042dda,
3d9a2ff1,
b9e1f3d0,
3c4eebcb,
bdd19e8b,
3c5ec66a,
3df4b5b9,
bdb1b6ec,
bd058164,
be04fc2e,
bd81c804,
bd67ae70,
3b4c0780,
3e05ed30,
bcaeed53,
3cba6c83,
3d54148d,
bbb3ec81,
bd4bbff2,
3d03c661,
be8e56fa,
baaf78a9,
bcc209e6,
bdb54afa,
3d7bcbf1,
be40f73b,
bd9f3357,
bd5ebfb4,
3d0e396f,
bcc0adc0,
3ca4f35a,
3d098fb9,
bdbaac99,
bdb2d88d,
3cbc079e,
3d30b42d,
bda94100,
3d9a8d9c,
bda96173,
bc0e9442,
bd0cf039,
3ded521a,
bd87445d,
3de11837,
bc6a2aec,
3c4b912e,
bd141b28,
3d82b785,
3cfca5f3,
be0fadc5,
3bb3a8fa,
bddd59f2,
bd34af6f,
bbf6f1a4,
be05d0b7,
3da36b52,
3dce3378,
bcd86770,
bde423f9,
be14085e,
bdaf7d8f,
bda93538,
ba14538a,
be19513f,
3dcc284e,
3c4f66c6,
3ded1f86,
3cd9b5b4,
bea53cf5,
3d08dfd3,
3af50901,
3d63d18e,
3cf3c2b5,
3d478286,
bd28f9b9,
3d05e5bd,
3d9b28f7,
3d526007,
3d2ef404,
3d477d22,
3cf952c7,
bb60ce37,
3d3a95e3,
be3a4a8a,
3d2b6e63,
bd862547,
bc506259,
3d2fc738,
be8e6d25,
bc2cc94c,
3cf644cb,
3d454d06,
bb8a99cc,
bd70d4ff,
bd380cfd,
bd32c359,
bcc2f1fd,
3dbbb1f9,
bddc93a0,
bd27fb6f,
bd6c540e,
bc8ab31c,
3d820939,
bae0876a,
be0c3e77,
bd084fe5,
3defb162,
3d934724,
bdbae9d2,
3d8b7f2f,
3de46318,
bdaeb029,
3d4dd94a,
bb47c44f,
3de6002d,
bc6f42ae,
bf3f4836,
bd278b04,
3d80933e,
3ccf7c65,
bd7dbcf7,
be9b4eba,
bdd3ea3b,
3d7fc3a2,
3d03cdf8,
bd28b373,
3d2b3c7f,
3c72bccb,
3c275ba4,
bd792f71,
bde2b6ea,
bcd6dc45,
3d63ad4c,
be18d458,
bd9d19d9,
bce429f1,
bda552c0,
bd7fdec8,
bdb6ddf9,
bcd6d661,
3ce12c8b,
bd017335,
3daf0837,
3d9f5220,
bb22265b,
bd10aecf,
bc586af0,
3d87a607,
3d18c30a,
3cd05202,
bcb2c55f,
3ce50390,
3d9c3d48,
bcb59c8f,
3cdda2ce,
bd0a1cd7,
3dacd650,
3cac1882,
3d9448e0,
bd3e807c,
bdc9d831,
bc119492,
3d6f9b1b,
bd58c99b,
bc9d1920,
bd40c646,
3cbd1092,
bd0d78e7,
bc57d89a,
bddf1318,
bc2526a0,
bde771e6,
3d11b748,
3d516fe2,
bd4539c9,
bd517a9c,
bd3a33de,
3dbe1f30,
3d8b9295,
bc831b73,
bd253620,
3bee0501,
3e59f7b6,
3d563d41,
bdc5ecfa,
bd62b0ed,
3c7eb258,
be55e24f,
bd26342c,
bd1e594f,
bdcb22af,
3d3a2d73,
3d7425dd,
3bd103a9,
3d3107b5,
3d557db1,
3d89b4f4,
ba159858,
3dc960ac,
bd0a478a,
3d920976,
bd29989d,
3c26f2d3,
3e79fb91,
3d1425f7,
3e77827e,
3d17d97e,
bc5b6435,
bb5dec2f,
bcc18586,
3d2918a3,
bbeeda3e,
bbe22209,
bd980584,
bb1845dd,
bc7b5d23,
bd924d59,
3d5e6045,
bd1667fc,
3e02445a,
3d684089,
3d0b3263,
3dddd69c,
3e62b336,
bbb835e7,
be2880ed,
be72a445,
3d98480e,
3d69c957,
3d35be83,
bddcb9cf,
3df5ad64,
bdd18c15,
3e851fd1,
3d9c1a83,
bc8d2491,
bc343a5a,
3d8c38bc,
3d3c9f3d,
be06380b,
3dc29e5d,
bead3917,
3d52faf4,
be428784,
3de2d4ae,
3de13f30,
3da9e5ba,
3caef805,
bdc3cd63,
3e872df2,
bd3f3fdc,
bddbf308,
3b96b87e,
bc9e7830,
bca07e85,
bea59ff5,
bd262f97,
bdac448e,
3e1424eb,
bcce0e5b,
be553d5d,
3aa89dc3,
bde89fd3,
3e368d89,
3badb977,
bd45027e,
bb7753df,
ba627601,
bdd94ddb,
3dc39904,
bb803b24,
3d4e2bdd,
3ca2737d,
be329cdd,
bdd20b58,
beccd0a2,
3d9bcaff,
3ce00198,
bccb624f,
3c8f8c80,
bd256c7e,
3dd35eb2,
3ddb9f27,
bd84f9b5,
3de100d3,
be3141b1,
bd6d92d8,
3e4812d4,
3e0d3498,
3ded76da,
be350273,
3da6c785,
3af28cd0,
bd972107,
3e19b6be,
be21fea4,
3d9c4e8a,
3d59fe71,
3d5ff040,
bd608701,
bba37b70,
be08f9f8,
3dc306ce,
bd9cbe31,
3e03ccc2,
3deb5bc8,
3c9596cb,
3dbdad6a,
3d695d01,
be18f207,
3d9d88fc,
b9734507,
3d9a6fd8,
3e0381ce,
3d8fa837,
3deede1a,
3d5e4515,
3e39446e,
bda7a2ea,
3cdc5fdd,
3cacfa74,
3d94a475,
be261af5,
be8d2e1c,
bdad4603,
3c1c3c4c,
bd07ba13,
bc344166,
bd217858,
3b0ed647,
bda059f2,
bd3ef07e,
3c883a7c,
bcdc7cd9,
bd8911c3,
bbd3d53f,
bd7144f4,
be4307f3,
bd9985fa,
bd9baf17,
3e087bee,
bd2cb7cf,
bd805df0,
bd9798e9,
bcf5c8ca,
beceff6e,
3d6b364c,
3d3c4d61,
be2c5fcb,
bd525cca,
bed9a5ed,
bad71a84,
bd2e0c9e,
bdc9fe4f,
3d6862db,
3d291573,
bdc19dfd,
bd3d8cc6,
3d108370,
3d267e7f,
bc209c22,
3da1626f,
3ba886b2,
3dddfd63,
bd834924,
bc1ebaec,
3cee59e0,
bcdbb9af,
3db289cd,
bcd5c29a,
bd5aa0f6,
3d999210,
bd0f3740,
bc03c0ea,
3db36c93,
bd186f85,
3a9777d6,
3cd45a6b,
3d73fdb3,
bd20b6ef,
3cc9d160,
bd3ca81f,
bc94d361,
3d8ab997,
3d0156aa,
bca88f6b,
be514b08,
3cd775c3,
3dbd6020,
3c4ac7cf,
bdbe2bd9,
3d70e835,
3d181a99,
3d663e8b,
3ccdf048,
be9c42b0,
3d8b1099,
3d139c8d,
bd93bf88,
3be20503,
3d9abd42,
bd3ae0bf,
bcddec6a,
bee9f492,
3e017fc6,
3cdc696d,
3de0b62f,
bd10322a,
be4a427b,
3db597b3,
bb4ee0a3,
3b9a5541,
3ca61030,
be10ed5e,
3c164f17,
3da3a315,
bd86240c,
bb317f14,
be5c41cc,
bb9e0361,
3dc893f6,
3e0a0acf,
3d88e62e,
bd9b1af9,
3d7b6f6a,
3da34b03,
3d964ee1,
3d71dcb4,
3e017ee9,
3d128b7e,
3e2cd692,
bc544ab0,
bdbfb3b5,
bd61fef6,
3c8a2e77,
bda36fa5,
bd4043a2,
3c8f7d10,
3dcd7721,
3c8984df,
3ca5feb8,
be60cee8,
bcb686b5,
3ddef360,
bd9898b4,
3db69fd2,
3d864e72,
3e17b8a5,
3def7627,
bcc0c679,
be12311c,
badaa92e,
3eab7073,
bde691ae,
bc887e13,
3da0c9e1,
bcc499e8,
3d97523e,
bdb0f1cf,
be52a149,
3bc35a48,
3c2c6e88,
3cbc61c0,
3d3c498d,
bda89d82,
bc1577b6,
bdba24b6,
be502483,
3dbf41c4,
bddbc014,
3c49363f,
bd72f921,
be1e2132,
bc5c56f9,
3d9fbf56,
3d823646,
be0b7875,
bd3c5d61,
bd9888c1,
bda7eff0,
3da63345,
3ca0cc59,
be3076e1,
bcd640cf,
3d747085,
be1a35b9,
bc9daecd,
bd03f314,
3d0aeb1b,
3d30a592,
3e12da96,
ba93fefb,
be04a062,
bbd0773c,
3db3f8f2,
bce92a10,
bd478159,
3c4c3929,
3dabc0c5,
bdea0b12,
be721cb5,
3d123872,
3ddfb77e,
3c3046c5,
ba96acd5,
bddd1fbb,
bd42c6ef,
3de69755,
3d09af6e,
bc9a41aa,
3d8a075f,
3d0ad256,
3d4e4469,
3da3770a,
3cf111cb,
3de36ccc,
3bb395c4,
be51dfd0,
3dbc5d41,
3dc34759,
be19bf42,
bda311b1,
3d1c9e09,
bb5f2290,
bcc7eda5,
3bc57e64,
bc8bcb40,
3d5c5ad2,
3d68618e,
3c9ae03b,
3d8c3c32,
3d02f14c,
bc99e94b,
3d094249,
3d9f664f,
3b9f83e9,
bd3cf792,
3d67ab58,
3c8667be,
bd97c874,
bcb9f3d2,
bdc1cccb,
3d7c4164,
3c140f57,
3e0debc6,
3cdd6f17,
bb772236,
3d69c904,
3db027d9,
3d06e852,
3bda911b,
3d8c47f3,
be02d98e,
3dab8018,
3ca99321,
3db5da31,
bc771a3e,
3e00e560,
be030100,
bcc88a08,
bb833c75,
3d5dec52,
3d82787a,
3d7915be,
3d6f875a,
bdabe6ad,
3e0f07ad,
bd502415,
3d392109,
3da60693,
bdcfb25e,
bda48cad,
bd4ba7b4,
bd523864,
bd80897d,
be1bee84,
3c76f6e2,
bc57116a,
3ccc3d25,
3d712930,
3b9c6a03,
3ce7ee71,
be1eb404,
3d7cecdb,
3e0d91dc,
bd978917,
3df44a22,
3e3a1364,
bd7e5726,
3d509e10,
be3d31d9,
bd5d157d,
bd07f9cf,
3c74124c,
3db16dad,
bce16017,
3d6b4206,
3d91540a,
bc0654ee,
3ce4106b,
bd88d357,
3e8f9a59,
3dbfbadf,
ba3ad325,
3e4c561b,
3debace9,
3db1ea9e,
3e35fc1f,
3dabecf5,
3e00374e,
3e003758,
bdf0a8f8,
3e32bf9a,
3e31aa4c,
3e37208d,
3e031e1d,
3dca11a0,
bdcd2025,
3cde4c56,
3e0789ae,
bcd8769f,
3e31ecbe,
bdc3cb71,
bd529e1d,
3d8feda6,
bceb963c,
bd821d80,
bdb0bdbb,
3e783299,
bdf05bb7,
baea605c,
3e083d1a,
3e0e9412,
bea024ef,
bdc0ade3,
3e11f71d,
bd91c708,
3d92b539,
3df2611f,
be37296c,
3d346ad4,
bdad1f5f,
be5a73f7,
3cedc2f1,
3e14c184,
3db808f8,
bf41060a,
bb73963a,
3d12b013,
be331a68,
3e23e3af,
bb703b67,
bde6e06e,
3c9e349e,
3d80da86,
3d71a74a,
be708383,
becc841d,
3ecacba6,
bc87a286,
bd5a1339,
bcc85c30,
bd3aa575,
3d90108f,
3e6037e1,
3dfdb24b,
3e3e00c5,
bd82b4b4,
3cf54430,
3d0146f2,
3cf58f99,
3e00919d,
bcd32a95,
bad96308,
3e56630a,
bc2daa5d,
3e5522a0,
3d3c4362,
bd92303e,
be6355eb,
3dac8e4f,
3c4bb2a6,
3d6d693a,
be4c9ff9,
3dc47423,
3d0f22f3,
3e44cf0d,
3caf6299,
3bc31dcc,
bd0ee3b0,
3cafe093,
3e14e2ff,
be00360b,
bd47e369,
3c62ca25,
3df9b020,
3d472350,
3e2e3da5,
bc374978,
3d7e4954,
3d56ea90,
3d3299f1,
3b8186be,
bd9d2331,
3c9bfb7e,
bd8124c3,
3d2154ac,
bcef046a,
3db21af1,
be0cd752,
bd88f995,
3d0c92f9,
3d7b1720,
be492f8e,
bd3a3919,
3b0a1b4c,
3c9b3c92,
beaf8a98,
bd7b5a9a,
3dadde65,
bb799b0c,
bda5a149,
be900df8,
3cd8bb28,
3da590a2,
3dae5e1c,
bba7af9c,
3c97f7e4,
3abca085,
bd0119f4,
3cbbe996,
bcf0c1f5,
bdc17282,
bbe35cc7,
bd704552,
3d4ed794,
3d3e11f1,
3d9f060e,
bdd527fb,
3d8956ae,
3da21a59,
3c26ee21,
3cf03ad1,
bdacbba5,
3bd2c103,
bb31158c,
bda4ee11,
3db3e641,
3dd71393,
3d847adb,
3e6c538a,
3db54f5c,
3d650322,
3d82a2f0,
bd190fdc,
bb13d910,
3d90dac8,
bdc1f0c1,
bd2ac1c0,
bd5e3fc4,
3dcff0a3,
bd1e4b7d,
bd1e9473,
3d8553d1,
be0404f0,
3d8897af,
3d512e23,
3d1969e1,
3e058bef,
3d1fc171,
bf0f7ba3,
3d163147,
3e47c87a,
3ad2ad0c,
3bc19272,
bdde8eba,
b9a83a71,
3db32f12,
bcd31da4,
bf02e0c1,
3deadf6e,
3e234b25,
3db138f9,
3d1527e5,
baabcc77,
3d303021,
bacd753e,
bd2d934e,
3dbe467d,
bb314b92,
3dddef40,
be2b333f,
bcc9cee6,
bd4ced0b,
be315486,
3d0a20a5,
3db9ea6d,
3a9ac513,
bcf69df7,
3df269a3,
bd158ef0,
3b0d9758,
bdfa13b1,
bd694a7c,
bd8f545c,
bd7a43e9,
bd8324ce,
3dd83053,
be45cc92,
3ba80aa1,
3e4490a3,
bb351fb2,
3c4d1405,
3c8d241b,
bd664b20,
bd0e3471,
bd95fcca,
bcaf2e77,
3dd52f9b,
bdeecf91,
be0ecc2d,
3babf897,
3da0231b,
bc1e9750,
bd97d323,
beb2866e,
bd954a6b,
3e0039ae,
3d830c46,
3d1f0d2e,
bd5b8c9e,
3b2bfb9c,
be26428b,
bd07a6d6,
be302895,
3d8fb737,
bdfaa6be,
bd8da152,
bc805082,
bc52f9e3,
3d491b1a,
3cebfb36,
3d125357,
3d819df1,
be1f1a36,
bd71b039,
bd45806d,
bd3d206f,
bc94c854,
3d225626,
bc0f1029,
3d77dfc0,
3ce50ee3,
bc085a97,
3d21a3b1,
3d6539c3,
bd097e1b,
3df9133f,
3cb346df,
bd33f327,
3d2ec893,
bd7fcd17,
be5131c9,
be634860,
3d408648,
3cff04c8,
bd9a2351,
bd9935b8,
bdf3d9af,
3d478e97,
3d80c5c3,
bc3136af,
3d9b5dde,
3ccca2b0,
3d9b7619,
3ddcabd5,
bced1994,
bd010f7f,
3cefc02c,
3d92f29e,
3c949d0b,
3d541ed3,
bd0c9e51,
bca183d4,
beb359a9,
bc9b9344,
3d8137cd,
bc84d2fe,
3db7dd85,
bc8d8356,
bec9a2f1,
bd7780ad,
3d49084f,
3d0883e5,
3d82853f,
3d3d445e,
bd92e2e2,
3dadcabd,
be23876e,
bd7041da,
be31d174,
bd1345d3,
3df27894,
bd857168,
3ce0752b,
3d44a584,
3d6fdfef,
3b87ed4a,
bdbf31ce,
bd1c592a,
3d0702e4,
3d635ecd,
3d469682,
3d348873,
3e1148ae,
39b02a80,
bc1de79d,
bd9133ea,
bbae8107,
bd8bccdc,
3dca3f77,
be515c94,
bd39a743,
bcf6ce33,
bd73c8d0,
3b80b59d,
be141088,
be28c8ca,
3cd2b3fd,
bea54af0,
bd6dbaf1,
3d646d05,
bd8bdb6e,
3dac7ec2,
3e0ae079,
3d45ae60,
bf32c23a,
3dc3ef33,
bd269c37,
3cbdf219,
3d9e6576,
bc92a722,
bd149e12,
3de4dc35,
3d14801f,
bd8169a3,
bdee8d2e,
bd6d97db,
bf24a626,
bd2f4b2f,
bbcebab9,
3d745361,
bba91b17,
bc1c5739,
bfa6c251,
bdfbc88a,
be495853,
bd822e61,
3c83cd90,
bc7b6856,
3d1956d1,
3b845e5f,
3cfc6d59,
3c060f84,
bdbdf915,
bd560471,
3df25702,
bde49585,
3d874588,
3bbc0428,
3d98c11f,
3d9fbc40,
3cba4e85,
be7f4ad6,
3d9e2ec5,
3da74971,
bcb4ee84,
bcbb3535,
bbc5a34d,
bbf6638a,
bcfeff09,
bcd37873,
bd428754,
3ce39e4b,
3d5443e5,
3ced8b79,
3cbd2e49,
bd25f321,
bda16237,
3d8e36a0,
3dcd81a6,
3dea90c3,
3e36e351,
3df5ddc5,
3d2f14be,
bb903126,
bc5114db,
bd762d81,
3dc2f00b,
3e11d413,
bde0ec2a,
3e09ae58,
3e22f3ca,
3dd405b4,
be31801b,
bc92a016,
3e096f24,
bdc91c7d,
39980875,
3dbe3389,
3d977f9e,
3d973f53,
3d630b45,
be0a602f,
3d8735e8,
3db38ff1,
3d71dca1,
be16e26f,
3dac5827,
3dc022cf,
3c92b69c,
3d20b425,
bd4dfa2c,
3d911870,
3e2ebd94,
be3646d6,
be1dce07,
3d93b951,
beaef65c,
3dab3d5c,
bd373081,
ba2b9b7a,
3a85e0d5,
bceec997,
bd3beea9,
3ccb6132,
bd90174b,
bd5b4d9c,
3d8e510a,
bd3ac1d3,
3d60e04d,
3d4de157,
bd7037c1,
bd8ee09d,
3de108c5,
bcb2884e,
bc0e13f5,
bcd49b48,
bd4b0661,
bd6e1dcd,
bcb6311a,
3d50b7b3,
bcce4111,
3dcea12b,
3d71d93e,
be2475af,
3dae5a33,
3da1be72,
bdbe4135,
3c99a090,
3d729ef1,
bdce059a,
bce87433,
3d97dfbe,
3c3f2af9,
3d7f5f64,
3cefbffc,
3da66009,
be859504,
3dfef2ea,
3e1fce57,
bd87a7fe,
3db1c79d,
bd25fb67,
bc982820,
bd735245,
bf970485,
3d921a9b,
bc2bda79,
bdd1bd77,
3d8f1ca2,
be96e820,
bdf20f53,
3d4ddb50,
3d7149cc,
3d3cc9aa,
bbb8f0a2,
bd1b8628,
3d9702c2,
3cc623bb,
bde49934,
bee997bf,
bd316a99,
3d91d8bb,
3db4f581,
3c202671,
be0157c2,
bde18854,
3d45f2d6,
bd7d46ba,
bd64377a,
3dbb790e,
3b0e028d,
3d779a3e,
bd9f5430,
bc7355d8,
be0fd82a,
bc8e4d50,
be21562e,
3d9118a0,
bd5b16c7,
bcbfc8d8,
3ccec890,
bf02ef0a,
bce7df98,
bda04708,
bdad44d6,
bd41a56f,
3d36d597,
bed59733,
3d6a165c,
bd87d148,
bdcc35a0,
3d23a544,
bdd1a4d1,
3ca4ba2f,
3dcc7bcf,
bdc312d9,
be34641d,
3e25fc23,
3d56fc5e,
3ca4895c,
3cce61b2,
3e0f0510,
3d0056d2,
3c5885c8,
bca9220d,
bd7f111a,
3cf096fc,
3c9f0f14,
bd82da76,
3dec2d7c,
bc9a8a60,
3d1f6459,
bd529f4f,
bd9a6dc8,
be0a1bf5,
bdcb6154,
3d0c920a,
be0fe41e,
3d97a31d,
bd306c84,
3cdbb41b,
3c6a3919,
3da626fd,
baecdc8d,
3e8215f8,
3d239a06,
3ce5fd0f,
bd3cb1ac,
bc28f827,
3cd81047,
3d89aeb1,
bdaf3bc0,
bb235b0e,
3dc3df60,
3c3ef3fc,
bca9ec1d,
bb708e1d,
bd0b2f28,
bddb4b6f,
bb027ef6,
3ca5686f,
3bb924e5,
3da866bc,
bb86a7cf,
3e328ce0,
bd146c41,
bd47cf1f,
3d2d67aa,
3d6f0da5,
bcd8e3c7,
3a528c7f,
3d41b438,
bb49b744,
3ddb4940,
be2a28ec,
3b1f1de8,
3c3386d6,
be0f5d9b,
bdb6b411,
bd2fc159,
3bf50db4,
bdb44b74,
3daa7299,
3d2d344e,
bcd6598e,
bde37bdb,
bd4902db,
bdff89ac,
3cbeb450,
bd3391c5,
3d4ee411,
bd143897,
bd3179d0,
bd187603,
3d87e878,
bcf3ae43,
3d986765,
bd4ec568,
3dba0062,
bb23a6e4,
3d7eca9e,
3c6bb439,
3cedc1f0,
3cd50032,
bde169b1,
3cd1bcf7,
bd5fff2c,
3d8182e5,
3d916f2f,
bd654af8,
3daba9ed,
bd1424f8,
bd8b3038,
bd56b277,
3dbbd9ca,
be055e9b,
bcf5b513,
3d8c3869,
3de88fad,
be830112,
3d5415f4,
3ca6f00f,
3df4170e,
3c9c95a8,
bd9ecba3,
bd4f173f,
bd18a459,
3e23af31,
3d1ece01,
bc4ed317,
3e3b3581,
be3bfce4,
bdd4c7b4,
3c3e05ea,
bdd1ec55,
bd5f9b9c,
3e0aae61,
3dfe665a,
3d87a4d8,
bdafd035,
3cdb3271,
bbb497b7,
3d170d88,
be7b0050,
3e0a117f,
bcb450aa,
3c52e58b,
3cb3a1c3,
3dc7ce1a,
bdbcb3f0,
3d9e855f,
be3a5586,
3de8db8e,
be9d7943,
bde8749f,
bd90b2ca,
3d27c2f0,
3da89c74,
bdbe269d,
bd85d7f7,
beb06247,
be0fb53f,
3e4470cf,
beef9dc4,
3d43f726,
3c60626b,
3df1c865,
3e5833e9,
3d12b7ab,
beb7d75c,
bd788575,
bce283e3,
be6b72b9,
bd0552c8,
be20797a,
bd87b093,
bd5f3d75,
3dd8da09,
bcf2457d,
bcdb539e,
bb987064,
bd32f332,
bde6dafe,
3d06d918,
bd2ccb3d,
bd05cdd8,
bf06436b,
3c16d71d,
bd4d9019,
3d8c2341,
3decd26c,
3e2b5f08,
3e54339e,
bc722790,
bd81511d,
bcfd4184,
3d865048,
3cedd236,
3d8a0118,
bd15ccf9,
3bd1b33c,
bd2fbc3e,
3da9f23e,
bd394739,
bc5c77e6,
bd004f86,
bcbb9674,
3d8c381e,
3d759e5d,
be0d518b,
3d9c1b34,
3d983879,
bcc066cd,
bcff66b8,
3d9427f9,
bd2f0437,
bdf33e5b,
bc2c10d5,
bd9e675d,
3ce8fadb,
3e49bc2d,
3c44f740,
bd94f3c0,
3cc769cc,
bc37ba6c,
3ddc4e60,
3e2ccdc5,
3d5c4876,
bdb6b36a,
3d8914fd,
bd239795,
bd1a3e32,
bdaaa3b2,
3cd6b690,
3c92174a,
bccb7f15,
3d84484c,
3e2687d1,
bd51385f,
bd639fa5,
bd835246,
3d98a38b,
bd2c8ac0,
be60bd6b,
3d02f9bd,
bc982291,
3b109437,
3d346f6b,
bc8ca5c6,
3d3699dd,
3dfb9c3c,
bcf4ee2e,
3cd2877c,
3d4fbbe2,
3d20bfee,
3e371e5b,
3e859259,
3d9b85d1,
3d82c54f,
3d00633a,
bc2e1c9e,
bd85fbdd,
3d974feb,
3db01d8f,
bdd57236,
bdae74e0,
3c9d0366,
bc03ecca,
3e0690a1,
3d9e3ea2,
bc959d10,
bd099c6e,
3d491225,
bdd33be7,
bd47c88e,
bd0796d3,
babb651b,
bd81f34c,
be1a086a,
bd234280,
be1cccd9,
3d0fb120,
bcd44f63,
bd8e0fee,
bd87a53e,
bd448d8b,
3c804580,
bda2e7d9,
bceaab65,
bd64a4fe,
3dd85535,
3d525e97,
bd43ddd6,
3bb2c590,
3dbe647a,
bd6ce457,
bdb94601,
3d34ec99,
bd9be239,
3e417ab1,
bdd8a09a,
3df68960,
3d4ad5ac,
be8b1476,
3d691a99,
3d4a4f29,
bd07b711,
3da11a4e,
3ad6e326,
3dd85925,
bc8ebc76,
3c490a15,
bd59ab3d,
3d3b8dd0,
3c8b8707,
3c119427,
bdba07a9,
bda22d96,
3c12d2e1,
3cde3ec5,
3dd6e4f3,
bd45f146,
be3e087d,
bdbad624,
3e05da7b,
3d603639,
3e0a74d7,
3df6c855,
3dcf84a0,
3e41a9fd,
bd3a4b8b,
3bc96fb6,
bcebf3d4,
3dc26a92,
3dd84207,
3cf655b8,
bd7d8a6f,
3e5e76e3,
3e285358,
3db21e00,
3d1768ad,
be0b59d0,
3d504314,
bd93a1cb,
3b2b641c,
be315ac5,
3d6bdcb5,
3cbce355,
bd4e886c,
bd090c26,
3c8e4538,
3e04c374,
bd30fd10,
3ad01806,
bde37ff3,
3eae15a0,
bd316007,
3cbc7b2b,
bdbf9d38,
be37f151,
3d233198,
3d3adb46,
3d3e9a6d,
3c164d09,
3dd6b1ad,
bcec8abd,
be3ea78c,
3d49881f,
3d1e31df,
3dc7c06f,
3e2cba80,
be3cc66e,
3d2989f5,
bdecc21c,
bdbab0cd,
bd8756a4,
bdd4e45e,
bb9b3611,
3d88d3ff,
bd3245d0,
3d9c4299,
3d9581fe,
bd97ec1e,
3de46595,
3e66c29f,
3ddad03c,
3d019e00,
be1ad304,
3e2f2a71,
bbd835b7,
3e039937,
3e316a7f,
be1eb6ae,
bb33146a,
bd04aa7c,
3d69d2af,
3e2bb71d,
3dc5781a,
3d5c9fab,
3b4642c5,
3cbeb2de,
bd50e797,
be5f473c,
bd4931e3,
bbab728a,
3d9cbec6,
3e740bfd,
3c778b52,
bd076f60,
3d6b3576,
bd5ee484,
3dcf6dd1,
3cdfc715,
3d37eade,
3d8f1d15,
3dc9ac58,
bde40b9a,
be117812,
3c5a48d7,
bd6ea2a3,
bd5cd4d2,
3d504d1d,
3ac55eef,
3df381e3,
3d036845,
bac4852b,
bf23bed2,
3daf7dce,
3e813976,
bcde99c4,
bd75c094,
bdc40139,
3dd9b73d,
3da7cab1,
3d3ba974,
bedae9b5,
bc9ab1dd,
bd977d39,
3d9d7964,
bbc5b393,
bc777f9e,
3de453ba,
bdd29300,
3d868136,
3c12bba4,
3dc0b9b9,
3e298913,
3e0b4996,
bd9ea161,
3d5db098,
bb979736,
be096dcd,
bd3da2f6,
be267d86,
3d9ac243,
3de9fa31,
bd9c42f6,
bb506761,
bdad6316,
3c488c2b,
3de17b3e,
3dc753c4,
3db61806,
bd16571d,
3cf7418b,
bd3550ed,
3c0b1ae6,
3d5d4c5f,
be4a76a0,
3d939d60,
3dbec50f,
3dd76c62,
beaf829d,
3ba55f60,
3d6bb88d,
bd6dc3ee,
be5791d5,
3d46a68d,
3d829d50,
bb68b891,
bdb853eb,
bea4eb00,
3d1d89b3,
bd86e555,
bcc8daa5,
3d4b27e7,
3cb45c3e,
bd7b83bf,
bd6f06e4,
bc9b5b3b,
be1fbb87,
3e017102,
3d5e5063,
3e0efc82,
bd73fa81,
bdff11ad,
3df52972,
bd048a36,
3e5d9453,
3d0a43db,
baf63cb3,
bca028da,
bec5e022,
be16b703,
3c581bf6,
bb856c26,
bd947ba5,
3e9fed52,
3e31a35f,
bdf0ec1c,
3e2b70f9,
3e06567d,
bc9c5856,
be02be49,
bdbcab48,
bce35a3d,
3e67e780,
bd679380,
bb7dde93,
3e23c638,
bbe27312,
3e14c091,
3c6568d0,
3e855a03,
3e57e995,
3e6a3146,
bcfb1dae,
bcac99a7,
bdaf863d,
be9682a1,
3e19051b,
3ded8163,
be37ec61,
3d993739,
3dd88c33,
bd8a8a5a,
bd8a5c94,
3d17c86e,
bd7bedf0,
bd3f0c9d,
bd3e1310,
3cd4b54f,
bdbbba6e,
3d75825e,
beca51a4,
be94b9aa,
3d6eebec,
bdc71604,
3debb16f,
3e138a4a,
3d88f97d,
bd001a34,
bd946e80,
be871ca3,
be2ffbd3,
3dbd371d,
bdf28fab,
3de39298,
3d19d188,
bd8d62a6,
bd7228a4,
3bee465a,
bddd5bb5,
be1dcc41,
be26b72e,
bd0a9f4b,
bd5c239f,
bd4fa618,
bd9e634a,
3e16a699,
3e4e128d,
3e29e4a7,
3deb515b,
3e020dbd,
3e71dde8,
3e05cb45,
3e80ca31,
3de6f6fd,
3d88e4fc,
3c4b1b3c,
3db189a3,
be06a998,
3d45ca67,
3d87f07c,
bda95c8c,
3cd8da7d,
3e49c03e,
3cc2a9f4,
3e41792a,
bceffac5,
bd219ae8,
3c526a3b,
bdb8280e,
bd033c86,
3d1779d7,
3d17aa61,
bd8e3559,
bd15da85,
3d6ca2c1,
bcf7cc2f,
bea93185,
3d24dbe2,
3d89c6a0,
bdfe7e26,
bd34a75c,
3c071756,
bc218952,
3d17a0b6,
bc7f4cb2,
be4a82df,
3d727d73,
3dc1b1e3,
bc6879bc,
bcb7a477,
3de938a1,
bf04c9e0,
bebbdf08,
bddd6e7e,
be04aaf2,
3e03af01,
3d9851cf,
bd1e46aa,
3da742ff,
3b0dc77e,
bdf8fab2,
bd06260a,
3dacca7c,
be0264e1,
bc9087d8,
3c245fc6,
3d9aa2b2,
bc0ec2dc,
3de84b52,
3d47b808,
3dd4af6d,
3dd2e715,
3af35679,
3d827007,
3d897c2b,
bd252a39,
3da406c1,
bdb489b1,
bdb8af0a,
bd05ca7f,
bc80d12c,
3c9db8fe,
bcc6dcd9,
bc09dfdd,
bddbd57c,
3cb23074,
bd41fc3c,
3cbbfe38,
3d9e96ac,
3d2088c1,
3d898776,
bd40b79e,
bc9ee883,
3d904f15,
bdd8133e,
bd87072a,
bd7aa870,
bd868f42,
3c53c3e2,
3cbec1ac,
3c9f17d3,
3db9f97e,
bdddc987,
bd6c45ae,
3ca0351a,
bc723ca9,
beae11bb,
3dd2ac54,
bcac23f0,
bd3b8c58,
bdc4aabf,
3e81260c,
bd0b2781,
3d75a035,
bc80b496,
3da5b61a,
bc11a960,
3da9b754,
bcb909d7,
bdcd26b0,
bf1a1b80,
3d5ad8c9,
bd958f21,
3df5f606,
3ca95823,
3da0ef09,
3e2cae57,
be43db70,
3e068d50,
3da93d6f,
3d9e60c4,
3d412a92,
3d33ec18,
bd97910a,
3e813830,
bedc3953,
3baa8db3,
3d222571,
3ce42985,
bd6df417,
be0a3c27,
3d1a836c,
3d0119d6,
bd97283f,
bd32713f,
bd841970,
bd8a6875,
3dbc9e4a,
3d82c024,
bdd75d79,
bcf98a0f,
3ca958d4,
be3d4c8e,
bdc5cc92,
3c58ecc1,
bd01bb03,
3d0eb81a,
bd8f6d44,
bd84031a,
bdca0986,
3d385bc4,
bd59ee1b,
bd32fb88,
bd30d825,
3d2236ec,
bd2947d8,
3d9957ec,
bd98e9dd,
bd91412a,
bd4aa67d,
3d200d0e,
bd2e71be,
3dc8ce1e,
3e56ae3d,
3e0e3b0b,
3dcbbd76,
bc92ca17,
3da727cb,
3da1a82d,
3dfb1fd9,
bc869a28,
3c8b07c1,
3c7a588c,
3e45b26a,
bd2862e8,
bdf2fd6f,
bc3ef92f,
3d8d6fca,
be25b5ad,
bd0465ce,
bd52cb4f,
3c8fb4e9,
bc639fd8,
3c970c31,
bd528726,
bcb20d7e,
3d28a9c5,
bd3ab16c,
3ca99c91,
bcab0349,
bd13a0d7,
3d73079f,
bad8152a,
bcf2acbb,
3db5f676,
3a6e9722,
3c6f38bd,
bd36dd75,
bd871b91,
bbdc8e61,
3d53d46e,
bd9663f0,
bd5b01cc,
3dc6f79f,
3cb31348,
3d1f1b94,
bcee472b,
bcdb352b,
3c7df96b,
3d1d63b3,
bddaf8e6,
3db301b4,
bd334aa8,
3cd22a19,
bd03820b,
bd455097,
be0575ff,
3d8a0eb4,
bc8da9b7,
bbc383b8,
3d1376b0,
bca0bf22,
3d014420,
3cbf6810,
bd73da3d,
3bcbe69e,
bde249e3,
3d0f3d98,
be86dca9,
bd4c1532,
bc9846b3,
3cc19e4b,
bd14cbf7,
bd96c2ab,
bce8da95,
3c1c129b,
bd80a94f,
3c16b980,
3d568489,
bcc372d7,
bab30754,
3b6d1e51,
bd2bff88,
3d691ae4,
3cc9dc5d,
be084c13,
3d16b8d4,
bdffa146,
3e261262,
be64d938,
3c8177fa,
bcf0dd08,
3d9716fa,
3d7e3bd0,
3cb585b3,
bda06369,
3c185d8f,
3e27113f,
3c5ff9b0,
3de6fb4a,
be8e0df8,
3d2b9347,
bd6a6531,
bcc14e7a,
3d53218b,
b855b325,
3c45c86c,
bca49e60,
3d99e041,
3c28a5c6,
3d41630c,
bb40c832,
bd7f4d50,
3d7c4e65,
3cb9656c,
bd2504fa,
3d4ab4f5,
be3b5364,
bdccd8d4,
bd9736e5,
bced6eae,
bd057931,
3cd51835,
3d192578,
bd9e97c2,
3d89a27d,
bdbbb3b8,
3ce40457,
3e573557,
3dc0dd8b,
bf2759ec,
3c4b0e11,
bba19cde,
beb2f87e,
bb03b988,
bd4c0211,
bdecea6d,
3dfeda49,
3cbd1b59,
3e41f2ab,
bd5739e3,
3dabe668,
3e28f919,
bd86c4fd,
be024d2a,
bba34428,
3cb54359,
3cd4ad00,
3daa6026,
bddc7353,
3d8d360d,
3ca7f258,
bc892624,
3cb66e16,
bd6f6b88,
bd4062b7,
bc5a83a4,
bf0ed8c5,
bcd60a2e,
bdb064b5,
3d316fef,
3d1c78a7,
be7ca59e,
3df2bfb7,
3d794167,
bd58ce3b,
be0d0e46,
bdcad578,
bdbfbc40,
bd31e94f,
3dfa052c,
3dab69d1,
beaf604b,
3c81ea30,
3d93dd8d,
bd8ed03a,
bd5d69ce,
3d337974,
bbbc670f,
bbf125dd,
3d1623ae,
bd02121c,
3abe97d6,
be49b3a5,
bd4d84c6,
bd0482b4,
3d579a4b,
3b320576,
bcc841b8,
bd1fc822,
3bf9ecd6,
bca56bda,
bc8d358e,
bd1e0ab8,
3ca01330,
3dd6e833,
3c7c21fa,
3e0fa8d7,
bc90da02,
3dbf1b0b,
bd73490d,
3ddfd07d,
3d25ecd4,
bdbc7887,
be30e242,
3cb884e1,
3c6a2380,
3d105d20,
3d865b8f,
bdf7aad2,
3d2ba456,
bd420a97,
bd5d96e2,
bd2437a8,
bdacafae,
3dd42275,
3e002605,
bcbc556b,
3d0590e6,
bdf03247,
3d802aec,
baa80974,
be51c9cc,
bc7d2b6f,
bd804b0f,
3d8dbb34,
3d4ffcc8,
bdd067c0,
bbcfa0bd,
bd53befa,
bc3c677a,
bd4ea009,
3d764e8e,
bd7eae23,
3c91a1b9,
bcf0e44e,
bd2c069e,
bd6e2a6d,
bd03864d,
3d037718,
bc93fe65,
bd78be2f,
bd6a721f,
3e23773f,
bd7cbcba,
3da45a77,
3d1e2852,
be4f126f,
3d2585a3,
3cef1dc5,
bcbce9d6,
bd85702f,
bd7a272e,
bddca693,
3b9dca00,
3d0d8dc8,
be9fcb6c,
bb84fbfe,
3de0103f,
3d10adfb,
bd4d7968,
bec765f2,
bd7a9d12,
3d0fbc28,
3d536700,
bd5fca02,
3d1577d7,
bc9a01ef,
3c5ce6b6,
bdae2ab3,
bec9d8ed,
3c01e30f,
3d91bd03,
3d8740ac,
3cca7d01,
bd203c91,
3cf44019,
bd2eb616,
bd8197bc,
3e2807ad,
3cbf3ee0,
3e004e0a,
3d8009c7,
3d8a79b0,
3acd9e2e,
be56ed47,
3c832ab2,
3c74807b,
3d950a44,
3d046edd,
bee8cd48,
bd8ba3e3,
bdb5f8f8,
bce80202,
3cded31f,
bc7336ef,
3c8b3da6,
be2d81cc,
3d5923f0,
bc25b653,
bd953b3a,
bceb8d8d,
3d0292f5,
3dd0b016,
3dafd90c,
bd1bd249,
bc8051ea,
bd5e98af,
3c819e35,
3dc37e11,
3c31d5f1,
bd131b63,
3d593c5c,
bd95e4e7,
bd1d4aac,
bd24447e,
bcc95b1e,
bdaa2947,
beb69859,
3d960f45,
3c86032a,
bc6dd668,
3be01c1f,
bea1eb12,
bdfeb2ae,
3d1fe647,
3ab0b718,
bdb23351,
bc802c80,
3d851fc7,
3ddcd51c,
bd43c3df,
3d53533f,
3d821c93,
3d13550c,
bdcd87c6,
3de3b43c,
3dbcc41a,
bdad7868,
bd34dc81,
bd843aef,
3c1ef152,
bcb70ca1,
3d49fa6a,
3dbdd5d7,
bdfeb1d8,
bcab16df,
bd201846,
3dc5713c,
3d86ca8f,
3dccfc19,
3d30c1df,
3d3eae09,
3cb14e26,
3daccc6e,
bc229f1c,
bd5c4b52,
bdad7074,
bcf42e2b,
bd8afc47,
bd31b054,
bd4a7bf7,
bdc5fa49,
bd7c8d9d,
3db9382b,
bd9fb645,
bd242b1d,
3d3b8054,
bdd87ae3,
bd5fb524,
bde1723e,
3e2123e4,
bdad44c5,
bdfd3d80,
3d2bc6f6,
bd865626,
3c75f459,
3b5ee8ae,
bd2e22be,
3e0ad6a4,
bcae4924,
3db35921,
3d635cbc,
3cae955a,
be282783,
3d73db54,
bc70819d,
bd6e4b32,
bd7f681a,
be91f956,
bcc1c45b,
bccab0c3,
3b493411,
3cd9ebd4,
bd25e57d,
3e4a10e1,
bdbaf6b7,
3d87d58e,
bcb486f6,
3d6b8316,
3cea0e1b,
bdeee930,
3cb129ff,
3d08888a,
bb8570c3,
3dc09fab,
3e455108,
3e4e23e7,
3d2f69f6,
3e1ada5b,
3bdbfa67,
bdbfb800,
3e304f2b,
bda843d5,
3e0d1117,
bc83dd04,
bdc943a5,
3d7df6c9,
be628bc4,
bc5420d4,
be1aa9f9,
3e32093f,
3dedc6ef,
3cd327b0,
3df7962c,
bc01e8ee,
bca3246d,
bdcf1918,
3d98ba9d,
bd417ba3,
bc95177f,
3e25b9d6,
3d6e561c,
3e120266,
3d874fb1,
3e3c3f8b,
3af9be47,
bce38e60,
3e08c73d,
3c4eac8b,
bd9c6dcd,
be27f411,
3d839c57,
bec6f718,
3ddfd400,
be3717fd,
bd6f0ef7,
3df05e2e,
3db93444,
3cb69c04,
bcb937e5,
bd04da35,
bc457637,
be0b592c,
bc0d929a,
3d4efdca,
3db2a2d0,
be89e0c8,
bd901d25,
3cdc3c01,
3de69dcf,
3c71f505,
bee73e56,
bd3b47bf,
3d367799,
3e23f7ba,
bd25e382,
bd68cca5,
3e14f2d1,
3d14926e,
bd1f8cf1,
3dc7bf5e,
be688933,
3bdb8130,
3e070220,
3d47803a,
bd91b5be,
bca3be86,
3db2c012,
bcd38197,
bd4721e8,
3daea6fa,
bcdfc578,
3e096fa3,
3d435d3d,
bcfb01a4,
bc6a3a46,
bd339754,
be2a8f96,
3dd23b77,
3de4f619,
3da121b6,
be03e155,
bc73bdb2,
bde8259f,
bdb9d8e2,
3db3931c,
bdd2bb15,
3e50db46,
bba96ab2,
3e014b68,
3cd4c702,
3d3a1507,
be4542ad,
bd9468c7,
bdf56d71,
3e1ec485,
3d3a621c,
3da113f1,
3dff623b,
3d62e81d,
bdd60b8e,
3d1bf4b6,
bd1caf40,
3e239d58,
3d853e48,
3d84dc9f,
3e0cbd94,
bd86caa3,
bd4e0bec,
bd7e49b5,
3de1af3f,
3ddd483d,
3dba5bf7,
be01f99a,
bda24491,
bc914bf8,
bd611b7e,
3da7c3c2,
3df316b7,
bdf4973e,
3d1f9666,
3c915bad,
bdd45d20,
bdcebaec,
3ddb62c6,
3da951f5,
3c3e5362,
bc93e092,
be2eeea2,
bdd28a9d,
3c505969,
3d89690a,
3db65cee,
3c084c4a,
bd6902ae,
bd9a900c,
be964e41,
3ca65e69,
bd24f149,
be0a4685,
bc9b6963,
bf066f43,
be2f5f2b,
bd4f0922,
bd06f14e,
3d4abf9f,
bdef7f56,
3b15feda,
bdaacc4f,
3ddbdc1d,
3d77da85,
3dce7b01,
bb340a08,
3da40c3f,
3dcce1df,
bb9a048e,
bdd28ce5,
3d312a17,
3d915de2,
3cd5df15,
3be3abe1,
3c59992e,
bd79bc1e,
3e172277,
3cb230c5,
3dc59e84,
3d394f57,
3d963e5e,
3d9689cf,
3d43929f,
bd5fbe92,
3d0325df,
3accecad,
3cfe678a,
3dc8c07f,
3cadb50f,
3d03a670,
be7b5527,
bd83af0f,
be2e2df3,
bdea32e3,
bdc65c59,
3dbe5435,
3c7f5c77,
bd00e23b,
bcbba756,
be78130b,
3cdb8ab5,
3e2b8e92,
be0de44a,
3e20ca4c,
3c71936b,
3d3faad8,
bd615edb,
beb991ed,
3e165356,
3d87d477,
3dca8e96,
3cfb806f,
bd3023ff,
3d460d00,
3dd6aa7b,
bd6e56f8,
bd276725,
bd87c424,
bdf2ce33,
bd60719d,
3d94a1a9,
3dc071d3,
3be746cc,
bcfb8f8e,
b98573c8,
3e629695,
3d98f6ed,
3c1e92bd,
3da45a32,
bd958ffb,
3d8711f6,
bc98d2f0,
3dae699e,
bd91e617,
bcc3856b,
3daa8efc,
bb2ecdde,
3d758939,
3d8f890f,
bdbaf7f2,
bdeebea6,
3bca00c0,
3d8fbec9,
3d25ae50,
3d9b66c4,
be2c20e2,
3d67b271,
3da3a4e7,
bd591aae,
bdd16d31,
bd197044,
3d1c96ea,
3d8f8daa,
bdc28d75,
bd9b98d3,
bccd650e,
3e88133c,
bc793449,
bbd0189c,
3c799207,
3d1422aa,
3d6fb63e,
3d9ce265,
be1f809c,
3d86375f,
3e251269,
3b812be5,
3d81fa9f,
bda4d6e0,
3c1687e2,
bdaedaf8,
beb9ca9a,
bd485de8,
bcb4b23f,
3ccd1e87,
bd5fe30f,
be0b666d,
bc9f12fb,
3dd37d62,
3d7b9725,
3c1d75c7,
bdce795d,
bdf0b90f,
bd4d2639,
3da5585c,
3cea1176,
be3f5e68,
bdadccea,
3d810e9c,
bd12d84d,
3d431363,
bd9b4f0d,
bb030457,
3d29e547,
3c17fa27,
3ca7b586,
3bd54f7d,
bdf86818,
bd93de2c,
bd5914ef,
bc4b7ce1,
bd14a9fe,
3cfdf0e7,
bd4de3b6,
bda7227c,
3d0edfba,
3df2519f,
3c5781b2,
bbe956dc,
bdf7fcb0,
bca7984a,
3df3a0ef,
bdfdfc7d,
3d3c1d7d,
3bd210d9,
bb9cb807,
bd55b056,
3c96e7ce,
bd484b86,
393ca8e8,
bc0c6f2f,
be0501a9,
3e0409b3,
3c47bcd8,
be127593,
be33fe3b,
bd8992fa,
bdce4885,
bda4245d,
3e00b5fa,
bc79234d,
3c0b00a5,
bc4f4d9b,
bd392c51,
bc96714b,
3d59c8d4,
3cec7a4c,
3d3b3617,
3d398306,
bc76d02b,
3d769050,
bd37c9cb,
3bc21a97,
bd4c552b,
3d9413e4,
3dd93b1a,
3e17d6ce,
bce90df1,
3cd9fb8f,
bd6a98e8,
bbe659d1,
3d870338,
bdeb074a,
3bfa763e,
3cca641d,
3cb478f9,
be07beb7,
3e0ffe4d,
3cd2da98,
3a535c89,
bd707ca5,
bcb71e70,
bdd6950a,
3bc3ad69,
bd4b9425,
bd2077b5,
3c685925,
bbeb84c9,
3d2f6b83,
be2e11c3,
bdd4abb8,
3d0b366f,
3d3981b7,
bc636d4d,
bd780d75,
bdd5b169,
bd27b632,
bdad380a,
bccc8834,
be4ebe67,
3dce95ce,
bd494e45,
3b4003e7,
3e4e37f7,
bda0ee6c,
bd3a5907,
be05c6ba,
bc8b1e26,
3e27a8ec,
3d307604,
3e6ba053,
3e9bfb36,
3c620167,
bc83ead1,
be0cf963,
bc8b87f3,
3dc486db,
3c1290dc,
3dcc8a79,
bbdb7d6a,
3dd84059,
be13ce14,
3cebeb46,
bd676edd,
3e03edc2,
3f0a43e8,
3d766dee,
3e37c54f,
3e6e566e,
3d824c75,
3e1c3f26,
3dc556a7,
3e0171ff,
3d8c0e1c,
3da3442a,
bdcdc367,
3ce06500,
3e4f5304,
3e2f0bf0,
3e453590,
3daf2377,
be05d21c,
3d852f72,
3d7b392c,
bd55061c,
bd847c7c,
be12a12d,
bce014f3,
3e334a72,
bd2a0fef,
bd891270,
3bafd6c8,
3d6e15bd,
bde16c42,
3d8ff7dc,
3e837426,
3d3efe80,
bf10df6e,
bdc0a500,
3d92c4e8,
bc8a63d1,
3d953e37,
3dd63892,
be95da0e,
3dc23bc0,
3c499098,
bec48218,
3d50974d,
baf0a69c,
3e0f0c6c,
bf51b599,
3cabd8c7,
3d668710,
be00b2d1,
3e689914,
bb310399,
bdd3c8f6,
bc595cbe,
be58142d,
bd7993db,
be25dfdb,
be8f4fc7,
3e926d6f,
bd61ff01,
bde579cf,
bd5510e6,
3dccda36,
bd57ba54,
3e0d7afe,
3d8d4104,
3d84bba0,
3cc5eea7,
3e07a2d6,
3d5b73e4,
3e39249a,
3d78e285,
3e0dfdd2,
bcc181a0,
3ea17ab3,
bd4a6e33,
3e505da1,
bb338c09,
bd9e8988,
bd8b4a22,
b9998852,
bdfd277b,
bd070121,
be8efe04,
3d6b57a7,
3e1c8e8f,
3e24d606,
3e09cd71,
bdccfbee,
3c9e1768,
bc92bdf3,
3e1fd7c3,
be555e9c,
3d9f7b76,
bc89aea5,
3e209c9c,
3e32e54a,
3de6a286,
3d99bb75,
3d871bc4,
bc29074b,
bd05de33,
3e070757,
bd77ca62,
3d9cf674,
bd922af5,
3b7a516a,
be0a50a4,
3d911662,
be008c96,
bc67973e,
3dba4693,
bd23d953,
be0482b0,
3d98937f,
bd24dbcf,
bd46abd9,
be8b5670,
bdc888e7,
3d67bf2f,
bdb1a378,
bd2723c9,
be8a7d47,
3d136771,
3e40ad68,
3db18a64,
3d6f88b7,
3d7b2ef8,
bd296636,
3b9d3f00,
bcc2a7e6,
bdddf7c6,
3b7f4c7c,
3c85fc2e,
be049c18,
bcb5e285,
bd2e20dd,
bce282b1,
3b2e093d,
3d81422a,
3c6d5b8e,
3db161b6,
3cbd98a2,
3cd3e230,
bcf7053a,
bd70050b,
bdd94ea7,
3d7033b7,
3d6ffe68,
3d7ff889,
3e3da18d,
3d88bdc1,
3d7770ad,
3db2d06f,
3c252c55,
3dacd94f,
3e2ad554,
3dc2098e,
3d60d961,
3db53abc,
3b311206,
3d56a975,
be461aac,
bd950336,
bc663696,
3c80ba7b,
3cb98979,
3d1d73a1,
3de4b2fc,
3ccf1d04,
bf28bd71,
3cff296b,
bdc3e6d8,
3dcc7ccf,
bdf5a552,
bd4e2804,
bc9dcaac,
3d4c822f,
bd89d10c,
befca048,
3e0f9f3a,
3dd40fcf,
3e1e0e85,
3e10dc37,
3cda7394,
3e1bfa06,
3d34c122,
3d7c39f8,
3dc660d0,
3e6e1198,
3e30091b,
be1ee028,
3ea848db,
bd8a76e8,
bdc7533b,
3d362203,
3db1d526,
bdf1a5de,
bda9fdb9,
bd441917,
bcdbc17d,
bdd9778e,
bc8e99dc,
bcbd7cf9,
3c3efca0,
3d14f6b5,
bd294e2d,
3d518c2a,
3cdd27ef,
3db24a9a,
3d9f2cb4,
bca5c785,
3dd03bb3,
bcbc5ff3,
be8c5169,
bd186910,
bce0ce7c,
bd007005,
3dd28443,
bdd5a79a,
be08a04e,
bd82bb71,
3d80500a,
bd7b916b,
bd813b07,
beb14c0b,
bdcff62d,
3ca9cd2e,
bdb6dd05,
3d2d6bb9,
bc4f314b,
bc5f1ff6,
be1cb056,
3cfc1fe6,
bdb60e88,
3e2dfd33,
bd5b3c3e,
bcf64709,
bc3139c9,
bcc1c3ba,
3c8dbffc,
bc8b3cca,
3d1db763,
bd541e90,
bd3625b1,
3dbe58b5,
3d13ce4e,
bc5af19e,
3d1192bd,
3d9aeb1b,
bd0ac2ef,
3d3c6f9a,
bd72fe3f,
bc9ada1c,
3e379915,
bd90e6e3,
bcdc75a7,
3d4da7f6,
3d64176f,
3d23df66,
bd6c360c,
bdcae468,
be27e9b2,
be384091,
bdca1d83,
bd6ba426,
3d24ceea,
bc071d40,
bc215ff7,
3d2ad180,
3df09a8b,
bd172cf8,
3d7336a1,
3de58ca4,
3dde7584,
3dd92ffa,
bd16b59f,
bd8bf6f9,
3d94a6e8,
3d9898fb,
3d195516,
bd0415df,
bdaa0b51,
3da8410b,
be672e62,
3d0d91b4,
3c70689e,
bd1681e5,
3d55d100,
bcf13a2f,
be157605,
bce18419,
3d3f8c22,
3e05081f,
3c3ed22e,
bc3ccefe,
3d931d89,
3d4f9646,
be8fb13c,
bbfe4580,
bdcbb934,
bdba74fa,
bd336ef0,
bcf938bc,
3d3901fa,
bd82eaec,
3d54177c,
bcccb4da,
bdb4a838,
3e481b23,
3c83bf2d,
3e1dcd9a,
3d9601a0,
bb548680,
3e3f59b8,
bd9e8f5b,
bd098ac6,
bcd9fab8,
bd5535d2,
bdacd280,
3d8a6990,
bced6e58,
bd038612,
3da2f4d9,
bd5b8f75,
3d1f85bc,
be093b0a,
be8748fe,
3dac596c,
be671b6f,
3cc75a57,
bd6be734,
3ceaf0ea,
3da23dc9,
3dfe5029,
3cfcfb1e,
beed0453,
3e0faa9c,
bc58d8bf,
3db91df5,
3d8c2e91,
bbb58be9,
bd57ca4c,
3d7b937a,
bda387f9,
be23f9ad,
bcbbbf9f,
3c7943b9,
bf0946a4,
3d3e1224,
3dc4e056,
bcff93af,
3d882c1a,
bdb85d44,
bf99469f,
be1b722c,
be2af4bf,
bd67c2c5,
3bce1851,
3bc8d028,
3d3b9466,
bcdd5b15,
3e23bb25,
3e443c0e,
3cf2889e,
3c96cdd2,
3d9b19be,
bd045a27,
3d0c829a,
3da32e3f,
3dc33e55,
bb8ceb35,
bc9284fd,
be8a9c7f,
3df4d5e0,
3d086c0d,
bb0d0f9e,
be0d2065,
3d83858a,
3e588b74,
3e129bbf,
be00d4fe,
3df293f0,
3d712f80,
3ddd1b67,
3e239dac,
3d2c0d14,
bc57badd,
3dabfa25,
3e0bdb59,
3e2e280d,
bd9c0ea0,
3ddc2b18,
3e1d25ca,
bc9137c6,
bd988d2b,
bc8b4990,
3dba7100,
3b5f5337,
3dc1abd2,
3d232666,
3dc1ae34,
3e3c6ea4,
3dac3eff,
be3408b5,
3d4a5d31,
bdc38e81,
bd34c232,
bb586e97,
bcb9188b,
3db69552,
3d9f7d87,
bd453a3c,
bd9b1188,
3d8f0662,
bce44e7e,
be11d1ad,
be06d86e,
bdae939d,
be14f32a,
3d6cd8d9,
bc84a089,
39a4dcc4,
3d39f2cd,
3e1d994f,
bb146a30,
be17fa24,
3c39271e,
bec74665,
bd1d346e,
3d4d052c,
bd06a68b,
bd1fea81,
3bef230e,
3d4e2862,
bd139757,
bc428c8d,
3c326a2b,
bcc743c6,
3dc1c089,
3dade5de,
3dd584a7,
3db167b7,
be2e3a63,
bd3b5556,
baa3aa6a,
3dedc3f0,
bd010f4a,
be49bc15,
3d35715c,
bdb2f502,
3cc16ed0,
3c83ac88,
bdfde262,
3d874881,
bd576cd4,
bd1aa2b1,
3c5aafcf,
bdacbba1,
bc9f7281,
3d3e431f,
3dffac37,
3c5037a6,
3ce0d81d,
bdfaf398,
3d965535,
3b5e5409,
bb3ae3c1,
3d68936a,
3ce125c5,
3df6f53f,
3d5c8b91,
3cd5bbae,
bd1e2cc7,
3db311e8,
bd849720,
bf0a79f6,
bd1a864c,
3d88c552,
3be70258,
3daf051e,
bed3e85d,
be1c83f7,
bd50cce7,
bddc0a78,
bd47ba9f,
bd21a9c1,
3d7aa466,
3dab0a76,
bd0a5457,
bd48eef2,
bde2b5f7,
bd36fd93,
3d923e8f,
3d856152,
bda11d30,
3baf199e,
be10c397,
bd3e3fcf,
3ca7c09e,
bdaab421,
3eb11a6e,
bc58b1f3,
3db192bb,
bccf02f8,
bd438d69,
bdfcde00,
bcd51546,
bea9c05d,
3d939dd4,
bd891d73,
3c384b40,
bd1d132e,
be13a4ce,
3d124897,
3d49403e,
be01411b,
3c93e723,
bbcf0ec6,
beeee340,
3b7d626c,
bd43c17e,
bbf95bb7,
bd6c0915,
3ceb9c91,
3cd20002,
3d451c01,
3d7d14dc,
bce99687,
3e2b164a,
bd44a584,
3d95fbae,
bd4b751c,
3c609287,
bdb35bfc,
bbdd3bb0,
ba55842b,
3c79b69b,
bd9f87ae,
3d516276,
3dace465,
3c60ecf5,
bd4fa72d,
3d3af0e2,
bd9ec295,
bc70d372,
bd8c76f0,
bdc55b2c,
bd601254,
bd0cb388,
3d9703fa,
bbbadc5f,
3dfa636f,
3db9c6ef,
3da13a50,
3d6ec3b5,
3e38eacc,
3d9891bd,
bd1635d7,
3d820188,
bd53ccff,
3da20394,
3de6c085,
be0674bc,
bc6fca5e,
3deb0c68,
3a336298,
3d043d1c,
bd1650ea,
bcaa6ba4,
3d92d68e,
be362129,
3d7cc055,
3d81f213,
3da99f77,
bd8efe03,
3e004d2d,
3db27c9d,
bc88fd0f,
3bbfffca,
3d2b44e8,
ba662d9c,
3d8282b4,
bd664b9c,
bd99726c,
bdc21b67,
3c0c29cf,
3dc1d046,
bcd54cce,
3c90a57a,
bda8c4a6,
3ccdbb2f,
3cc3ab96,
bcbf2ea4,
3cf6670a,
3d212562,
3cadeb76,
bdf81fca,
bd7fa70f,
be0a57b6,
bddb4f07,
3ce77a88,
3d899cf6,
3d4613fb,
be4906ef,
bc6de9f3,
3d58edf3,
be1d9456,
bd5ab774,
3bddfbdf,
3da424ea,
3e0600e1,
bda2b838,
3d3f6863,
3db839a9,
bc79dc2f,
3cd932b1,
bd96d29d,
bd9286cf,
3b91e977,
3d90ec15,
bcabd5c1,
3d764d82,
bc985d3f,
3d32aadd,
3c94a747,
3dfd27dc,
be23e775,
3d3cbd73,
bdc750ef,
3ddc8b0b,
beb5d054,
bd6ed327,
bc29437b,
3d1992ae,
bcfbd9b5,
3d3415b4,
3c36d93b,
3d86667f,
3e78c306,
3cf909c2,
3c7cb59e,
3e32135d,
be9209cc,
bcefd012,
3da321b8,
bdc4538c,
3dacbd54,
3dfb5efe,
3e0f8aad,
3d21333e,
bda485f7,
3d9fbb00,
3d0c4caf,
3b6ed60c,
bea68bf5,
3de229c6,
bd85011a,
bdb75ccf,
bc13edf4,
bd0d8a85,
bdcadc57,
3cf744db,
be1fca1a,
3e263a24,
bea97d63,
bc8f9ddd,
be1a994a,
bdafc49f,
bc04a70e,
bd85c187,
3e022973,
bf26587e,
bdb2fdd8,
3e455970,
bf74b8ef,
3e21ebd6,
3e2b713d,
3dc25ed9,
3e448af7,
bb35af4f,
be599c09,
3d4fbc7b,
bcde0666,
be8bc33d,
bccdc815,
be2b1291,
3d75be3b,
bcfb53c3,
3d0af485,
3d9c71ca,
3e23a4a2,
3d7807d7,
3c02e5ce,
bde80d13,
3c6b152d,
bb5fb7b6,
3e05ad55,
be4824bf,
be2edfd1,
3cfdb25d,
bcd7b695,
bc85754a,
3e6c6f8f,
3d34ef8e,
3d899d1c,
3d289270,
3d8f1168,
3db16e43,
bd4047ac,
bca1bb4c,
3da2bf69,
3db98844,
bc8a5e8e,
3dde429b,
bce040ee,
bdaa6272,
bd674cd8,
bd79f83f,
3d480d80,
bd47c368,
be1d77d8,
bc92fc1c,
bc3ffa01,
3c121c2d,
bdccaf2d,
3d476371,
bd1a281f,
bdbd0f1a,
bd8ee9db,
3d14f291,
bd184660,
bc4979a6,
bdc6c7cc,
bd6f82f8,
bdec46fa,
3d109ee4,
3e6f5374,
3e2b7660,
3e1550e7,
bc11c0a7,
bc321c88,
3cd0115b,
be1f3a05,
3cb5a24e,
3d2b3a2b,
bc411ca0;
