parallelismSelector::VERBO: Summary of inputs: 
parallelismSelector::VERBO: Output directory: "C:\Users\Administrator\Desktop\EEE\hls\cnn_conv\cnn_conv\hls\csim\code_analyzer\output"
parallelismSelector::VERBO: spec:0:0: info: Will use basepath at location C:\Users\Administrator\Desktop\EEE\hls\cnn_conv
parallelismSelector::VERBO: FPGA clock frequency is set to 100 MHz
parallelismSelector::VERBO: Will use user-driven complete partitioning settings
parallelismSelector::VERBO: Arrays with less than or equal to 4 elements that appear in the codegen directives will be completely partitioned
parallelismSelector::VERBO: spec:0:0: info: Will use IR Module file at location C:\Users\Administrator\Desktop\EEE\hls\cnn_conv\cnn_conv\hls\csim\code_analyzer\.internal\instrument\app_0\annotated.bc
parallelismSelector::VERBO: FPGA frequency: 100000000 Hz
parallelismSelector::VERBO: Using FPGA frequency for HLS estimations: 100000000 Hz
parallelismSelector::VERBO: [Model Builder] Extracting logic model object from: D:\Vitis\2024.2\vcxx\data\platform\logic\zynq.logic
parallelismSelector::VERBO: Device characteristics: Area -- (LUTs: 53200, FFs: 106400, DSPs: 220, BRAMs: 280, URAMs: 0)
parallelismSelector::VERBO: Maximum area for the hardware functions: AreaConstraint -- (LUTs: 53200, FFs: 106400, DSPs: 220, BRAMs: 280, URAMs: 0)
parallelismSelector::VERBO: Code Analyzer Id: 0
parallelismSelector::VERBO: Dataflow Hardware Function: _Z8full_cnnPA224_A3_fPfPA3_A3_A32_fS2_PA3_A32_A64_fS2_PA101_fS2_
parallelismSelector::VERBO: Adding outline as primary transformation
parallelismSelector::VERBO: RecipeFile: "C:\Users\Administrator\Desktop\EEE\hls\cnn_conv\cnn_conv\hls\csim\code_analyzer\.internal\dataflow\0\recipe.json"
parallelismSelector::VERBO: Applying transformation: (region_outline)
parallelismSelector::VERBO: Applying transformation: (outline)
parallelismSelector::VERBO: Alias Equivalence: (Var <- { Pointees })
                              29 <- {29}
                              30 <- {30}
                              31 <- {31}
                              32 <- {32}
                              33 <- {33}
                              34 <- {34}
                              35 <- {35}
                              36 <- {36}
                              42 <- {37}
                              43 <- {38}
                              44 <- {39}
                              45 <- {40}
                              46 <- {41}
                              47 <- {29}
                              48 <- {31}
                              49 <- {32}
                              50 <- {37}
                              51 <- {38}
                              52 <- {37}
                              53 <- {38}
                              54 <- {33}
                              55 <- {34}
                              56 <- {39}
                              57 <- {40}
                              58 <- {39}
                              59 <- {41}
                              60 <- {40}
                              61 <- {36}
                              62 <- {30}
                              63 <- {41}
                              64 <- {35}
                            
parallelismSelector::WARNG: WARNING: [SIM 211-207] Code Analyzer does not display the impact of the pipeline pragma in dataflow regions (C:\Users\Administrator\Desktop\EEE\full_cnn.cpp:21:1)
parallelismSelector::VERBO: No optimization objective set
parallelismSelector::VERBO: Variable Infos:
parallelismSelector::VERBO:     'input' C:/Users/Administrator/Desktop/EEE\full_cnn.cpp:6:0 VariableId 29
                                  ElementBitsize=32
                                  IsHlsStream=no
                                  FunctionId= 211
                                  IsArray=yes
                                  IsValidArray=yes
                                  IsArgument=yes
                                  Elements=[ 224,  224,  3 ]
                                  HasInsertionLoc=yes
                                  IsFromSystemFunction=no
parallelismSelector::VERBO:     'output' C:/Users/Administrator/Desktop/EEE\full_cnn.cpp:7:0 VariableId 30
                                  ElementBitsize=32
                                  IsHlsStream=no
                                  FunctionId= 211
                                  IsArray=yes
                                  IsValidArray=yes
                                  IsArgument=yes
                                  Elements=[ 101 ]
                                  HasInsertionLoc=yes
                                  IsFromSystemFunction=no
parallelismSelector::VERBO:     'conv1_w' C:/Users/Administrator/Desktop/EEE\full_cnn.cpp:8:0 VariableId 31
                                  ElementBitsize=32
                                  IsHlsStream=no
                                  FunctionId= 211
                                  IsArray=yes
                                  IsValidArray=yes
                                  IsArgument=yes
                                  Elements=[ 3,  3,  3,  32 ]
                                  HasInsertionLoc=yes
                                  IsFromSystemFunction=no
parallelismSelector::VERBO:     'conv1_b' C:/Users/Administrator/Desktop/EEE\full_cnn.cpp:8:0 VariableId 32
                                  ElementBitsize=32
                                  IsHlsStream=no
                                  FunctionId= 211
                                  IsArray=yes
                                  IsValidArray=yes
                                  IsArgument=yes
                                  Elements=[ 32 ]
                                  HasInsertionLoc=yes
                                  IsFromSystemFunction=no
parallelismSelector::VERBO:     'conv2_w' C:/Users/Administrator/Desktop/EEE\full_cnn.cpp:9:0 VariableId 33
                                  ElementBitsize=32
                                  IsHlsStream=no
                                  FunctionId= 211
                                  IsArray=yes
                                  IsValidArray=yes
                                  IsArgument=yes
                                  Elements=[ 3,  3,  32,  64 ]
                                  HasInsertionLoc=yes
                                  IsFromSystemFunction=no
parallelismSelector::VERBO:     'conv2_b' C:/Users/Administrator/Desktop/EEE\full_cnn.cpp:9:0 VariableId 34
                                  ElementBitsize=32
                                  IsHlsStream=no
                                  FunctionId= 211
                                  IsArray=yes
                                  IsValidArray=yes
                                  IsArgument=yes
                                  Elements=[ 64 ]
                                  HasInsertionLoc=yes
                                  IsFromSystemFunction=no
parallelismSelector::VERBO:     'fc_w' C:/Users/Administrator/Desktop/EEE\full_cnn.cpp:10:0 VariableId 35
                                  ElementBitsize=32
                                  IsHlsStream=no
                                  FunctionId= 211
                                  IsArray=yes
                                  IsValidArray=yes
                                  IsArgument=yes
                                  Elements=[ 64,  101 ]
                                  HasInsertionLoc=yes
                                  IsFromSystemFunction=no
parallelismSelector::VERBO:     'fc_b' C:/Users/Administrator/Desktop/EEE\full_cnn.cpp:10:0 VariableId 36
                                  ElementBitsize=32
                                  IsHlsStream=no
                                  FunctionId= 211
                                  IsArray=yes
                                  IsValidArray=yes
                                  IsArgument=yes
                                  Elements=[ 101 ]
                                  HasInsertionLoc=yes
                                  IsFromSystemFunction=no
parallelismSelector::VERBO:     'conv1_out' C:/Users/Administrator/Desktop/EEE\full_cnn.cpp:24:0 VariableId 37
                                  ElementBitsize=32
                                  IsHlsStream=no
                                  FunctionId= 211
                                  IsArray=yes
                                  IsValidArray=yes
                                  IsArgument=no
                                  Elements=[ 222,  222,  32 ]
                                  HasInsertionLoc=yes
                                  IsFromSystemFunction=no
parallelismSelector::VERBO:     'pool1_out' C:/Users/Administrator/Desktop/EEE\full_cnn.cpp:25:0 VariableId 38
                                  ElementBitsize=32
                                  IsHlsStream=no
                                  FunctionId= 211
                                  IsArray=yes
                                  IsValidArray=yes
                                  IsArgument=no
                                  Elements=[ 111,  111,  32 ]
                                  HasInsertionLoc=yes
                                  IsFromSystemFunction=no
parallelismSelector::VERBO:     'conv2_out' C:/Users/Administrator/Desktop/EEE\full_cnn.cpp:26:0 VariableId 39
                                  ElementBitsize=32
                                  IsHlsStream=no
                                  FunctionId= 211
                                  IsArray=yes
                                  IsValidArray=yes
                                  IsArgument=no
                                  Elements=[ 109,  109,  64 ]
                                  HasInsertionLoc=yes
                                  IsFromSystemFunction=no
parallelismSelector::VERBO:     'pool2_out' C:/Users/Administrator/Desktop/EEE\full_cnn.cpp:27:0 VariableId 40
                                  ElementBitsize=32
                                  IsHlsStream=no
                                  FunctionId= 211
                                  IsArray=yes
                                  IsValidArray=yes
                                  IsArgument=no
                                  Elements=[ 54,  54,  64 ]
                                  HasInsertionLoc=yes
                                  IsFromSystemFunction=no
parallelismSelector::VERBO:     'gap_out' C:/Users/Administrator/Desktop/EEE\full_cnn.cpp:28:0 VariableId 41
                                  ElementBitsize=32
                                  IsHlsStream=no
                                  FunctionId= 211
                                  IsArray=yes
                                  IsValidArray=yes
                                  IsArgument=no
                                  Elements=[ 64 ]
                                  HasInsertionLoc=yes
                                  IsFromSystemFunction=no
parallelismSelector::VERBO:     'conv1_out' C:/Users/Administrator/Desktop/EEE\full_cnn.cpp:24:0 VariableId 42
                                  ElementBitsize=32
                                  IsHlsStream=no
                                  FunctionId= 212
                                  IsArray=yes
                                  IsValidArray=no
                                  IsArgument=yes
                                  Elements=[--,  222,  222,  32 ]
                                  HasInsertionLoc=yes
                                  IsFromSystemFunction=no
parallelismSelector::VERBO:     'pool1_out' C:/Users/Administrator/Desktop/EEE\full_cnn.cpp:25:0 VariableId 43
                                  ElementBitsize=32
                                  IsHlsStream=no
                                  FunctionId= 212
                                  IsArray=yes
                                  IsValidArray=no
                                  IsArgument=yes
                                  Elements=[--,  111,  111,  32 ]
                                  HasInsertionLoc=yes
                                  IsFromSystemFunction=no
parallelismSelector::VERBO:     'conv2_out' C:/Users/Administrator/Desktop/EEE\full_cnn.cpp:26:0 VariableId 44
                                  ElementBitsize=32
                                  IsHlsStream=no
                                  FunctionId= 212
                                  IsArray=yes
                                  IsValidArray=no
                                  IsArgument=yes
                                  Elements=[--,  109,  109,  64 ]
                                  HasInsertionLoc=yes
                                  IsFromSystemFunction=no
parallelismSelector::VERBO:     'pool2_out' C:/Users/Administrator/Desktop/EEE\full_cnn.cpp:27:0 VariableId 45
                                  ElementBitsize=32
                                  IsHlsStream=no
                                  FunctionId= 212
                                  IsArray=yes
                                  IsValidArray=no
                                  IsArgument=yes
                                  Elements=[--,  54,  54,  64 ]
                                  HasInsertionLoc=yes
                                  IsFromSystemFunction=no
parallelismSelector::VERBO:     'gap_out' C:/Users/Administrator/Desktop/EEE\full_cnn.cpp:28:0 VariableId 46
                                  ElementBitsize=32
                                  IsHlsStream=no
                                  FunctionId= 212
                                  IsArray=yes
                                  IsValidArray=no
                                  IsArgument=yes
                                  Elements=[--,  64 ]
                                  HasInsertionLoc=yes
                                  IsFromSystemFunction=no
parallelismSelector::VERBO:     'input' C:/Users/Administrator/Desktop/EEE\full_cnn.cpp:6:0 VariableId 47
                                  ElementBitsize=32
                                  IsHlsStream=no
                                  FunctionId= 213
                                  IsArray=yes
                                  IsValidArray=yes
                                  IsArgument=yes
                                  Elements=[ 224,  224,  3 ]
                                  HasInsertionLoc=yes
                                  IsFromSystemFunction=no
parallelismSelector::VERBO:     'conv1_w' C:/Users/Administrator/Desktop/EEE\full_cnn.cpp:8:0 VariableId 48
                                  ElementBitsize=32
                                  IsHlsStream=no
                                  FunctionId= 213
                                  IsArray=yes
                                  IsValidArray=yes
                                  IsArgument=yes
                                  Elements=[ 3,  3,  3,  32 ]
                                  HasInsertionLoc=yes
                                  IsFromSystemFunction=no
parallelismSelector::VERBO:     'conv1_b' C:/Users/Administrator/Desktop/EEE\full_cnn.cpp:8:0 VariableId 49
                                  ElementBitsize=32
                                  IsHlsStream=no
                                  FunctionId= 213
                                  IsArray=yes
                                  IsValidArray=yes
                                  IsArgument=yes
                                  Elements=[ 32 ]
                                  HasInsertionLoc=yes
                                  IsFromSystemFunction=no
parallelismSelector::VERBO:     'conv1_out' C:/Users/Administrator/Desktop/EEE\full_cnn.cpp:24:0 VariableId 50
                                  ElementBitsize=32
                                  IsHlsStream=no
                                  FunctionId= 213
                                  IsArray=yes
                                  IsValidArray=no
                                  IsArgument=yes
                                  Elements=[--,  222,  222,  32 ]
                                  HasInsertionLoc=yes
                                  IsFromSystemFunction=no
parallelismSelector::VERBO:     'pool1_out' C:/Users/Administrator/Desktop/EEE\full_cnn.cpp:25:0 VariableId 51
                                  ElementBitsize=32
                                  IsHlsStream=no
                                  FunctionId= 214
                                  IsArray=yes
                                  IsValidArray=no
                                  IsArgument=yes
                                  Elements=[--,  111,  111,  32 ]
                                  HasInsertionLoc=yes
                                  IsFromSystemFunction=no
parallelismSelector::VERBO:     'conv1_out' C:/Users/Administrator/Desktop/EEE\full_cnn.cpp:24:0 VariableId 52
                                  ElementBitsize=32
                                  IsHlsStream=no
                                  FunctionId= 214
                                  IsArray=yes
                                  IsValidArray=no
                                  IsArgument=yes
                                  Elements=[--,  222,  222,  32 ]
                                  HasInsertionLoc=yes
                                  IsFromSystemFunction=no
parallelismSelector::VERBO:     'pool1_out' C:/Users/Administrator/Desktop/EEE\full_cnn.cpp:25:0 VariableId 53
                                  ElementBitsize=32
                                  IsHlsStream=no
                                  FunctionId= 215
                                  IsArray=yes
                                  IsValidArray=no
                                  IsArgument=yes
                                  Elements=[--,  111,  111,  32 ]
                                  HasInsertionLoc=yes
                                  IsFromSystemFunction=no
parallelismSelector::VERBO:     'conv2_w' C:/Users/Administrator/Desktop/EEE\full_cnn.cpp:9:0 VariableId 54
                                  ElementBitsize=32
                                  IsHlsStream=no
                                  FunctionId= 215
                                  IsArray=yes
                                  IsValidArray=yes
                                  IsArgument=yes
                                  Elements=[ 3,  3,  32,  64 ]
                                  HasInsertionLoc=yes
                                  IsFromSystemFunction=no
parallelismSelector::VERBO:     'conv2_b' C:/Users/Administrator/Desktop/EEE\full_cnn.cpp:9:0 VariableId 55
                                  ElementBitsize=32
                                  IsHlsStream=no
                                  FunctionId= 215
                                  IsArray=yes
                                  IsValidArray=yes
                                  IsArgument=yes
                                  Elements=[ 64 ]
                                  HasInsertionLoc=yes
                                  IsFromSystemFunction=no
parallelismSelector::VERBO:     'conv2_out' C:/Users/Administrator/Desktop/EEE\full_cnn.cpp:26:0 VariableId 56
                                  ElementBitsize=32
                                  IsHlsStream=no
                                  FunctionId= 215
                                  IsArray=yes
                                  IsValidArray=no
                                  IsArgument=yes
                                  Elements=[--,  109,  109,  64 ]
                                  HasInsertionLoc=yes
                                  IsFromSystemFunction=no
parallelismSelector::VERBO:     'pool2_out' C:/Users/Administrator/Desktop/EEE\full_cnn.cpp:27:0 VariableId 57
                                  ElementBitsize=32
                                  IsHlsStream=no
                                  FunctionId= 216
                                  IsArray=yes
                                  IsValidArray=no
                                  IsArgument=yes
                                  Elements=[--,  54,  54,  64 ]
                                  HasInsertionLoc=yes
                                  IsFromSystemFunction=no
parallelismSelector::VERBO:     'conv2_out' C:/Users/Administrator/Desktop/EEE\full_cnn.cpp:26:0 VariableId 58
                                  ElementBitsize=32
                                  IsHlsStream=no
                                  FunctionId= 216
                                  IsArray=yes
                                  IsValidArray=no
                                  IsArgument=yes
                                  Elements=[--,  109,  109,  64 ]
                                  HasInsertionLoc=yes
                                  IsFromSystemFunction=no
parallelismSelector::VERBO:     'gap_out' C:/Users/Administrator/Desktop/EEE\full_cnn.cpp:28:0 VariableId 59
                                  ElementBitsize=32
                                  IsHlsStream=no
                                  FunctionId= 217
                                  IsArray=yes
                                  IsValidArray=no
                                  IsArgument=yes
                                  Elements=[--,  64 ]
                                  HasInsertionLoc=yes
                                  IsFromSystemFunction=no
parallelismSelector::VERBO:     'pool2_out' C:/Users/Administrator/Desktop/EEE\full_cnn.cpp:27:0 VariableId 60
                                  ElementBitsize=32
                                  IsHlsStream=no
                                  FunctionId= 217
                                  IsArray=yes
                                  IsValidArray=no
                                  IsArgument=yes
                                  Elements=[--,  54,  54,  64 ]
                                  HasInsertionLoc=yes
                                  IsFromSystemFunction=no
parallelismSelector::VERBO:     'fc_b' C:/Users/Administrator/Desktop/EEE\full_cnn.cpp:10:0 VariableId 61
                                  ElementBitsize=32
                                  IsHlsStream=no
                                  FunctionId= 218
                                  IsArray=yes
                                  IsValidArray=yes
                                  IsArgument=yes
                                  Elements=[ 101 ]
                                  HasInsertionLoc=yes
                                  IsFromSystemFunction=no
parallelismSelector::VERBO:     'output' C:/Users/Administrator/Desktop/EEE\full_cnn.cpp:7:0 VariableId 62
                                  ElementBitsize=32
                                  IsHlsStream=no
                                  FunctionId= 218
                                  IsArray=yes
                                  IsValidArray=yes
                                  IsArgument=yes
                                  Elements=[ 101 ]
                                  HasInsertionLoc=yes
                                  IsFromSystemFunction=no
parallelismSelector::VERBO:     'gap_out' C:/Users/Administrator/Desktop/EEE\full_cnn.cpp:28:0 VariableId 63
                                  ElementBitsize=32
                                  IsHlsStream=no
                                  FunctionId= 218
                                  IsArray=yes
                                  IsValidArray=no
                                  IsArgument=yes
                                  Elements=[--,  64 ]
                                  HasInsertionLoc=yes
                                  IsFromSystemFunction=no
parallelismSelector::VERBO:     'fc_w' C:/Users/Administrator/Desktop/EEE\full_cnn.cpp:10:0 VariableId 64
                                  ElementBitsize=32
                                  IsHlsStream=no
                                  FunctionId= 218
                                  IsArray=yes
                                  IsValidArray=yes
                                  IsArgument=yes
                                  Elements=[ 64,  101 ]
                                  HasInsertionLoc=yes
                                  IsFromSystemFunction=no
parallelismSelector::VERBO: Equivalence table
                             Object with value: 29 is mapped to the object with value: 29
                             Object with value: 30 is mapped to the object with value: 30
                             Object with value: 31 is mapped to the object with value: 31
                             Object with value: 32 is mapped to the object with value: 32
                             Object with value: 33 is mapped to the object with value: 33
                             Object with value: 34 is mapped to the object with value: 34
                             Object with value: 35 is mapped to the object with value: 35
                             Object with value: 36 is mapped to the object with value: 36
                             Object with value: 37 is mapped to the object with value: 37
                             Object with value: 38 is mapped to the object with value: 38
                             Object with value: 39 is mapped to the object with value: 39
                             Object with value: 40 is mapped to the object with value: 40
                             Object with value: 41 is mapped to the object with value: 41
                             Object with value: 42 is mapped to the object with value: 37
                             Object with value: 43 is mapped to the object with value: 38
                             Object with value: 44 is mapped to the object with value: 39
                             Object with value: 45 is mapped to the object with value: 40
                             Object with value: 46 is mapped to the object with value: 41
                             Object with value: 47 is mapped to the object with value: 29
                             Object with value: 48 is mapped to the object with value: 31
                             Object with value: 49 is mapped to the object with value: 32
                             Object with value: 50 is mapped to the object with value: 37
                             Object with value: 51 is mapped to the object with value: 38
                             Object with value: 52 is mapped to the object with value: 37
                             Object with value: 53 is mapped to the object with value: 38
                             Object with value: 54 is mapped to the object with value: 33
                             Object with value: 55 is mapped to the object with value: 34
                             Object with value: 56 is mapped to the object with value: 39
                             Object with value: 57 is mapped to the object with value: 40
                             Object with value: 58 is mapped to the object with value: 39
                             Object with value: 59 is mapped to the object with value: 41
                             Object with value: 60 is mapped to the object with value: 40
                             Object with value: 61 is mapped to the object with value: 36
                             Object with value: 62 is mapped to the object with value: 30
                             Object with value: 63 is mapped to the object with value: 41
                             Object with value: 64 is mapped to the object with value: 35
                            
parallelismSelector::VERBO: Nesting structure:
                            +- Loop with id 39, Trip Count: (Static=32, Dynamic [x1]), [PerfectNest], Loc=C:/Users/Administrator/Desktop/EEE\full_cnn.cpp:31:5, Vars=32,
                               +- Loop with id 40, Trip Count: (Static=222, Dynamic [x32]), [PerfectNest], Loc=C:/Users/Administrator/Desktop/EEE\full_cnn.cpp:32:9
                                  +- Loop with id 41, Trip Count: (Static=222, Dynamic [x7104]), Loc=C:/Users/Administrator/Desktop/EEE\full_cnn.cpp:33:13, Vars=37,
                                     +- Loop with id 42, Trip Count: (Static=3, Dynamic [x1577088]), [PerfectNest], [RAW], Loc=C:/Users/Administrator/Desktop/EEE\full_cnn.cpp:35:17
                                        +- Loop with id 43, Trip Count: (Static=3, Dynamic [x4731264]), [PerfectNest], [RAW], Loc=C:/Users/Administrator/Desktop/EEE\full_cnn.cpp:36:21
                                           +- Loop with id 44, Trip Count: (Static=3, Dynamic [x14193792]), [RAW], Loc=C:/Users/Administrator/Desktop/EEE\full_cnn.cpp:37:25, Vars=29,31,
                            +- Loop with id 34, Trip Count: (Static=32, Dynamic [x1]), [PerfectNest], Loc=C:/Users/Administrator/Desktop/EEE\full_cnn.cpp:49:5
                               +- Loop with id 35, Trip Count: (Static=111, Dynamic [x32]), [PerfectNest], Loc=C:/Users/Administrator/Desktop/EEE\full_cnn.cpp:50:9
                                  +- Loop with id 36, Trip Count: (Static=111, Dynamic [x3552]), Loc=C:/Users/Administrator/Desktop/EEE\full_cnn.cpp:51:13, Vars=38,
                                     +- Loop with id 37, Trip Count: (Static=2, Dynamic [x394272]), [PerfectNest], [RAW], Loc=C:/Users/Administrator/Desktop/EEE\full_cnn.cpp:53:17
                                        +- Loop with id 38, Trip Count: (Static=2, Dynamic [x788544]), [RAW], Loc=C:/Users/Administrator/Desktop/EEE\full_cnn.cpp:54:21, Vars=37,
                            +- Loop with id 28, Trip Count: (Static=64, Dynamic [x1]), [PerfectNest], Loc=C:/Users/Administrator/Desktop/EEE\full_cnn.cpp:65:5, Vars=34,
                               +- Loop with id 29, Trip Count: (Static=109, Dynamic [x64]), [PerfectNest], Loc=C:/Users/Administrator/Desktop/EEE\full_cnn.cpp:66:9
                                  +- Loop with id 30, Trip Count: (Static=109, Dynamic [x6976]), Loc=C:/Users/Administrator/Desktop/EEE\full_cnn.cpp:67:13, Vars=39,
                                     +- Loop with id 31, Trip Count: (Static=32, Dynamic [x760384]), [PerfectNest], [RAW], Loc=C:/Users/Administrator/Desktop/EEE\full_cnn.cpp:69:17
                                        +- Loop with id 32, Trip Count: (Static=3, Dynamic [x24332288]), [PerfectNest], [RAW], Loc=C:/Users/Administrator/Desktop/EEE\full_cnn.cpp:70:21
                                           +- Loop with id 33, Trip Count: (Static=3, Dynamic [x72996864]), [RAW], Loc=C:/Users/Administrator/Desktop/EEE\full_cnn.cpp:71:25, Vars=33,38,
                            +- Loop with id 23, Trip Count: (Static=64, Dynamic [x1]), [PerfectNest], Loc=C:/Users/Administrator/Desktop/EEE\full_cnn.cpp:83:5
                               +- Loop with id 24, Trip Count: (Static=54, Dynamic [x64]), [PerfectNest], Loc=C:/Users/Administrator/Desktop/EEE\full_cnn.cpp:84:9
                                  +- Loop with id 25, Trip Count: (Static=54, Dynamic [x3456]), Loc=C:/Users/Administrator/Desktop/EEE\full_cnn.cpp:85:13, Vars=40,
                                     +- Loop with id 26, Trip Count: (Static=2, Dynamic [x186624]), [PerfectNest], [RAW], Loc=C:/Users/Administrator/Desktop/EEE\full_cnn.cpp:87:17
                                        +- Loop with id 27, Trip Count: (Static=2, Dynamic [x373248]), [RAW], Loc=C:/Users/Administrator/Desktop/EEE\full_cnn.cpp:88:21, Vars=39,
                            +- Loop with id 20, Trip Count: (Static=64, Dynamic [x1]), Loc=C:/Users/Administrator/Desktop/EEE\full_cnn.cpp:99:5, Vars=41,
                               +- Loop with id 21, Trip Count: (Static=54, Dynamic [x64]), [PerfectNest], [RAW], Loc=C:/Users/Administrator/Desktop/EEE\full_cnn.cpp:101:9
                                  +- Loop with id 22, Trip Count: (Static=54, Dynamic [x3456]), [RAW], Loc=C:/Users/Administrator/Desktop/EEE\full_cnn.cpp:102:13, Vars=40,
                            +- Loop with id 18, Trip Count: (Static=101, Dynamic [x1]), Loc=C:/Users/Administrator/Desktop/EEE\full_cnn.cpp:110:5, Vars=30,36,
                               +- Loop with id 19, Trip Count: (Static=64, Dynamic [x101]), [RAW], Loc=C:/Users/Administrator/Desktop/EEE\full_cnn.cpp:112:9, Vars=35,41,
                            
parallelismSelector::VERBO: Nesting structure after dynamic trip count update:
                            +- Loop with id 39, Trip Count: (Static=32, Dynamic [x1]), [PerfectNest], Loc=C:/Users/Administrator/Desktop/EEE\full_cnn.cpp:31:5, Vars=32,
                               +- Loop with id 40, Trip Count: (Static=222, Dynamic [x32]), [PerfectNest], Loc=C:/Users/Administrator/Desktop/EEE\full_cnn.cpp:32:9
                                  +- Loop with id 41, Trip Count: (Static=222, Dynamic [x7104]), Loc=C:/Users/Administrator/Desktop/EEE\full_cnn.cpp:33:13, Vars=37,
                                     +- Loop with id 42, Trip Count: (Static=3, Dynamic [x1577088]), [PerfectNest], [RAW], Loc=C:/Users/Administrator/Desktop/EEE\full_cnn.cpp:35:17
                                        +- Loop with id 43, Trip Count: (Static=3, Dynamic [x4731264]), [PerfectNest], [RAW], Loc=C:/Users/Administrator/Desktop/EEE\full_cnn.cpp:36:21
                                           +- Loop with id 44, Trip Count: (Static=3, Dynamic [x14193792]), [RAW], Loc=C:/Users/Administrator/Desktop/EEE\full_cnn.cpp:37:25, Vars=29,31,
                            +- Loop with id 34, Trip Count: (Static=32, Dynamic [x1]), [PerfectNest], Loc=C:/Users/Administrator/Desktop/EEE\full_cnn.cpp:49:5
                               +- Loop with id 35, Trip Count: (Static=111, Dynamic [x32]), [PerfectNest], Loc=C:/Users/Administrator/Desktop/EEE\full_cnn.cpp:50:9
                                  +- Loop with id 36, Trip Count: (Static=111, Dynamic [x3552]), Loc=C:/Users/Administrator/Desktop/EEE\full_cnn.cpp:51:13, Vars=38,
                                     +- Loop with id 37, Trip Count: (Static=2, Dynamic [x394272]), [PerfectNest], [RAW], Loc=C:/Users/Administrator/Desktop/EEE\full_cnn.cpp:53:17
                                        +- Loop with id 38, Trip Count: (Static=2, Dynamic [x788544]), [RAW], Loc=C:/Users/Administrator/Desktop/EEE\full_cnn.cpp:54:21, Vars=37,
                            +- Loop with id 28, Trip Count: (Static=64, Dynamic [x1]), [PerfectNest], Loc=C:/Users/Administrator/Desktop/EEE\full_cnn.cpp:65:5, Vars=34,
                               +- Loop with id 29, Trip Count: (Static=109, Dynamic [x64]), [PerfectNest], Loc=C:/Users/Administrator/Desktop/EEE\full_cnn.cpp:66:9
                                  +- Loop with id 30, Trip Count: (Static=109, Dynamic [x6976]), Loc=C:/Users/Administrator/Desktop/EEE\full_cnn.cpp:67:13, Vars=39,
                                     +- Loop with id 31, Trip Count: (Static=32, Dynamic [x760384]), [PerfectNest], [RAW], Loc=C:/Users/Administrator/Desktop/EEE\full_cnn.cpp:69:17
                                        +- Loop with id 32, Trip Count: (Static=3, Dynamic [x24332288]), [PerfectNest], [RAW], Loc=C:/Users/Administrator/Desktop/EEE\full_cnn.cpp:70:21
                                           +- Loop with id 33, Trip Count: (Static=3, Dynamic [x72996864]), [RAW], Loc=C:/Users/Administrator/Desktop/EEE\full_cnn.cpp:71:25, Vars=33,38,
                            +- Loop with id 23, Trip Count: (Static=64, Dynamic [x1]), [PerfectNest], Loc=C:/Users/Administrator/Desktop/EEE\full_cnn.cpp:83:5
                               +- Loop with id 24, Trip Count: (Static=54, Dynamic [x64]), [PerfectNest], Loc=C:/Users/Administrator/Desktop/EEE\full_cnn.cpp:84:9
                                  +- Loop with id 25, Trip Count: (Static=54, Dynamic [x3456]), Loc=C:/Users/Administrator/Desktop/EEE\full_cnn.cpp:85:13, Vars=40,
                                     +- Loop with id 26, Trip Count: (Static=2, Dynamic [x186624]), [PerfectNest], [RAW], Loc=C:/Users/Administrator/Desktop/EEE\full_cnn.cpp:87:17
                                        +- Loop with id 27, Trip Count: (Static=2, Dynamic [x373248]), [RAW], Loc=C:/Users/Administrator/Desktop/EEE\full_cnn.cpp:88:21, Vars=39,
                            +- Loop with id 20, Trip Count: (Static=64, Dynamic [x1]), Loc=C:/Users/Administrator/Desktop/EEE\full_cnn.cpp:99:5, Vars=41,
                               +- Loop with id 21, Trip Count: (Static=54, Dynamic [x64]), [PerfectNest], [RAW], Loc=C:/Users/Administrator/Desktop/EEE\full_cnn.cpp:101:9
                                  +- Loop with id 22, Trip Count: (Static=54, Dynamic [x3456]), [RAW], Loc=C:/Users/Administrator/Desktop/EEE\full_cnn.cpp:102:13, Vars=40,
                            +- Loop with id 18, Trip Count: (Static=101, Dynamic [x1]), Loc=C:/Users/Administrator/Desktop/EEE\full_cnn.cpp:110:5, Vars=30,36,
                               +- Loop with id 19, Trip Count: (Static=64, Dynamic [x101]), [RAW], Loc=C:/Users/Administrator/Desktop/EEE\full_cnn.cpp:112:9, Vars=35,41,
                            
parallelismSelector::VERBO: Function 'full_cnn' not inlined as per top-levels
parallelismSelector::VERBO: Function 'Outline_T3_F211_R2_Atomic' not inlined as per dataflow task
parallelismSelector::VERBO: Function 'Outline_T4_F211_R3_Loop' not inlined as per dataflow task
parallelismSelector::VERBO: Function 'Outline_T5_F211_R75_Loop' not inlined as per dataflow task
parallelismSelector::VERBO: Function 'Outline_T6_F211_R138_Loop' not inlined as per dataflow task
parallelismSelector::VERBO: Function 'Outline_T7_F211_R210_Loop' not inlined as per dataflow task
parallelismSelector::VERBO: Function 'Outline_T8_F211_R273_Loop' not inlined as per dataflow task
parallelismSelector::VERBO: Function 'Outline_T9_F211_R308_Loop' not inlined as per dataflow task
parallelismSelector::VERBO: Nesting structure after static trip count upper bound calculation for symbolically bounded loops:
                            +- Loop with id 39, Trip Count: (Static=32, Dynamic [x1]), [PerfectNest], Loc=C:/Users/Administrator/Desktop/EEE\full_cnn.cpp:31:5, Vars=32,
                               +- Loop with id 40, Trip Count: (Static=222, Dynamic [x32]), [PerfectNest], Loc=C:/Users/Administrator/Desktop/EEE\full_cnn.cpp:32:9
                                  +- Loop with id 41, Trip Count: (Static=222, Dynamic [x7104]), Loc=C:/Users/Administrator/Desktop/EEE\full_cnn.cpp:33:13, Vars=37,
                                     +- Loop with id 42, Trip Count: (Static=3, Dynamic [x1577088]), [PerfectNest], [RAW], Loc=C:/Users/Administrator/Desktop/EEE\full_cnn.cpp:35:17
                                        +- Loop with id 43, Trip Count: (Static=3, Dynamic [x4731264]), [PerfectNest], [RAW], Loc=C:/Users/Administrator/Desktop/EEE\full_cnn.cpp:36:21
                                           +- Loop with id 44, Trip Count: (Static=3, Dynamic [x14193792]), [RAW], Loc=C:/Users/Administrator/Desktop/EEE\full_cnn.cpp:37:25, Vars=29,31,
                            +- Loop with id 34, Trip Count: (Static=32, Dynamic [x1]), [PerfectNest], Loc=C:/Users/Administrator/Desktop/EEE\full_cnn.cpp:49:5
                               +- Loop with id 35, Trip Count: (Static=111, Dynamic [x32]), [PerfectNest], Loc=C:/Users/Administrator/Desktop/EEE\full_cnn.cpp:50:9
                                  +- Loop with id 36, Trip Count: (Static=111, Dynamic [x3552]), Loc=C:/Users/Administrator/Desktop/EEE\full_cnn.cpp:51:13, Vars=38,
                                     +- Loop with id 37, Trip Count: (Static=2, Dynamic [x394272]), [PerfectNest], [RAW], Loc=C:/Users/Administrator/Desktop/EEE\full_cnn.cpp:53:17
                                        +- Loop with id 38, Trip Count: (Static=2, Dynamic [x788544]), [RAW], Loc=C:/Users/Administrator/Desktop/EEE\full_cnn.cpp:54:21, Vars=37,
                            +- Loop with id 28, Trip Count: (Static=64, Dynamic [x1]), [PerfectNest], Loc=C:/Users/Administrator/Desktop/EEE\full_cnn.cpp:65:5, Vars=34,
                               +- Loop with id 29, Trip Count: (Static=109, Dynamic [x64]), [PerfectNest], Loc=C:/Users/Administrator/Desktop/EEE\full_cnn.cpp:66:9
                                  +- Loop with id 30, Trip Count: (Static=109, Dynamic [x6976]), Loc=C:/Users/Administrator/Desktop/EEE\full_cnn.cpp:67:13, Vars=39,
                                     +- Loop with id 31, Trip Count: (Static=32, Dynamic [x760384]), [PerfectNest], [RAW], Loc=C:/Users/Administrator/Desktop/EEE\full_cnn.cpp:69:17
                                        +- Loop with id 32, Trip Count: (Static=3, Dynamic [x24332288]), [PerfectNest], [RAW], Loc=C:/Users/Administrator/Desktop/EEE\full_cnn.cpp:70:21
                                           +- Loop with id 33, Trip Count: (Static=3, Dynamic [x72996864]), [RAW], Loc=C:/Users/Administrator/Desktop/EEE\full_cnn.cpp:71:25, Vars=33,38,
                            +- Loop with id 23, Trip Count: (Static=64, Dynamic [x1]), [PerfectNest], Loc=C:/Users/Administrator/Desktop/EEE\full_cnn.cpp:83:5
                               +- Loop with id 24, Trip Count: (Static=54, Dynamic [x64]), [PerfectNest], Loc=C:/Users/Administrator/Desktop/EEE\full_cnn.cpp:84:9
                                  +- Loop with id 25, Trip Count: (Static=54, Dynamic [x3456]), Loc=C:/Users/Administrator/Desktop/EEE\full_cnn.cpp:85:13, Vars=40,
                                     +- Loop with id 26, Trip Count: (Static=2, Dynamic [x186624]), [PerfectNest], [RAW], Loc=C:/Users/Administrator/Desktop/EEE\full_cnn.cpp:87:17
                                        +- Loop with id 27, Trip Count: (Static=2, Dynamic [x373248]), [RAW], Loc=C:/Users/Administrator/Desktop/EEE\full_cnn.cpp:88:21, Vars=39,
                            +- Loop with id 20, Trip Count: (Static=64, Dynamic [x1]), Loc=C:/Users/Administrator/Desktop/EEE\full_cnn.cpp:99:5, Vars=41,
                               +- Loop with id 21, Trip Count: (Static=54, Dynamic [x64]), [PerfectNest], [RAW], Loc=C:/Users/Administrator/Desktop/EEE\full_cnn.cpp:101:9
                                  +- Loop with id 22, Trip Count: (Static=54, Dynamic [x3456]), [RAW], Loc=C:/Users/Administrator/Desktop/EEE\full_cnn.cpp:102:13, Vars=40,
                            +- Loop with id 18, Trip Count: (Static=101, Dynamic [x1]), Loc=C:/Users/Administrator/Desktop/EEE\full_cnn.cpp:110:5, Vars=30,36,
                               +- Loop with id 19, Trip Count: (Static=64, Dynamic [x101]), [RAW], Loc=C:/Users/Administrator/Desktop/EEE\full_cnn.cpp:112:9, Vars=35,41,
                            
parallelismSelector::VERBO: Max iterations for loop 39 are 32
parallelismSelector::VERBO:  - loop 39 is "C:/Users/Administrator/Desktop/EEE\full_cnn.cpp":31:5
parallelismSelector::VERBO: Max iterations for loop 40 are 222
parallelismSelector::VERBO:  - loop 40 is "C:/Users/Administrator/Desktop/EEE\full_cnn.cpp":32:9
parallelismSelector::VERBO: Max iterations for loop 41 are 222
parallelismSelector::VERBO:  - loop 41 is "C:/Users/Administrator/Desktop/EEE\full_cnn.cpp":33:13
parallelismSelector::VERBO: Max iterations for loop 42 are 3
parallelismSelector::VERBO:  - loop 42 is "C:/Users/Administrator/Desktop/EEE\full_cnn.cpp":35:17
parallelismSelector::VERBO: Max iterations for loop 43 are 3
parallelismSelector::VERBO:  - loop 43 is "C:/Users/Administrator/Desktop/EEE\full_cnn.cpp":36:21
parallelismSelector::VERBO: Max iterations for loop 44 are 3
parallelismSelector::VERBO:  - loop 44 is "C:/Users/Administrator/Desktop/EEE\full_cnn.cpp":37:25
parallelismSelector::VERBO: Max iterations for loop 34 are 32
parallelismSelector::VERBO:  - loop 34 is "C:/Users/Administrator/Desktop/EEE\full_cnn.cpp":49:5
parallelismSelector::VERBO: Max iterations for loop 35 are 111
parallelismSelector::VERBO:  - loop 35 is "C:/Users/Administrator/Desktop/EEE\full_cnn.cpp":50:9
parallelismSelector::VERBO: Max iterations for loop 36 are 111
parallelismSelector::VERBO:  - loop 36 is "C:/Users/Administrator/Desktop/EEE\full_cnn.cpp":51:13
parallelismSelector::VERBO: Max iterations for loop 37 are 2
parallelismSelector::VERBO:  - loop 37 is "C:/Users/Administrator/Desktop/EEE\full_cnn.cpp":53:17
parallelismSelector::VERBO: Max iterations for loop 38 are 2
parallelismSelector::VERBO:  - loop 38 is "C:/Users/Administrator/Desktop/EEE\full_cnn.cpp":54:21
parallelismSelector::VERBO: Max iterations for loop 28 are 64
parallelismSelector::VERBO:  - loop 28 is "C:/Users/Administrator/Desktop/EEE\full_cnn.cpp":65:5
parallelismSelector::VERBO: Max iterations for loop 29 are 109
parallelismSelector::VERBO:  - loop 29 is "C:/Users/Administrator/Desktop/EEE\full_cnn.cpp":66:9
parallelismSelector::VERBO: Max iterations for loop 30 are 109
parallelismSelector::VERBO:  - loop 30 is "C:/Users/Administrator/Desktop/EEE\full_cnn.cpp":67:13
parallelismSelector::VERBO: Max iterations for loop 31 are 32
parallelismSelector::VERBO:  - loop 31 is "C:/Users/Administrator/Desktop/EEE\full_cnn.cpp":69:17
parallelismSelector::VERBO: Max iterations for loop 32 are 3
parallelismSelector::VERBO:  - loop 32 is "C:/Users/Administrator/Desktop/EEE\full_cnn.cpp":70:21
parallelismSelector::VERBO: Max iterations for loop 33 are 3
parallelismSelector::VERBO:  - loop 33 is "C:/Users/Administrator/Desktop/EEE\full_cnn.cpp":71:25
parallelismSelector::VERBO: Max iterations for loop 23 are 64
parallelismSelector::VERBO:  - loop 23 is "C:/Users/Administrator/Desktop/EEE\full_cnn.cpp":83:5
parallelismSelector::VERBO: Max iterations for loop 24 are 54
parallelismSelector::VERBO:  - loop 24 is "C:/Users/Administrator/Desktop/EEE\full_cnn.cpp":84:9
parallelismSelector::VERBO: Max iterations for loop 25 are 54
parallelismSelector::VERBO:  - loop 25 is "C:/Users/Administrator/Desktop/EEE\full_cnn.cpp":85:13
parallelismSelector::VERBO: Max iterations for loop 26 are 2
parallelismSelector::VERBO:  - loop 26 is "C:/Users/Administrator/Desktop/EEE\full_cnn.cpp":87:17
parallelismSelector::VERBO: Max iterations for loop 27 are 2
parallelismSelector::VERBO:  - loop 27 is "C:/Users/Administrator/Desktop/EEE\full_cnn.cpp":88:21
parallelismSelector::VERBO: Max iterations for loop 20 are 64
parallelismSelector::VERBO:  - loop 20 is "C:/Users/Administrator/Desktop/EEE\full_cnn.cpp":99:5
parallelismSelector::VERBO: Max iterations for loop 21 are 54
parallelismSelector::VERBO:  - loop 21 is "C:/Users/Administrator/Desktop/EEE\full_cnn.cpp":101:9
parallelismSelector::VERBO: Max iterations for loop 22 are 54
parallelismSelector::VERBO:  - loop 22 is "C:/Users/Administrator/Desktop/EEE\full_cnn.cpp":102:13
parallelismSelector::VERBO: Max iterations for loop 18 are 101
parallelismSelector::VERBO:  - loop 18 is "C:/Users/Administrator/Desktop/EEE\full_cnn.cpp":110:5
parallelismSelector::VERBO: Max iterations for loop 19 are 64
parallelismSelector::VERBO:  - loop 19 is "C:/Users/Administrator/Desktop/EEE\full_cnn.cpp":112:9
parallelismSelector::VERBO: Partitioning variable 'input' C:/Users/Administrator/Desktop/EEE\full_cnn.cpp:6:0 VariableId 29
parallelismSelector::VERBO: Partitioning variable 'output' C:/Users/Administrator/Desktop/EEE\full_cnn.cpp:7:0 VariableId 30
parallelismSelector::VERBO: Partitioning variable 'conv1_w' C:/Users/Administrator/Desktop/EEE\full_cnn.cpp:8:0 VariableId 31
parallelismSelector::VERBO: Partitioning variable 'conv1_b' C:/Users/Administrator/Desktop/EEE\full_cnn.cpp:8:0 VariableId 32
parallelismSelector::VERBO: Partitioning variable 'conv2_w' C:/Users/Administrator/Desktop/EEE\full_cnn.cpp:9:0 VariableId 33
parallelismSelector::VERBO: Partitioning variable 'conv2_b' C:/Users/Administrator/Desktop/EEE\full_cnn.cpp:9:0 VariableId 34
parallelismSelector::VERBO: Partitioning variable 'fc_w' C:/Users/Administrator/Desktop/EEE\full_cnn.cpp:10:0 VariableId 35
parallelismSelector::VERBO: Partitioning variable 'fc_b' C:/Users/Administrator/Desktop/EEE\full_cnn.cpp:10:0 VariableId 36
parallelismSelector::VERBO: Partitioning variable 'conv1_out' C:/Users/Administrator/Desktop/EEE\full_cnn.cpp:24:0 VariableId 37
parallelismSelector::VERBO: Partitioning variable 'pool1_out' C:/Users/Administrator/Desktop/EEE\full_cnn.cpp:25:0 VariableId 38
parallelismSelector::VERBO: Partitioning variable 'conv2_out' C:/Users/Administrator/Desktop/EEE\full_cnn.cpp:26:0 VariableId 39
parallelismSelector::VERBO: Partitioning variable 'pool2_out' C:/Users/Administrator/Desktop/EEE\full_cnn.cpp:27:0 VariableId 40
parallelismSelector::VERBO: Partitioning variable 'gap_out' C:/Users/Administrator/Desktop/EEE\full_cnn.cpp:28:0 VariableId 41
parallelismSelector::VERBO: Initial branch:
                            FunctionPipelineTopLevel: Maybe
                            Reshape {dim 0: cyclic 1, 2, 4, 7, 8, 14, 16, 28, 32, 56, 112, dim 1: cyclic 1, 2, 4, 7, 8, 14, 16, 28, 32, 56, 112, dim 2: cyclic 1} (VariableName input) (VariableId 29)
                            Reshape {dim 0: cyclic 1 complete} (VariableName output) (VariableId 30)
                            Reshape {dim 0: cyclic 1, dim 1: cyclic 1, dim 2: cyclic 1, dim 3: cyclic 1, 2, 4, 8, 16} (VariableName conv1_w) (VariableId 31)
                            Reshape {dim 0: cyclic 1, 2, 4, 8, 16 complete} (VariableName conv1_b) (VariableId 32)
                            Reshape {dim 0: cyclic 1, dim 1: cyclic 1, dim 2: cyclic 1, 2, 4, 8, 16, dim 3: cyclic 1, 2, 4, 8, 16, 32} (VariableName conv2_w) (VariableId 33)
                            Reshape {dim 0: cyclic 1, 2, 4, 8, 16, 32 complete} (VariableName conv2_b) (VariableId 34)
                            Reshape {dim 0: cyclic 1, 2, 4, 8, 16, 32, dim 1: cyclic 1} (VariableName fc_w) (VariableId 35)
                            Reshape {dim 0: cyclic 1 complete} (VariableName fc_b) (VariableId 36)
                            Partition {dim 0: cyclic 1, 2, 3, 6, 37, 74, 111, dim 1: cyclic 1, 2, 3, 6, 37, 74, 111, dim 2: cyclic 1, 2, 4, 8, 16} (VariableName conv1_out) (VariableId 37)
                            Partition {dim 0: cyclic 1, 3, 37, dim 1: cyclic 1, 3, 37, dim 2: cyclic 1, 2, 4, 8, 16} (VariableName pool1_out) (VariableId 38)
                            Partition {dim 0: cyclic 1, dim 1: cyclic 1, dim 2: cyclic 1, 2, 4, 8, 16, 32} (VariableName conv2_out) (VariableId 39)
                            Partition {dim 0: cyclic 1, 2, 3, 6, 9, 18, 27, dim 1: cyclic 1, 2, 3, 6, 9, 18, 27, dim 2: cyclic 1, 2, 4, 8, 16, 32} (VariableName pool2_out) (VariableId 40)
                            Partition {dim 0: cyclic 1, 2, 4, 8, 16, 32 complete} (VariableName gap_out) (VariableId 41)
                            +- pipeline, unroll with factors 1, 2, 4, 8, 16, 32, unroll/pipeline with factors 2, 4, 8, 16 (LoopId 39)
                               +- pipeline, unroll with factors 1, 2, 3, 6, 37, 74, 111, 222, unroll/pipeline with factors 2, 3, 6, 37, 74, 111 (LoopId 40)
                                  +- pipeline, unroll with factors 1, 2, 3, 6, 37, 74, 111, 222, unroll/pipeline with factors 2, 3, 6, 37, 74, 111 (LoopId 41)
                                     +- pipeline, unroll with factors 1, 3 (LoopId 42)
                                        +- pipeline, unroll with factors 1, 3 (LoopId 43)
                                           +- pipeline, unroll with factors 1, 3 (LoopId 44)
                            +- pipeline, unroll with factors 1, 2, 4, 8, 16, 32, unroll/pipeline with factors 2, 4, 8, 16 (LoopId 34)
                               +- pipeline, unroll with factors 1, 3, 37, 111, unroll/pipeline with factors 3, 37 (LoopId 35)
                                  +- pipeline, unroll with factors 1, 3, 37, 111, unroll/pipeline with factors 3, 37 (LoopId 36)
                                     +- pipeline, unroll with factors 1, 2 (LoopId 37)
                                        +- pipeline, unroll with factors 1, 2 (LoopId 38)
                            +- pipeline, unroll with factors 1, 2, 4, 8, 16, 32, 64, unroll/pipeline with factors 2, 4, 8, 16, 32 (LoopId 28)
                               +- pipeline, unroll with factors 1, 109 (LoopId 29)
                                  +- pipeline, unroll with factors 1, 109 (LoopId 30)
                                     +- pipeline, unroll with factors 1, 32 (LoopId 31)
                                        +- pipeline, unroll with factors 1, 3 (LoopId 32)
                                           +- pipeline, unroll with factors 1, 3 (LoopId 33)
                            +- pipeline, unroll with factors 1, 2, 4, 8, 16, 32, 64, unroll/pipeline with factors 2, 4, 8, 16, 32 (LoopId 23)
                               +- pipeline, unroll with factors 1, 2, 3, 6, 9, 18, 27, 54, unroll/pipeline with factors 2, 3, 6, 9, 18, 27 (LoopId 24)
                                  +- pipeline, unroll with factors 1, 2, 3, 6, 9, 18, 27, 54, unroll/pipeline with factors 2, 3, 6, 9, 18, 27 (LoopId 25)
                                     +- pipeline, unroll with factors 1, 2 (LoopId 26)
                                        +- pipeline, unroll with factors 1, 2 (LoopId 27)
                            +- pipeline, unroll with factors 1, 2, 4, 8, 16, 32, 64, unroll/pipeline with factors 2, 4, 8, 16, 32 (LoopId 20)
                               +- pipeline, unroll with factors 1, 54 (LoopId 21)
                                  +- pipeline, unroll with factors 1, 54 (LoopId 22)
                            +- pipeline, unroll with factors 1, 101 (LoopId 18)
                               +- pipeline, unroll with factors 1, 64 (LoopId 19)
                            
parallelismSelector::VERBO: Initial branch after first round of constraints:
                            FunctionPipelineTopLevel: Maybe
                            Reshape {dim 0: cyclic 1, 2, 4, 7, 8, 14, 16, 28, 32, 56, 112, dim 1: cyclic 1, 2, 4, 7, 8, 14, 16, 28, 32, 56, 112, dim 2: cyclic 1} (VariableName input) (VariableId 29)
                            Reshape {dim 0: cyclic 1 complete} (VariableName output) (VariableId 30)
                            Reshape {dim 0: cyclic 1, dim 1: cyclic 1, dim 2: cyclic 1, dim 3: cyclic 1, 2, 4, 8, 16} (VariableName conv1_w) (VariableId 31)
                            Reshape {dim 0: cyclic 1, 2, 4, 8, 16 complete} (VariableName conv1_b) (VariableId 32)
                            Reshape {dim 0: cyclic 1, dim 1: cyclic 1, dim 2: cyclic 1, 2, 4, 8, 16, dim 3: cyclic 1, 2, 4, 8, 16, 32} (VariableName conv2_w) (VariableId 33)
                            Reshape {dim 0: cyclic 1, 2, 4, 8, 16, 32 complete} (VariableName conv2_b) (VariableId 34)
                            Reshape {dim 0: cyclic 1, 2, 4, 8, 16, 32, dim 1: cyclic 1} (VariableName fc_w) (VariableId 35)
                            Reshape {dim 0: cyclic 1 complete} (VariableName fc_b) (VariableId 36)
                            Partition {dim 0: cyclic 1, 2, 3, 6, 37, 74, 111, dim 1: cyclic 1, 2, 3, 6, 37, 74, 111, dim 2: cyclic 1, 2, 4, 8, 16} (VariableName conv1_out) (VariableId 37)
                            Partition {dim 0: cyclic 1, 3, 37, dim 1: cyclic 1, 3, 37, dim 2: cyclic 1, 2, 4, 8, 16} (VariableName pool1_out) (VariableId 38)
                            Partition {dim 0: cyclic 1, dim 1: cyclic 1, dim 2: cyclic 1, 2, 4, 8, 16, 32} (VariableName conv2_out) (VariableId 39)
                            Partition {dim 0: cyclic 1, 2, 3, 6, 9, 18, 27, dim 1: cyclic 1, 2, 3, 6, 9, 18, 27, dim 2: cyclic 1, 2, 4, 8, 16, 32} (VariableName pool2_out) (VariableId 40)
                            Partition {dim 0: cyclic 1, 2, 4, 8, 16, 32 complete} (VariableName gap_out) (VariableId 41)
                            +- pipeline, unroll with factors 1, 2, 4, 8, 16, 32, unroll/pipeline with factors 2, 4, 8, 16 (LoopId 39)
                               +- pipeline, unroll with factors 1, 2, 3, 6, 37, 74, 111, 222, unroll/pipeline with factors 2, 3, 6, 37, 74, 111 (LoopId 40)
                                  +- pipeline, unroll with factors 1, 2, 3, 6, 37, 74, 111, 222, unroll/pipeline with factors 2, 3, 6, 37, 74, 111 (LoopId 41)
                                     +- pipeline, unroll with factors 1, 3 (LoopId 42)
                                        +- pipeline, unroll with factors 1, 3 (LoopId 43)
                                           +- pipeline, unroll with factors 1, 3 (LoopId 44)
                            +- pipeline, unroll with factors 1, 2, 4, 8, 16, 32, unroll/pipeline with factors 2, 4, 8, 16 (LoopId 34)
                               +- pipeline, unroll with factors 1, 3, 37, 111, unroll/pipeline with factors 3, 37 (LoopId 35)
                                  +- pipeline, unroll with factors 1, 3, 37, 111, unroll/pipeline with factors 3, 37 (LoopId 36)
                                     +- pipeline, unroll with factors 1, 2 (LoopId 37)
                                        +- pipeline, unroll with factors 1, 2 (LoopId 38)
                            +- pipeline, unroll with factors 1, 2, 4, 8, 16, 32, 64, unroll/pipeline with factors 2, 4, 8, 16, 32 (LoopId 28)
                               +- pipeline, unroll with factors 1, 109 (LoopId 29)
                                  +- pipeline, unroll with factors 1, 109 (LoopId 30)
                                     +- pipeline, unroll with factors 1, 32 (LoopId 31)
                                        +- pipeline, unroll with factors 1, 3 (LoopId 32)
                                           +- pipeline, unroll with factors 1, 3 (LoopId 33)
                            +- pipeline, unroll with factors 1, 2, 4, 8, 16, 32, 64, unroll/pipeline with factors 2, 4, 8, 16, 32 (LoopId 23)
                               +- pipeline, unroll with factors 1, 2, 3, 6, 9, 18, 27, 54, unroll/pipeline with factors 2, 3, 6, 9, 18, 27 (LoopId 24)
                                  +- pipeline, unroll with factors 1, 2, 3, 6, 9, 18, 27, 54, unroll/pipeline with factors 2, 3, 6, 9, 18, 27 (LoopId 25)
                                     +- pipeline, unroll with factors 1, 2 (LoopId 26)
                                        +- pipeline, unroll with factors 1, 2 (LoopId 27)
                            +- pipeline, unroll with factors 1, 2, 4, 8, 16, 32, 64, unroll/pipeline with factors 2, 4, 8, 16, 32 (LoopId 20)
                               +- pipeline, unroll with factors 1, 54 (LoopId 21)
                                  +- pipeline, unroll with factors 1, 54 (LoopId 22)
                            +- pipeline, unroll with factors 1, 101 (LoopId 18)
                               +- pipeline, unroll with factors 1, 64 (LoopId 19)
                            
parallelismSelector::VERBO: Nesting structure after user pragma constraints:
                            +- Loop with id 39, Trip Count: (Static=32, Dynamic [x1]), [PerfectNest], Loc=C:/Users/Administrator/Desktop/EEE\full_cnn.cpp:31:5, Vars=32,
                               +- Loop with id 40, Trip Count: (Static=222, Dynamic [x32]), [PerfectNest], Loc=C:/Users/Administrator/Desktop/EEE\full_cnn.cpp:32:9
                                  +- Loop with id 41, Trip Count: (Static=222, Dynamic [x7104]), Loc=C:/Users/Administrator/Desktop/EEE\full_cnn.cpp:33:13, Vars=37,
                                     +- Loop with id 42, Trip Count: (Static=3, Dynamic [x1577088]), [PerfectNest], [RAW], Loc=C:/Users/Administrator/Desktop/EEE\full_cnn.cpp:35:17
                                        +- Loop with id 43, Trip Count: (Static=3, Dynamic [x4731264]), [PerfectNest], [RAW], Loc=C:/Users/Administrator/Desktop/EEE\full_cnn.cpp:36:21
                                           +- Loop with id 44, Trip Count: (Static=3, Dynamic [x14193792]), [RAW], Loc=C:/Users/Administrator/Desktop/EEE\full_cnn.cpp:37:25, Vars=29,31,
                            +- Loop with id 34, Trip Count: (Static=32, Dynamic [x1]), [PerfectNest], Loc=C:/Users/Administrator/Desktop/EEE\full_cnn.cpp:49:5
                               +- Loop with id 35, Trip Count: (Static=111, Dynamic [x32]), [PerfectNest], Loc=C:/Users/Administrator/Desktop/EEE\full_cnn.cpp:50:9
                                  +- Loop with id 36, Trip Count: (Static=111, Dynamic [x3552]), Loc=C:/Users/Administrator/Desktop/EEE\full_cnn.cpp:51:13, Vars=38,
                                     +- Loop with id 37, Trip Count: (Static=2, Dynamic [x394272]), [PerfectNest], [RAW], Loc=C:/Users/Administrator/Desktop/EEE\full_cnn.cpp:53:17
                                        +- Loop with id 38, Trip Count: (Static=2, Dynamic [x788544]), [RAW], Loc=C:/Users/Administrator/Desktop/EEE\full_cnn.cpp:54:21, Vars=37,
                            +- Loop with id 28, Trip Count: (Static=64, Dynamic [x1]), [PerfectNest], Loc=C:/Users/Administrator/Desktop/EEE\full_cnn.cpp:65:5, Vars=34,
                               +- Loop with id 29, Trip Count: (Static=109, Dynamic [x64]), [PerfectNest], Loc=C:/Users/Administrator/Desktop/EEE\full_cnn.cpp:66:9
                                  +- Loop with id 30, Trip Count: (Static=109, Dynamic [x6976]), Loc=C:/Users/Administrator/Desktop/EEE\full_cnn.cpp:67:13, Vars=39,
                                     +- Loop with id 31, Trip Count: (Static=32, Dynamic [x760384]), [PerfectNest], [RAW], Loc=C:/Users/Administrator/Desktop/EEE\full_cnn.cpp:69:17
                                        +- Loop with id 32, Trip Count: (Static=3, Dynamic [x24332288]), [PerfectNest], [RAW], Loc=C:/Users/Administrator/Desktop/EEE\full_cnn.cpp:70:21
                                           +- Loop with id 33, Trip Count: (Static=3, Dynamic [x72996864]), [RAW], Loc=C:/Users/Administrator/Desktop/EEE\full_cnn.cpp:71:25, Vars=33,38,
                            +- Loop with id 23, Trip Count: (Static=64, Dynamic [x1]), [PerfectNest], Loc=C:/Users/Administrator/Desktop/EEE\full_cnn.cpp:83:5
                               +- Loop with id 24, Trip Count: (Static=54, Dynamic [x64]), [PerfectNest], Loc=C:/Users/Administrator/Desktop/EEE\full_cnn.cpp:84:9
                                  +- Loop with id 25, Trip Count: (Static=54, Dynamic [x3456]), Loc=C:/Users/Administrator/Desktop/EEE\full_cnn.cpp:85:13, Vars=40,
                                     +- Loop with id 26, Trip Count: (Static=2, Dynamic [x186624]), [PerfectNest], [RAW], Loc=C:/Users/Administrator/Desktop/EEE\full_cnn.cpp:87:17
                                        +- Loop with id 27, Trip Count: (Static=2, Dynamic [x373248]), [RAW], Loc=C:/Users/Administrator/Desktop/EEE\full_cnn.cpp:88:21, Vars=39,
                            +- Loop with id 20, Trip Count: (Static=64, Dynamic [x1]), Loc=C:/Users/Administrator/Desktop/EEE\full_cnn.cpp:99:5, Vars=41,
                               +- Loop with id 21, Trip Count: (Static=54, Dynamic [x64]), [PerfectNest], [RAW], Loc=C:/Users/Administrator/Desktop/EEE\full_cnn.cpp:101:9
                                  +- Loop with id 22, Trip Count: (Static=54, Dynamic [x3456]), [RAW], Loc=C:/Users/Administrator/Desktop/EEE\full_cnn.cpp:102:13, Vars=40,
                            +- Loop with id 18, Trip Count: (Static=101, Dynamic [x1]), Loc=C:/Users/Administrator/Desktop/EEE\full_cnn.cpp:110:5, Vars=30,36,
                               +- Loop with id 19, Trip Count: (Static=64, Dynamic [x101]), [RAW], Loc=C:/Users/Administrator/Desktop/EEE\full_cnn.cpp:112:9, Vars=35,41,
                            
parallelismSelector::VERBO: Initial branch after applying user pragma constraints:
                            FunctionPipelineTopLevel: Maybe
                            Reshape {dim 0: cyclic 1, 2, 4, 7, 8, 14, 16, 28, 32, 56, 112, dim 1: cyclic 1, 2, 4, 7, 8, 14, 16, 28, 32, 56, 112, dim 2: cyclic 1} (VariableName input) (VariableId 29)
                            Reshape {dim 0: cyclic 1 complete} (VariableName output) (VariableId 30)
                            Reshape {dim 0: cyclic 1, dim 1: cyclic 1, dim 2: cyclic 1, dim 3: cyclic 1, 2, 4, 8, 16} (VariableName conv1_w) (VariableId 31)
                            Reshape {dim 0: cyclic 1, 2, 4, 8, 16 complete} (VariableName conv1_b) (VariableId 32)
                            Reshape {dim 0: cyclic 1, dim 1: cyclic 1, dim 2: cyclic 1, 2, 4, 8, 16, dim 3: cyclic 1, 2, 4, 8, 16, 32} (VariableName conv2_w) (VariableId 33)
                            Reshape {dim 0: cyclic 1, 2, 4, 8, 16, 32 complete} (VariableName conv2_b) (VariableId 34)
                            Reshape {dim 0: cyclic 1, 2, 4, 8, 16, 32, dim 1: cyclic 1} (VariableName fc_w) (VariableId 35)
                            Reshape {dim 0: cyclic 1 complete} (VariableName fc_b) (VariableId 36)
                            Partition {dim 0: cyclic 1, 2, 3, 6, 37, 74, 111, dim 1: cyclic 1, 2, 3, 6, 37, 74, 111, dim 2: cyclic 1, 2, 4, 8, 16} (VariableName conv1_out) (VariableId 37)
                            Partition {dim 0: cyclic 1, 3, 37, dim 1: cyclic 1, 3, 37, dim 2: cyclic 1, 2, 4, 8, 16} (VariableName pool1_out) (VariableId 38)
                            Partition {dim 0: cyclic 1, dim 1: cyclic 1, dim 2: cyclic 1, 2, 4, 8, 16, 32} (VariableName conv2_out) (VariableId 39)
                            Partition {dim 0: cyclic 1, 2, 3, 6, 9, 18, 27, dim 1: cyclic 1, 2, 3, 6, 9, 18, 27, dim 2: cyclic 1, 2, 4, 8, 16, 32} (VariableName pool2_out) (VariableId 40)
                            Partition {dim 0: cyclic 1, 2, 4, 8, 16, 32 complete} (VariableName gap_out) (VariableId 41)
                            +- pipeline, unroll with factors 1, 2, 4, 8, 16, 32, unroll/pipeline with factors 2, 4, 8, 16 (LoopId 39)
                               +- pipeline, unroll with factors 1, 2, 3, 6, 37, 74, 111, 222, unroll/pipeline with factors 2, 3, 6, 37, 74, 111 (LoopId 40)
                                  +- pipeline, unroll with factors 1, 2, 3, 6, 37, 74, 111, 222, unroll/pipeline with factors 2, 3, 6, 37, 74, 111 (LoopId 41)
                                     +- pipeline, unroll with factors 1, 3 (LoopId 42)
                                        +- pipeline, unroll with factors 1, 3 (LoopId 43)
                                           +- pipeline, unroll with factors 1, 3 (LoopId 44)
                            +- pipeline, unroll with factors 1, 2, 4, 8, 16, 32, unroll/pipeline with factors 2, 4, 8, 16 (LoopId 34)
                               +- pipeline, unroll with factors 1, 3, 37, 111, unroll/pipeline with factors 3, 37 (LoopId 35)
                                  +- pipeline, unroll with factors 1, 3, 37, 111, unroll/pipeline with factors 3, 37 (LoopId 36)
                                     +- pipeline, unroll with factors 1, 2 (LoopId 37)
                                        +- pipeline, unroll with factors 1, 2 (LoopId 38)
                            +- pipeline, unroll with factors 1, 2, 4, 8, 16, 32, 64, unroll/pipeline with factors 2, 4, 8, 16, 32 (LoopId 28)
                               +- pipeline, unroll with factors 1, 109 (LoopId 29)
                                  +- pipeline, unroll with factors 1, 109 (LoopId 30)
                                     +- pipeline, unroll with factors 1, 32 (LoopId 31)
                                        +- pipeline, unroll with factors 1, 3 (LoopId 32)
                                           +- pipeline, unroll with factors 1, 3 (LoopId 33)
                            +- pipeline, unroll with factors 1, 2, 4, 8, 16, 32, 64, unroll/pipeline with factors 2, 4, 8, 16, 32 (LoopId 23)
                               +- pipeline, unroll with factors 1, 2, 3, 6, 9, 18, 27, 54, unroll/pipeline with factors 2, 3, 6, 9, 18, 27 (LoopId 24)
                                  +- pipeline, unroll with factors 1, 2, 3, 6, 9, 18, 27, 54, unroll/pipeline with factors 2, 3, 6, 9, 18, 27 (LoopId 25)
                                     +- pipeline, unroll with factors 1, 2 (LoopId 26)
                                        +- pipeline, unroll with factors 1, 2 (LoopId 27)
                            +- pipeline, unroll with factors 1, 2, 4, 8, 16, 32, 64, unroll/pipeline with factors 2, 4, 8, 16, 32 (LoopId 20)
                               +- pipeline, unroll with factors 1, 54 (LoopId 21)
                                  +- pipeline, unroll with factors 1, 54 (LoopId 22)
                            +- pipeline, unroll with factors 1, 101 (LoopId 18)
                               +- pipeline, unroll with factors 1, 64 (LoopId 19)
                            
parallelismSelector::VERBO: Initial branch after applying Xilinx constraints:
                            FunctionPipelineTopLevel: Maybe
                            Reshape {dim 0: cyclic 1, 2, 4, 7, 8, 14, 16, 28, 32, 56, 112, dim 1: cyclic 1, 2, 4, 7, 8, 14, 16, 28, 32, 56, 112, dim 2: cyclic 1} (VariableName input) (VariableId 29)
                            Reshape {dim 0: cyclic 1 complete} (VariableName output) (VariableId 30)
                            Reshape {dim 0: cyclic 1, dim 1: cyclic 1, dim 2: cyclic 1, dim 3: cyclic 1, 2, 4, 8, 16} (VariableName conv1_w) (VariableId 31)
                            Reshape {dim 0: cyclic 1, 2, 4, 8, 16 complete} (VariableName conv1_b) (VariableId 32)
                            Reshape {dim 0: cyclic 1, dim 1: cyclic 1, dim 2: cyclic 1, 2, 4, 8, 16, dim 3: cyclic 1, 2, 4, 8, 16, 32} (VariableName conv2_w) (VariableId 33)
                            Reshape {dim 0: cyclic 1, 2, 4, 8, 16, 32 complete} (VariableName conv2_b) (VariableId 34)
                            Reshape {dim 0: cyclic 1, 2, 4, 8, 16, 32, dim 1: cyclic 1} (VariableName fc_w) (VariableId 35)
                            Reshape {dim 0: cyclic 1 complete} (VariableName fc_b) (VariableId 36)
                            Partition {dim 0: cyclic 1, 2, 3, 6, 37, 74, 111, dim 1: cyclic 1, 2, 3, 6, 37, 74, 111, dim 2: cyclic 1, 2, 4, 8, 16} (VariableName conv1_out) (VariableId 37)
                            Partition {dim 0: cyclic 1, 3, 37, dim 1: cyclic 1, 3, 37, dim 2: cyclic 1, 2, 4, 8, 16} (VariableName pool1_out) (VariableId 38)
                            Partition {dim 0: cyclic 1, dim 1: cyclic 1, dim 2: cyclic 1, 2, 4, 8, 16, 32} (VariableName conv2_out) (VariableId 39)
                            Partition {dim 0: cyclic 1, 2, 3, 6, 9, 18, 27, dim 1: cyclic 1, 2, 3, 6, 9, 18, 27, dim 2: cyclic 1, 2, 4, 8, 16, 32} (VariableName pool2_out) (VariableId 40)
                            Partition {dim 0: cyclic 1, 2, 4, 8, 16, 32 complete} (VariableName gap_out) (VariableId 41)
                            +- pipeline, unroll with factors 1, 2, 4, 8, 16, 32, unroll/pipeline with factors 2, 4, 8, 16 (LoopId 39)
                               +- pipeline, unroll with factors 1, 2, 3, 6, 37, 74, 111, 222, unroll/pipeline with factors 2, 3, 6, 37, 74, 111 (LoopId 40)
                                  +- pipeline, unroll with factors 1, 2, 3, 6, 37, 74, 111, 222, unroll/pipeline with factors 2, 3, 6, 37, 74, 111 (LoopId 41)
                                     +- pipeline, unroll with factors 1, 3 (LoopId 42)
                                        +- pipeline, unroll with factors 1, 3 (LoopId 43)
                                           +- pipeline, unroll with factors 1, 3 (LoopId 44)
                            +- pipeline, unroll with factors 1, 2, 4, 8, 16, 32, unroll/pipeline with factors 2, 4, 8, 16 (LoopId 34)
                               +- pipeline, unroll with factors 1, 3, 37, 111, unroll/pipeline with factors 3, 37 (LoopId 35)
                                  +- pipeline, unroll with factors 1, 3, 37, 111, unroll/pipeline with factors 3, 37 (LoopId 36)
                                     +- pipeline, unroll with factors 1, 2 (LoopId 37)
                                        +- pipeline, unroll with factors 1, 2 (LoopId 38)
                            +- pipeline, unroll with factors 1, 2, 4, 8, 16, 32, 64, unroll/pipeline with factors 2, 4, 8, 16, 32 (LoopId 28)
                               +- pipeline, unroll with factors 1, 109 (LoopId 29)
                                  +- pipeline, unroll with factors 1, 109 (LoopId 30)
                                     +- pipeline, unroll with factors 1, 32 (LoopId 31)
                                        +- pipeline, unroll with factors 1, 3 (LoopId 32)
                                           +- pipeline, unroll with factors 1, 3 (LoopId 33)
                            +- pipeline, unroll with factors 1, 2, 4, 8, 16, 32, 64, unroll/pipeline with factors 2, 4, 8, 16, 32 (LoopId 23)
                               +- pipeline, unroll with factors 1, 2, 3, 6, 9, 18, 27, 54, unroll/pipeline with factors 2, 3, 6, 9, 18, 27 (LoopId 24)
                                  +- pipeline, unroll with factors 1, 2, 3, 6, 9, 18, 27, 54, unroll/pipeline with factors 2, 3, 6, 9, 18, 27 (LoopId 25)
                                     +- pipeline, unroll with factors 1, 2 (LoopId 26)
                                        +- pipeline, unroll with factors 1, 2 (LoopId 27)
                            +- pipeline, unroll with factors 1, 2, 4, 8, 16, 32, 64, unroll/pipeline with factors 2, 4, 8, 16, 32 (LoopId 20)
                               +- pipeline, unroll with factors 1, 54 (LoopId 21)
                                  +- pipeline, unroll with factors 1, 54 (LoopId 22)
                            +- pipeline, unroll with factors 1, 101 (LoopId 18)
                               +- pipeline, unroll with factors 1, 64 (LoopId 19)
                            
parallelismSelector::VERBO: DataflowConstrainer: Constraining Func/Loop with Id 211
parallelismSelector::VERBO: DataflowConstrainer: Constrained: VarId=29
parallelismSelector::VERBO: DataflowConstrainer: Constrained: VarId=30
parallelismSelector::VERBO: DataflowConstrainer: Constrained: VarId=31
parallelismSelector::VERBO: DataflowConstrainer: Constrained: VarId=32
parallelismSelector::VERBO: DataflowConstrainer: Constrained: VarId=33
parallelismSelector::VERBO: DataflowConstrainer: Constrained: VarId=34
parallelismSelector::VERBO: DataflowConstrainer: Constrained: VarId=35
parallelismSelector::VERBO: DataflowConstrainer: Constrained: VarId=36
parallelismSelector::VERBO: DataflowConstrainer: Not constrained: VarId=37
parallelismSelector::VERBO: DataflowConstrainer: Not constrained: VarId=38
parallelismSelector::VERBO: DataflowConstrainer: Not constrained: VarId=39
parallelismSelector::VERBO: DataflowConstrainer: Not constrained: VarId=40
parallelismSelector::VERBO: DataflowConstrainer: Not constrained: VarId=41
parallelismSelector::VERBO: Initial branch after applying dataflow constraints:
                            FunctionPipelineTopLevel: No
                            Reshape {dim 0: cyclic 1, dim 1: cyclic 1, dim 2: cyclic 1} (VariableName input) (VariableId 29)
                            Reshape {dim 0: cyclic 1} (VariableName output) (VariableId 30)
                            Reshape {dim 0: cyclic 1, dim 1: cyclic 1, dim 2: cyclic 1, dim 3: cyclic 1} (VariableName conv1_w) (VariableId 31)
                            Reshape {dim 0: cyclic 1} (VariableName conv1_b) (VariableId 32)
                            Reshape {dim 0: cyclic 1, dim 1: cyclic 1, dim 2: cyclic 1, dim 3: cyclic 1} (VariableName conv2_w) (VariableId 33)
                            Reshape {dim 0: cyclic 1} (VariableName conv2_b) (VariableId 34)
                            Reshape {dim 0: cyclic 1, dim 1: cyclic 1} (VariableName fc_w) (VariableId 35)
                            Reshape {dim 0: cyclic 1} (VariableName fc_b) (VariableId 36)
                            Partition {dim 0: cyclic 1, 2, 3, 6, 37, 74, 111, dim 1: cyclic 1, 2, 3, 6, 37, 74, 111, dim 2: cyclic 1, 2, 4, 8, 16} (VariableName conv1_out) (VariableId 37)
                            Partition {dim 0: cyclic 1, 3, 37, dim 1: cyclic 1, 3, 37, dim 2: cyclic 1, 2, 4, 8, 16} (VariableName pool1_out) (VariableId 38)
                            Partition {dim 0: cyclic 1, dim 1: cyclic 1, dim 2: cyclic 1, 2, 4, 8, 16, 32} (VariableName conv2_out) (VariableId 39)
                            Partition {dim 0: cyclic 1, 2, 3, 6, 9, 18, 27, dim 1: cyclic 1, 2, 3, 6, 9, 18, 27, dim 2: cyclic 1, 2, 4, 8, 16, 32} (VariableName pool2_out) (VariableId 40)
                            Partition {dim 0: cyclic 1, 2, 4, 8, 16, 32 complete} (VariableName gap_out) (VariableId 41)
                            +- pipeline, unroll with factors 1, 2, 4, 8, 16, 32, unroll/pipeline with factors 2, 4, 8, 16 (LoopId 39)
                               +- pipeline, unroll with factors 1, 2, 3, 6, 37, 74, 111, 222, unroll/pipeline with factors 2, 3, 6, 37, 74, 111 (LoopId 40)
                                  +- pipeline, unroll with factors 1, 2, 3, 6, 37, 74, 111, 222, unroll/pipeline with factors 2, 3, 6, 37, 74, 111 (LoopId 41)
                                     +- pipeline, unroll with factors 1, 3 (LoopId 42)
                                        +- pipeline, unroll with factors 1, 3 (LoopId 43)
                                           +- pipeline, unroll with factors 1, 3 (LoopId 44)
                            +- pipeline, unroll with factors 1, 2, 4, 8, 16, 32, unroll/pipeline with factors 2, 4, 8, 16 (LoopId 34)
                               +- pipeline, unroll with factors 1, 3, 37, 111, unroll/pipeline with factors 3, 37 (LoopId 35)
                                  +- pipeline, unroll with factors 1, 3, 37, 111, unroll/pipeline with factors 3, 37 (LoopId 36)
                                     +- pipeline, unroll with factors 1, 2 (LoopId 37)
                                        +- pipeline, unroll with factors 1, 2 (LoopId 38)
                            +- pipeline, unroll with factors 1, 2, 4, 8, 16, 32, 64, unroll/pipeline with factors 2, 4, 8, 16, 32 (LoopId 28)
                               +- pipeline, unroll with factors 1, 109 (LoopId 29)
                                  +- pipeline, unroll with factors 1, 109 (LoopId 30)
                                     +- pipeline, unroll with factors 1, 32 (LoopId 31)
                                        +- pipeline, unroll with factors 1, 3 (LoopId 32)
                                           +- pipeline, unroll with factors 1, 3 (LoopId 33)
                            +- pipeline, unroll with factors 1, 2, 4, 8, 16, 32, 64, unroll/pipeline with factors 2, 4, 8, 16, 32 (LoopId 23)
                               +- pipeline, unroll with factors 1, 2, 3, 6, 9, 18, 27, 54, unroll/pipeline with factors 2, 3, 6, 9, 18, 27 (LoopId 24)
                                  +- pipeline, unroll with factors 1, 2, 3, 6, 9, 18, 27, 54, unroll/pipeline with factors 2, 3, 6, 9, 18, 27 (LoopId 25)
                                     +- pipeline, unroll with factors 1, 2 (LoopId 26)
                                        +- pipeline, unroll with factors 1, 2 (LoopId 27)
                            +- pipeline, unroll with factors 1, 2, 4, 8, 16, 32, 64, unroll/pipeline with factors 2, 4, 8, 16, 32 (LoopId 20)
                               +- pipeline, unroll with factors 1, 54 (LoopId 21)
                                  +- pipeline, unroll with factors 1, 54 (LoopId 22)
                            +- pipeline, unroll with factors 1, 101 (LoopId 18)
                               +- pipeline, unroll with factors 1, 64 (LoopId 19)
                            
parallelismSelector::VERBO: Removing unroll factor 222 from loop 41 because it violates the recursive unroll limit of 4096
parallelismSelector::VERBO: Removing unroll factor 222 from loop 40 because it violates the recursive unroll limit of 4096
parallelismSelector::VERBO: Removing unroll factor 111 from loop 40 because it violates the recursive unroll limit of 4096
parallelismSelector::VERBO: Removing unroll factor 111 from loop 40 because it violates the recursive unroll limit of 4096
parallelismSelector::VERBO: Removing unroll factor 74 from loop 40 because it violates the recursive unroll limit of 4096
parallelismSelector::VERBO: Removing unroll factor 74 from loop 40 because it violates the recursive unroll limit of 4096
parallelismSelector::VERBO: Removing unroll factor 37 from loop 40 because it violates the recursive unroll limit of 4096
parallelismSelector::VERBO: Removing unroll factor 37 from loop 40 because it violates the recursive unroll limit of 4096
parallelismSelector::VERBO: Removing unroll factor 6 from loop 40 because it violates the recursive unroll limit of 4096
parallelismSelector::VERBO: Removing unroll factor 6 from loop 40 because it violates the recursive unroll limit of 4096
parallelismSelector::VERBO: Removing unroll factor 3 from loop 40 because it violates the recursive unroll limit of 4096
parallelismSelector::VERBO: Removing unroll factor 3 from loop 40 because it violates the recursive unroll limit of 4096
parallelismSelector::VERBO: Removing unroll factor 2 from loop 40 because it violates the recursive unroll limit of 4096
parallelismSelector::VERBO: Removing unroll factor 2 from loop 40 because it violates the recursive unroll limit of 4096
parallelismSelector::VERBO: Removing unroll factor 32 from loop 39 because it violates the recursive unroll limit of 4096
parallelismSelector::VERBO: Removing unroll factor 16 from loop 39 because it violates the recursive unroll limit of 4096
parallelismSelector::VERBO: Removing unroll factor 16 from loop 39 because it violates the recursive unroll limit of 4096
parallelismSelector::VERBO: Removing unroll factor 8 from loop 39 because it violates the recursive unroll limit of 4096
parallelismSelector::VERBO: Removing unroll factor 8 from loop 39 because it violates the recursive unroll limit of 4096
parallelismSelector::VERBO: Removing unroll factor 4 from loop 39 because it violates the recursive unroll limit of 4096
parallelismSelector::VERBO: Removing unroll factor 4 from loop 39 because it violates the recursive unroll limit of 4096
parallelismSelector::VERBO: Removing unroll factor 2 from loop 39 because it violates the recursive unroll limit of 4096
parallelismSelector::VERBO: Removing unroll factor 2 from loop 39 because it violates the recursive unroll limit of 4096
parallelismSelector::VERBO: Removing unroll factor 111 from loop 35 because it violates the recursive unroll limit of 4096
parallelismSelector::VERBO: Removing unroll factor 37 from loop 35 because it violates the recursive unroll limit of 4096
parallelismSelector::VERBO: Removing unroll factor 37 from loop 35 because it violates the recursive unroll limit of 4096
parallelismSelector::VERBO: Removing unroll factor 32 from loop 34 because it violates the recursive unroll limit of 4096
parallelismSelector::VERBO: Removing unroll factor 16 from loop 34 because it violates the recursive unroll limit of 4096
parallelismSelector::VERBO: Removing unroll factor 16 from loop 34 because it violates the recursive unroll limit of 4096
parallelismSelector::VERBO: Removing unroll factor 8 from loop 34 because it violates the recursive unroll limit of 4096
parallelismSelector::VERBO: Removing unroll factor 8 from loop 34 because it violates the recursive unroll limit of 4096
parallelismSelector::VERBO: Removing unroll factor 4 from loop 34 because it violates the recursive unroll limit of 4096
parallelismSelector::VERBO: Removing unroll factor 4 from loop 34 because it violates the recursive unroll limit of 4096
parallelismSelector::VERBO: Removing unroll factor 109 from loop 30 because it violates the recursive unroll limit of 4096
parallelismSelector::VERBO: Removing unroll factor 109 from loop 29 because it violates the recursive unroll limit of 4096
parallelismSelector::VERBO: Removing unroll factor 64 from loop 28 because it violates the recursive unroll limit of 4096
parallelismSelector::VERBO: Removing unroll factor 32 from loop 28 because it violates the recursive unroll limit of 4096
parallelismSelector::VERBO: Removing unroll factor 32 from loop 28 because it violates the recursive unroll limit of 4096
parallelismSelector::VERBO: Removing unroll factor 16 from loop 28 because it violates the recursive unroll limit of 4096
parallelismSelector::VERBO: Removing unroll factor 16 from loop 28 because it violates the recursive unroll limit of 4096
parallelismSelector::VERBO: Removing unroll factor 54 from loop 24 because it violates the recursive unroll limit of 4096
parallelismSelector::VERBO: Removing unroll factor 27 from loop 24 because it violates the recursive unroll limit of 4096
parallelismSelector::VERBO: Removing unroll factor 27 from loop 24 because it violates the recursive unroll limit of 4096
parallelismSelector::VERBO: Removing unroll factor 64 from loop 23 because it violates the recursive unroll limit of 4096
parallelismSelector::VERBO: Removing unroll factor 32 from loop 23 because it violates the recursive unroll limit of 4096
parallelismSelector::VERBO: Removing unroll factor 32 from loop 23 because it violates the recursive unroll limit of 4096
parallelismSelector::VERBO: Removing unroll factor 16 from loop 23 because it violates the recursive unroll limit of 4096
parallelismSelector::VERBO: Removing unroll factor 16 from loop 23 because it violates the recursive unroll limit of 4096
parallelismSelector::VERBO: Removing unroll factor 8 from loop 23 because it violates the recursive unroll limit of 4096
parallelismSelector::VERBO: Removing unroll factor 8 from loop 23 because it violates the recursive unroll limit of 4096
parallelismSelector::VERBO: Removing unroll factor 4 from loop 23 because it violates the recursive unroll limit of 4096
parallelismSelector::VERBO: Removing unroll factor 4 from loop 23 because it violates the recursive unroll limit of 4096
parallelismSelector::VERBO: Removing unroll factor 2 from loop 23 because it violates the recursive unroll limit of 4096
parallelismSelector::VERBO: Removing unroll factor 2 from loop 23 because it violates the recursive unroll limit of 4096
parallelismSelector::VERBO: Removing unroll factor 64 from loop 20 because it violates the recursive unroll limit of 4096
parallelismSelector::VERBO: Removing unroll factor 32 from loop 20 because it violates the recursive unroll limit of 4096
parallelismSelector::VERBO: Removing unroll factor 32 from loop 20 because it violates the recursive unroll limit of 4096
parallelismSelector::VERBO: Removing unroll factor 16 from loop 20 because it violates the recursive unroll limit of 4096
parallelismSelector::VERBO: Removing unroll factor 16 from loop 20 because it violates the recursive unroll limit of 4096
parallelismSelector::VERBO: Removing unroll factor 8 from loop 20 because it violates the recursive unroll limit of 4096
parallelismSelector::VERBO: Removing unroll factor 8 from loop 20 because it violates the recursive unroll limit of 4096
parallelismSelector::VERBO: Removing unroll factor 4 from loop 20 because it violates the recursive unroll limit of 4096
parallelismSelector::VERBO: Removing unroll factor 4 from loop 20 because it violates the recursive unroll limit of 4096
parallelismSelector::VERBO: Removing unroll factor 2 from loop 20 because it violates the recursive unroll limit of 4096
parallelismSelector::VERBO: Removing unroll factor 2 from loop 20 because it violates the recursive unroll limit of 4096
parallelismSelector::VERBO: Removing unroll factor 101 from loop 18 because it violates the recursive unroll limit of 4096
parallelismSelector::VERBO: Removing unroll factor 2 from loop 41 because we only want to keep the pipeline/unroll setting as unroll possibility
parallelismSelector::VERBO: Removing unroll factor 3 from loop 41 because we only want to keep the pipeline/unroll setting as unroll possibility
parallelismSelector::VERBO: Removing unroll factor 6 from loop 41 because we only want to keep the pipeline/unroll setting as unroll possibility
parallelismSelector::VERBO: Removing unroll factor 37 from loop 41 because we only want to keep the pipeline/unroll setting as unroll possibility
parallelismSelector::VERBO: Removing unroll factor 74 from loop 41 because we only want to keep the pipeline/unroll setting as unroll possibility
parallelismSelector::VERBO: Removing unroll factor 111 from loop 41 because we only want to keep the pipeline/unroll setting as unroll possibility
parallelismSelector::VERBO: Removing unroll factor 2 from loop 34 because we only want to keep the pipeline/unroll setting as unroll possibility
parallelismSelector::VERBO: Removing unroll factor 3 from loop 35 because we only want to keep the pipeline/unroll setting as unroll possibility
parallelismSelector::VERBO: Removing unroll factor 3 from loop 36 because we only want to keep the pipeline/unroll setting as unroll possibility
parallelismSelector::VERBO: Removing unroll factor 37 from loop 36 because we only want to keep the pipeline/unroll setting as unroll possibility
parallelismSelector::VERBO: Removing unroll factor 2 from loop 28 because we only want to keep the pipeline/unroll setting as unroll possibility
parallelismSelector::VERBO: Removing unroll factor 4 from loop 28 because we only want to keep the pipeline/unroll setting as unroll possibility
parallelismSelector::VERBO: Removing unroll factor 8 from loop 28 because we only want to keep the pipeline/unroll setting as unroll possibility
parallelismSelector::VERBO: Removing unroll factor 2 from loop 24 because we only want to keep the pipeline/unroll setting as unroll possibility
parallelismSelector::VERBO: Removing unroll factor 3 from loop 24 because we only want to keep the pipeline/unroll setting as unroll possibility
parallelismSelector::VERBO: Removing unroll factor 6 from loop 24 because we only want to keep the pipeline/unroll setting as unroll possibility
parallelismSelector::VERBO: Removing unroll factor 9 from loop 24 because we only want to keep the pipeline/unroll setting as unroll possibility
parallelismSelector::VERBO: Removing unroll factor 18 from loop 24 because we only want to keep the pipeline/unroll setting as unroll possibility
parallelismSelector::VERBO: Removing unroll factor 2 from loop 25 because we only want to keep the pipeline/unroll setting as unroll possibility
parallelismSelector::VERBO: Removing unroll factor 3 from loop 25 because we only want to keep the pipeline/unroll setting as unroll possibility
parallelismSelector::VERBO: Removing unroll factor 6 from loop 25 because we only want to keep the pipeline/unroll setting as unroll possibility
parallelismSelector::VERBO: Removing unroll factor 9 from loop 25 because we only want to keep the pipeline/unroll setting as unroll possibility
parallelismSelector::VERBO: Removing unroll factor 18 from loop 25 because we only want to keep the pipeline/unroll setting as unroll possibility
parallelismSelector::VERBO: Removing unroll factor 27 from loop 25 because we only want to keep the pipeline/unroll setting as unroll possibility
parallelismSelector::VERBO: Removing reshape options from the design space because optimizing reshape is disabled
                            
parallelismSelector::VERBO: Initial branch after applying heuristic constraints:
                            FunctionPipelineTopLevel: No
                            Reshape {dim 0: cyclic 1, dim 1: cyclic 1, dim 2: cyclic 1} (VariableName input) (VariableId 29)
                            Reshape {dim 0: cyclic 1} (VariableName output) (VariableId 30)
                            Reshape {dim 0: cyclic 1, dim 1: cyclic 1, dim 2: cyclic 1, dim 3: cyclic 1} (VariableName conv1_w) (VariableId 31)
                            Reshape {dim 0: cyclic 1} (VariableName conv1_b) (VariableId 32)
                            Reshape {dim 0: cyclic 1, dim 1: cyclic 1, dim 2: cyclic 1, dim 3: cyclic 1} (VariableName conv2_w) (VariableId 33)
                            Reshape {dim 0: cyclic 1} (VariableName conv2_b) (VariableId 34)
                            Reshape {dim 0: cyclic 1, dim 1: cyclic 1} (VariableName fc_w) (VariableId 35)
                            Reshape {dim 0: cyclic 1} (VariableName fc_b) (VariableId 36)
                            Partition {dim 0: cyclic 1, 2, 3, 6, 37, 74, 111, dim 1: cyclic 1, 2, 3, 6, 37, 74, 111, dim 2: cyclic 1, 2, 4, 8, 16} (VariableName conv1_out) (VariableId 37)
                            Partition {dim 0: cyclic 1, 3, 37, dim 1: cyclic 1, 3, 37, dim 2: cyclic 1, 2, 4, 8, 16} (VariableName pool1_out) (VariableId 38)
                            Partition {dim 0: cyclic 1, dim 1: cyclic 1, dim 2: cyclic 1, 2, 4, 8, 16, 32} (VariableName conv2_out) (VariableId 39)
                            Partition {dim 0: cyclic 1, 2, 3, 6, 9, 18, 27, dim 1: cyclic 1, 2, 3, 6, 9, 18, 27, dim 2: cyclic 1, 2, 4, 8, 16, 32} (VariableName pool2_out) (VariableId 40)
                            Partition {dim 0: cyclic 1, 2, 4, 8, 16, 32 complete} (VariableName gap_out) (VariableId 41)
                            +- pipeline, unroll with factors 1 (LoopId 39)
                               +- pipeline, unroll with factors 1 (LoopId 40)
                                  +- pipeline, unroll with factors 1, unroll/pipeline with factors 2, 3, 6, 37, 74, 111 (LoopId 41)
                                     +- pipeline, unroll with factors 1, 3 (LoopId 42)
                                        +- pipeline, unroll with factors 1, 3 (LoopId 43)
                                           +- pipeline, unroll with factors 1, 3 (LoopId 44)
                            +- pipeline, unroll with factors 1, unroll/pipeline with factors 2 (LoopId 34)
                               +- pipeline, unroll with factors 1, unroll/pipeline with factors 3 (LoopId 35)
                                  +- pipeline, unroll with factors 1, 111, unroll/pipeline with factors 3, 37 (LoopId 36)
                                     +- pipeline, unroll with factors 1, 2 (LoopId 37)
                                        +- pipeline, unroll with factors 1, 2 (LoopId 38)
                            +- pipeline, unroll with factors 1, unroll/pipeline with factors 2, 4, 8 (LoopId 28)
                               +- pipeline, unroll with factors 1 (LoopId 29)
                                  +- pipeline, unroll with factors 1 (LoopId 30)
                                     +- pipeline, unroll with factors 1, 32 (LoopId 31)
                                        +- pipeline, unroll with factors 1, 3 (LoopId 32)
                                           +- pipeline, unroll with factors 1, 3 (LoopId 33)
                            +- pipeline, unroll with factors 1 (LoopId 23)
                               +- pipeline, unroll with factors 1, unroll/pipeline with factors 2, 3, 6, 9, 18 (LoopId 24)
                                  +- pipeline, unroll with factors 1, 54, unroll/pipeline with factors 2, 3, 6, 9, 18, 27 (LoopId 25)
                                     +- pipeline, unroll with factors 1, 2 (LoopId 26)
                                        +- pipeline, unroll with factors 1, 2 (LoopId 27)
                            +- pipeline, unroll with factors 1 (LoopId 20)
                               +- pipeline, unroll with factors 1, 54 (LoopId 21)
                                  +- pipeline, unroll with factors 1, 54 (LoopId 22)
                            +- pipeline, unroll with factors 1 (LoopId 18)
                               +- pipeline, unroll with factors 1, 64 (LoopId 19)
                            
parallelismSelector::VERBO: Initial branch after applying second round of Xilinx constraints:
                            FunctionPipelineTopLevel: No
                            Reshape {dim 0: cyclic 1, dim 1: cyclic 1, dim 2: cyclic 1} (VariableName input) (VariableId 29)
                            Reshape {dim 0: cyclic 1} (VariableName output) (VariableId 30)
                            Reshape {dim 0: cyclic 1, dim 1: cyclic 1, dim 2: cyclic 1, dim 3: cyclic 1} (VariableName conv1_w) (VariableId 31)
                            Reshape {dim 0: cyclic 1} (VariableName conv1_b) (VariableId 32)
                            Reshape {dim 0: cyclic 1, dim 1: cyclic 1, dim 2: cyclic 1, dim 3: cyclic 1} (VariableName conv2_w) (VariableId 33)
                            Reshape {dim 0: cyclic 1} (VariableName conv2_b) (VariableId 34)
                            Reshape {dim 0: cyclic 1, dim 1: cyclic 1} (VariableName fc_w) (VariableId 35)
                            Reshape {dim 0: cyclic 1} (VariableName fc_b) (VariableId 36)
                            Partition {dim 0: cyclic 1, 2, 3, 6, 37, 74, 111, dim 1: cyclic 1, 2, 3, 6, 37, 74, 111, dim 2: cyclic 1, 2, 4, 8, 16} (VariableName conv1_out) (VariableId 37)
                            Partition {dim 0: cyclic 1, 3, 37, dim 1: cyclic 1, 3, 37, dim 2: cyclic 1, 2, 4, 8, 16} (VariableName pool1_out) (VariableId 38)
                            Partition {dim 0: cyclic 1, dim 1: cyclic 1, dim 2: cyclic 1, 2, 4, 8, 16, 32} (VariableName conv2_out) (VariableId 39)
                            Partition {dim 0: cyclic 1, 2, 3, 6, 9, 18, 27, dim 1: cyclic 1, 2, 3, 6, 9, 18, 27, dim 2: cyclic 1, 2, 4, 8, 16, 32} (VariableName pool2_out) (VariableId 40)
                            Partition {dim 0: cyclic 1, 2, 4, 8, 16, 32 complete} (VariableName gap_out) (VariableId 41)
                            +- unroll with factors 1 (LoopId 39)
                               +- unroll with factors 1 (LoopId 40)
                                  +- pipeline, unroll with factors 1, unroll/pipeline with factors 2, 3, 6, 37, 74, 111 (LoopId 41)
                                     +- pipeline, unroll with factors 1, 3 (LoopId 42)
                                        +- pipeline, unroll with factors 1, 3 (LoopId 43)
                                           +- pipeline, unroll with factors 1, 3 (LoopId 44)
                            +- unroll with factors 1 (LoopId 34)
                               +- pipeline, unroll with factors 1, unroll/pipeline with factors 3 (LoopId 35)
                                  +- pipeline, unroll with factors 1, 111, unroll/pipeline with factors 3, 37 (LoopId 36)
                                     +- pipeline, unroll with factors 1, 2 (LoopId 37)
                                        +- pipeline, unroll with factors 1, 2 (LoopId 38)
                            +- unroll with factors 1 (LoopId 28)
                               +- unroll with factors 1 (LoopId 29)
                                  +- pipeline, unroll with factors 1 (LoopId 30)
                                     +- pipeline, unroll with factors 1, 32 (LoopId 31)
                                        +- pipeline, unroll with factors 1, 3 (LoopId 32)
                                           +- pipeline, unroll with factors 1, 3 (LoopId 33)
                            +- unroll with factors 1 (LoopId 23)
                               +- pipeline, unroll with factors 1, unroll/pipeline with factors 2, 3, 6, 9, 18 (LoopId 24)
                                  +- pipeline, unroll with factors 1, 54, unroll/pipeline with factors 2, 3, 6, 9, 18, 27 (LoopId 25)
                                     +- pipeline, unroll with factors 1, 2 (LoopId 26)
                                        +- pipeline, unroll with factors 1, 2 (LoopId 27)
                            +- pipeline, unroll with factors 1 (LoopId 20)
                               +- pipeline, unroll with factors 1, 54 (LoopId 21)
                                  +- pipeline, unroll with factors 1, 54 (LoopId 22)
                            +- pipeline, unroll with factors 1 (LoopId 18)
                               +- pipeline, unroll with factors 1, 64 (LoopId 19)
                            
parallelismSelector::VERBO: Initial branch after performance pragma constraints:
                            FunctionPipelineTopLevel: No
                            Reshape {dim 0: cyclic 1, dim 1: cyclic 1, dim 2: cyclic 1} (VariableName input) (VariableId 29)
                            Reshape {dim 0: cyclic 1} (VariableName output) (VariableId 30)
                            Reshape {dim 0: cyclic 1, dim 1: cyclic 1, dim 2: cyclic 1, dim 3: cyclic 1} (VariableName conv1_w) (VariableId 31)
                            Reshape {dim 0: cyclic 1} (VariableName conv1_b) (VariableId 32)
                            Reshape {dim 0: cyclic 1, dim 1: cyclic 1, dim 2: cyclic 1, dim 3: cyclic 1} (VariableName conv2_w) (VariableId 33)
                            Reshape {dim 0: cyclic 1} (VariableName conv2_b) (VariableId 34)
                            Reshape {dim 0: cyclic 1, dim 1: cyclic 1} (VariableName fc_w) (VariableId 35)
                            Reshape {dim 0: cyclic 1} (VariableName fc_b) (VariableId 36)
                            Partition {dim 0: cyclic 1, dim 1: cyclic 1, dim 2: cyclic 1} (VariableName conv1_out) (VariableId 37)
                            Partition {dim 0: cyclic 1, dim 1: cyclic 1, dim 2: cyclic 1} (VariableName pool1_out) (VariableId 38)
                            Partition {dim 0: cyclic 1, dim 1: cyclic 1, dim 2: cyclic 1} (VariableName conv2_out) (VariableId 39)
                            Partition {dim 0: cyclic 1, dim 1: cyclic 1, dim 2: cyclic 1} (VariableName pool2_out) (VariableId 40)
                            Partition {dim 0: cyclic 1} (VariableName gap_out) (VariableId 41)
                            +- unroll with factors 1 (LoopId 39)
                               +- unroll with factors 1 (LoopId 40)
                                  +- unroll with factors 1 (LoopId 41)
                                     +- unroll with factors 1 (LoopId 42)
                                        +- unroll with factors 1 (LoopId 43)
                                           +- unroll with factors 1 (LoopId 44)
                            +- unroll with factors 1 (LoopId 34)
                               +- unroll with factors 1 (LoopId 35)
                                  +- unroll with factors 1 (LoopId 36)
                                     +- unroll with factors 1 (LoopId 37)
                                        +- unroll with factors 1 (LoopId 38)
                            +- unroll with factors 1 (LoopId 28)
                               +- unroll with factors 1 (LoopId 29)
                                  +- unroll with factors 1 (LoopId 30)
                                     +- unroll with factors 1 (LoopId 31)
                                        +- unroll with factors 1 (LoopId 32)
                                           +- unroll with factors 1 (LoopId 33)
                            +- unroll with factors 1 (LoopId 23)
                               +- unroll with factors 1 (LoopId 24)
                                  +- unroll with factors 1 (LoopId 25)
                                     +- unroll with factors 1 (LoopId 26)
                                        +- unroll with factors 1 (LoopId 27)
                            +- unroll with factors 1 (LoopId 20)
                               +- unroll with factors 1 (LoopId 21)
                                  +- unroll with factors 1 (LoopId 22)
                            +- unroll with factors 1 (LoopId 18)
                               +- unroll with factors 1 (LoopId 19)
                            
parallelismSelector::VERBO: Initial branch after PerfEst evaluation constraints:
                            FunctionPipelineTopLevel: No
                            Reshape {dim 0: cyclic 1, dim 1: cyclic 1, dim 2: cyclic 1} (VariableName input) (VariableId 29)
                            Reshape {dim 0: cyclic 1} (VariableName output) (VariableId 30)
                            Reshape {dim 0: cyclic 1, dim 1: cyclic 1, dim 2: cyclic 1, dim 3: cyclic 1} (VariableName conv1_w) (VariableId 31)
                            Reshape {dim 0: cyclic 1} (VariableName conv1_b) (VariableId 32)
                            Reshape {dim 0: cyclic 1, dim 1: cyclic 1, dim 2: cyclic 1, dim 3: cyclic 1} (VariableName conv2_w) (VariableId 33)
                            Reshape {dim 0: cyclic 1} (VariableName conv2_b) (VariableId 34)
                            Reshape {dim 0: cyclic 1, dim 1: cyclic 1} (VariableName fc_w) (VariableId 35)
                            Reshape {dim 0: cyclic 1} (VariableName fc_b) (VariableId 36)
                            Partition {dim 0: cyclic 1, dim 1: cyclic 1, dim 2: cyclic 1} (VariableName conv1_out) (VariableId 37)
                            Partition {dim 0: cyclic 1, dim 1: cyclic 1, dim 2: cyclic 1} (VariableName pool1_out) (VariableId 38)
                            Partition {dim 0: cyclic 1, dim 1: cyclic 1, dim 2: cyclic 1} (VariableName conv2_out) (VariableId 39)
                            Partition {dim 0: cyclic 1, dim 1: cyclic 1, dim 2: cyclic 1} (VariableName pool2_out) (VariableId 40)
                            Partition {dim 0: cyclic 1} (VariableName gap_out) (VariableId 41)
                            +- unroll with factors 1 (LoopId 39)
                               +- unroll with factors 1 (LoopId 40)
                                  +- unroll with factors 1 (LoopId 41)
                                     +- unroll with factors 1 (LoopId 42)
                                        +- unroll with factors 1 (LoopId 43)
                                           +- unroll with factors 1 (LoopId 44)
                            +- unroll with factors 1 (LoopId 34)
                               +- unroll with factors 1 (LoopId 35)
                                  +- unroll with factors 1 (LoopId 36)
                                     +- unroll with factors 1 (LoopId 37)
                                        +- unroll with factors 1 (LoopId 38)
                            +- unroll with factors 1 (LoopId 28)
                               +- unroll with factors 1 (LoopId 29)
                                  +- unroll with factors 1 (LoopId 30)
                                     +- unroll with factors 1 (LoopId 31)
                                        +- unroll with factors 1 (LoopId 32)
                                           +- unroll with factors 1 (LoopId 33)
                            +- unroll with factors 1 (LoopId 23)
                               +- unroll with factors 1 (LoopId 24)
                                  +- unroll with factors 1 (LoopId 25)
                                     +- unroll with factors 1 (LoopId 26)
                                        +- unroll with factors 1 (LoopId 27)
                            +- unroll with factors 1 (LoopId 20)
                               +- unroll with factors 1 (LoopId 21)
                                  +- unroll with factors 1 (LoopId 22)
                            +- unroll with factors 1 (LoopId 18)
                               +- unroll with factors 1 (LoopId 19)
                            
parallelismSelector::VERBO: Initial constrained branch:
                            FunctionPipelineTopLevel: No
                            Reshape {dim 0: cyclic 1, dim 1: cyclic 1, dim 2: cyclic 1} (VariableName input) (VariableId 29)
                            Reshape {dim 0: cyclic 1} (VariableName output) (VariableId 30)
                            Reshape {dim 0: cyclic 1, dim 1: cyclic 1, dim 2: cyclic 1, dim 3: cyclic 1} (VariableName conv1_w) (VariableId 31)
                            Reshape {dim 0: cyclic 1} (VariableName conv1_b) (VariableId 32)
                            Reshape {dim 0: cyclic 1, dim 1: cyclic 1, dim 2: cyclic 1, dim 3: cyclic 1} (VariableName conv2_w) (VariableId 33)
                            Reshape {dim 0: cyclic 1} (VariableName conv2_b) (VariableId 34)
                            Reshape {dim 0: cyclic 1, dim 1: cyclic 1} (VariableName fc_w) (VariableId 35)
                            Reshape {dim 0: cyclic 1} (VariableName fc_b) (VariableId 36)
                            Partition {dim 0: cyclic 1, dim 1: cyclic 1, dim 2: cyclic 1} (VariableName conv1_out) (VariableId 37)
                            Partition {dim 0: cyclic 1, dim 1: cyclic 1, dim 2: cyclic 1} (VariableName pool1_out) (VariableId 38)
                            Partition {dim 0: cyclic 1, dim 1: cyclic 1, dim 2: cyclic 1} (VariableName conv2_out) (VariableId 39)
                            Partition {dim 0: cyclic 1, dim 1: cyclic 1, dim 2: cyclic 1} (VariableName pool2_out) (VariableId 40)
                            Partition {dim 0: cyclic 1} (VariableName gap_out) (VariableId 41)
                            +- unroll with factors 1 (LoopId 39)
                               +- unroll with factors 1 (LoopId 40)
                                  +- unroll with factors 1 (LoopId 41)
                                     +- unroll with factors 1 (LoopId 42)
                                        +- unroll with factors 1 (LoopId 43)
                                           +- unroll with factors 1 (LoopId 44)
                            +- unroll with factors 1 (LoopId 34)
                               +- unroll with factors 1 (LoopId 35)
                                  +- unroll with factors 1 (LoopId 36)
                                     +- unroll with factors 1 (LoopId 37)
                                        +- unroll with factors 1 (LoopId 38)
                            +- unroll with factors 1 (LoopId 28)
                               +- unroll with factors 1 (LoopId 29)
                                  +- unroll with factors 1 (LoopId 30)
                                     +- unroll with factors 1 (LoopId 31)
                                        +- unroll with factors 1 (LoopId 32)
                                           +- unroll with factors 1 (LoopId 33)
                            +- unroll with factors 1 (LoopId 23)
                               +- unroll with factors 1 (LoopId 24)
                                  +- unroll with factors 1 (LoopId 25)
                                     +- unroll with factors 1 (LoopId 26)
                                        +- unroll with factors 1 (LoopId 27)
                            +- unroll with factors 1 (LoopId 20)
                               +- unroll with factors 1 (LoopId 21)
                                  +- unroll with factors 1 (LoopId 22)
                            +- unroll with factors 1 (LoopId 18)
                               +- unroll with factors 1 (LoopId 19)
                            
parallelismSelector::VERBO: HPE - Calculating latency and area for design space...
                            Setting Space: FunctionPipelineTopLevel: No
                            Reshape {dim 0: cyclic 1, dim 1: cyclic 1, dim 2: cyclic 1} (VariableId 29)
                            Reshape {dim 0: cyclic 1} (VariableId 30)
                            Reshape {dim 0: cyclic 1, dim 1: cyclic 1, dim 2: cyclic 1, dim 3: cyclic 1} (VariableId 31)
                            Reshape {dim 0: cyclic 1} (VariableId 32)
                            Reshape {dim 0: cyclic 1, dim 1: cyclic 1, dim 2: cyclic 1, dim 3: cyclic 1} (VariableId 33)
                            Reshape {dim 0: cyclic 1} (VariableId 34)
                            Reshape {dim 0: cyclic 1, dim 1: cyclic 1} (VariableId 35)
                            Reshape {dim 0: cyclic 1} (VariableId 36)
                            Partition {dim 0: cyclic 1, dim 1: cyclic 1, dim 2: cyclic 1} (VariableId 37)
                            Partition {dim 0: cyclic 1, dim 1: cyclic 1, dim 2: cyclic 1} (VariableId 38)
                            Partition {dim 0: cyclic 1, dim 1: cyclic 1, dim 2: cyclic 1} (VariableId 39)
                            Partition {dim 0: cyclic 1, dim 1: cyclic 1, dim 2: cyclic 1} (VariableId 40)
                            Partition {dim 0: cyclic 1} (VariableId 41)
                            +- unroll with factors 1 (LoopId 39)
                               +- unroll with factors 1 (LoopId 40)
                                  +- unroll with factors 1 (LoopId 41)
                                     +- unroll with factors 1 (LoopId 42)
                                        +- unroll with factors 1 (LoopId 43)
                                           +- unroll with factors 1 (LoopId 44)
                            +- unroll with factors 1 (LoopId 34)
                               +- unroll with factors 1 (LoopId 35)
                                  +- unroll with factors 1 (LoopId 36)
                                     +- unroll with factors 1 (LoopId 37)
                                        +- unroll with factors 1 (LoopId 38)
                            +- unroll with factors 1 (LoopId 28)
                               +- unroll with factors 1 (LoopId 29)
                                  +- unroll with factors 1 (LoopId 30)
                                     +- unroll with factors 1 (LoopId 31)
                                        +- unroll with factors 1 (LoopId 32)
                                           +- unroll with factors 1 (LoopId 33)
                            +- unroll with factors 1 (LoopId 23)
                               +- unroll with factors 1 (LoopId 24)
                                  +- unroll with factors 1 (LoopId 25)
                                     +- unroll with factors 1 (LoopId 26)
                                        +- unroll with factors 1 (LoopId 27)
                            +- unroll with factors 1 (LoopId 20)
                               +- unroll with factors 1 (LoopId 21)
                                  +- unroll with factors 1 (LoopId 22)
                            +- unroll with factors 1 (LoopId 18)
                               +- unroll with factors 1 (LoopId 19)
                            
parallelismSelector::VERBO: Calculating latency for top level hw function: full_cnn
parallelismSelector::VERBO: [LatencyEstimationVisitor] CallSite: CS(1 F=212) (42->37)(43->38)(44->39)(45->40)(46->41)
parallelismSelector::VERBO: [LatencyEstimationVisitor] Equivalence table
                             Object with value: 42 is mapped to the object with value: 37
                             Object with value: 43 is mapped to the object with value: 38
                             Object with value: 44 is mapped to the object with value: 39
                             Object with value: 45 is mapped to the object with value: 40
                             Object with value: 46 is mapped to the object with value: 41
                            
parallelismSelector::VERBO: Analyzing Function "Outline_T3_F211_R2_Atomic" (FunctionId 212):
parallelismSelector::VERBO:     MARegionScheduler::finalize():
parallelismSelector::VERBO:        - Function: Outline_T3_F211_R2_Atomic
parallelismSelector::VERBO:          - EndCycles: newFuncRoot -> {1: 1}
parallelismSelector::VERBO:          - EndCycles: newFuncRoot_iso0 -> {1: 2}
parallelismSelector::VERBO:          - EndCycles: newFuncRoot_iso6 -> {1: 8}
parallelismSelector::VERBO:          - EndCycles: newFuncRoot_iso2 -> {1: 4}
parallelismSelector::VERBO:          - EndCycles: newFuncRoot_iso1 -> {1: 3}
parallelismSelector::VERBO:          - EndCycles: newFuncRoot_iso3 -> {1: 5}
parallelismSelector::VERBO:          - EndCycles: newFuncRoot_iso7 -> {1: 9}
parallelismSelector::VERBO:          - EndCycles: newFuncRoot_iso4 -> {1: 6}
parallelismSelector::VERBO:          - EndCycles: newFuncRoot_iso8 -> {1: 9}
parallelismSelector::VERBO:          - EndCycles: newFuncRoot_iso5 -> {1: 7}
parallelismSelector::VERBO:        - MaxEndCycle: {1: 9}
parallelismSelector::VERBO:        - Critical path: newFuncRoot, newFuncRoot_iso0, newFuncRoot_iso6, newFuncRoot_iso2, newFuncRoot_iso1, newFuncRoot_iso3, newFuncRoot_iso7, newFuncRoot_iso4, newFuncRoot_iso8, newFuncRoot_iso5
parallelismSelector::VERBO: 
parallelismSelector::VERBO: [LatencyEstimationVisitor] CallSite: CS(2 F=213) (47->29)(48->31)(49->32)(50->37)
parallelismSelector::VERBO: [LatencyEstimationVisitor] Equivalence table
                             Object with value: 47 is mapped to the object with value: 29
                             Object with value: 48 is mapped to the object with value: 31
                             Object with value: 49 is mapped to the object with value: 32
                             Object with value: 50 is mapped to the object with value: 37
                            
parallelismSelector::VERBO: Analyzing Loop "for.body15" (LoopId 44):
parallelismSelector::VERBO:     MARegionScheduler::finalize():
parallelismSelector::VERBO:        - LoopId: 44
parallelismSelector::VERBO:          - EndCycles: for.body15 -> {1: 9}
parallelismSelector::VERBO:        - MaxEndCycle: {1: 9}
parallelismSelector::VERBO:        - Critical path: for.body15
parallelismSelector::VERBO:     hasRAW: 1
parallelismSelector::VERBO:     Recurrence: Circuit=12:0 -> 12:13 -> 12:0
parallelismSelector::VERBO:       distance=4
parallelismSelector::VERBO:        - IIMem: {1: 1}, OwnedIIMem: {1: 1}, NestedIIMem: {1: 0}
parallelismSelector::VERBO: 
parallelismSelector::VERBO: Analyzing Loop "for.body12" (LoopId 43):
parallelismSelector::VERBO:         LoopId: 44, TC: 3, IL: {1: 9}, IIMem: {1: 1}, IIDep 4
parallelismSelector::VERBO:         	unroll 1 Cycles: 27
parallelismSelector::VERBO:         Overall latency for nested loop (LoopId 44): 27
parallelismSelector::VERBO:     MARegionScheduler::finalize():
parallelismSelector::VERBO:        - LoopId: 43
parallelismSelector::VERBO:          - EndCycles: for.body15 -> {1: 27}
parallelismSelector::VERBO:          - EndCycles: for.end -> {1: 27}
parallelismSelector::VERBO:          - EndCycles: for.body12 -> {1: 1}
parallelismSelector::VERBO:        - MaxEndCycle: {1: 27}
parallelismSelector::VERBO:        - Critical path: for.body15, for.end, for.body12
parallelismSelector::VERBO:     hasRAW: 1
parallelismSelector::VERBO:     Recurrence: Circuit=10:0 -> 12:0 -> 12:13 -> 11:0 -> 10:0
parallelismSelector::VERBO:       distance=4
parallelismSelector::VERBO:        - IIMem: {1: 0}, OwnedIIMem: {1: 0}, NestedIIMem: {1: 0}
parallelismSelector::VERBO: 
parallelismSelector::VERBO: Analyzing Loop "for.body9" (LoopId 42):
parallelismSelector::VERBO:         LoopId: 43, TC: 3, IL: {1: 27}, IIMem: {1: 0}, IIDep 4
parallelismSelector::VERBO:         	unroll 1 Cycles: 81
parallelismSelector::VERBO:         Overall latency for nested loop (LoopId 43): 81
parallelismSelector::VERBO:     MARegionScheduler::finalize():
parallelismSelector::VERBO:        - LoopId: 42
parallelismSelector::VERBO:          - EndCycles: for.end -> {1: 81}
parallelismSelector::VERBO:          - EndCycles: for.end32 -> {1: 81}
parallelismSelector::VERBO:          - EndCycles: for.body9 -> {1: 1}
parallelismSelector::VERBO:        - MaxEndCycle: {1: 81}
parallelismSelector::VERBO:        - Critical path: for.end, for.body12, for.end32, for.body9
parallelismSelector::VERBO:     hasRAW: 1
parallelismSelector::VERBO:     Recurrence: Circuit=8:0 -> 10:0 -> 12:0 -> 12:13 -> 11:0 -> 9:0 -> 8:0
parallelismSelector::VERBO:       distance=4
parallelismSelector::VERBO:        - IIMem: {1: 0}, OwnedIIMem: {1: 0}, NestedIIMem: {1: 0}
parallelismSelector::VERBO: 
parallelismSelector::VERBO: Analyzing Loop "for.body6" (LoopId 41):
parallelismSelector::VERBO:         LoopId: 42, TC: 3, IL: {1: 81}, IIMem: {1: 0}, IIDep 4
parallelismSelector::VERBO:         	unroll 1 Cycles: 243
parallelismSelector::VERBO:         Overall latency for nested loop (LoopId 42): 243
parallelismSelector::VERBO:     MARegionScheduler::finalize():
parallelismSelector::VERBO:        - LoopId: 41
parallelismSelector::VERBO:          - EndCycles: cond.true -> {1: 248}
parallelismSelector::VERBO:          - EndCycles: for.body6 -> {1: 1}
parallelismSelector::VERBO:          - EndCycles: for.end35 -> {1: 247}
parallelismSelector::VERBO:          - EndCycles: cond.false -> {1: 248}
parallelismSelector::VERBO:          - EndCycles: for.end32 -> {1: 243}
parallelismSelector::VERBO:          - EndCycles: cond.end -> {1: 249}
parallelismSelector::VERBO:        - MaxEndCycle: {1: 249}
parallelismSelector::VERBO:        - Critical path: cond.true, for.body6, for.end35, cond.false, for.end32, cond.end, for.body9
parallelismSelector::VERBO:     hasRAW: 0
parallelismSelector::VERBO:        - IIMem: {1: 0.5}, OwnedIIMem: {1: 0.5}, NestedIIMem: {1: 0}
parallelismSelector::VERBO: 
parallelismSelector::VERBO: Analyzing Loop "for.body3" (LoopId 40):
parallelismSelector::VERBO:         LoopId: 41, TC: 222, IL: {1: 249}, IIMem: {1: 0.5}, IIDep 0
parallelismSelector::VERBO:         	unroll 1 Cycles: 55278
parallelismSelector::VERBO:         Overall latency for nested loop (LoopId 41): 55278
parallelismSelector::VERBO:     MARegionScheduler::finalize():
parallelismSelector::VERBO:        - LoopId: 40
parallelismSelector::VERBO:          - EndCycles: for.body3 -> {1: 1}
parallelismSelector::VERBO:          - EndCycles: cond.end -> {1: 55278}
parallelismSelector::VERBO:          - EndCycles: for.end48 -> {1: 55278}
parallelismSelector::VERBO:        - MaxEndCycle: {1: 55278}
parallelismSelector::VERBO:        - Critical path: for.body6, for.body3, cond.end, for.end48
parallelismSelector::VERBO:     hasRAW: 0
parallelismSelector::VERBO:        - IIMem: {1: 0}, OwnedIIMem: {1: 0}, NestedIIMem: {1: 0}
parallelismSelector::VERBO: 
parallelismSelector::VERBO: Analyzing Loop "for.body" (LoopId 39):
parallelismSelector::VERBO:         LoopId: 40, TC: 222, IL: {1: 55278}, IIMem: {1: 0}, IIDep 0
parallelismSelector::VERBO:         	unroll 1 Cycles: 12271716
parallelismSelector::VERBO:         Overall latency for nested loop (LoopId 40): 12271716
parallelismSelector::VERBO:     MARegionScheduler::finalize():
parallelismSelector::VERBO:        - LoopId: 39
parallelismSelector::VERBO:          - EndCycles: for.body -> {1: 2}
parallelismSelector::VERBO:          - EndCycles: for.end51 -> {1: 12271717}
parallelismSelector::VERBO:          - EndCycles: for.end48 -> {1: 12271717}
parallelismSelector::VERBO:        - MaxEndCycle: {1: 12271717}
parallelismSelector::VERBO:        - Critical path: for.body, for.end51, for.body3, for.end48
parallelismSelector::VERBO:     hasRAW: 0
parallelismSelector::VERBO:        - IIMem: {1: 1}, OwnedIIMem: {1: 1}, NestedIIMem: {1: 0}
parallelismSelector::VERBO: 
parallelismSelector::VERBO: Analyzing Function "Outline_T4_F211_R3_Loop" (FunctionId 213):
parallelismSelector::VERBO:         LoopId: 39, TC: 32, IL: {1: 12271717}, IIMem: {1: 1}, IIDep 0
parallelismSelector::VERBO:         	unroll 1 Cycles: 392694944
parallelismSelector::VERBO:         Overall latency for nested loop (LoopId 39): 392694944
parallelismSelector::VERBO:     MARegionScheduler::finalize():
parallelismSelector::VERBO:        - Function: Outline_T4_F211_R3_Loop
parallelismSelector::VERBO:          - EndCycles: for.end54 -> {1: 392694945}
parallelismSelector::VERBO:          - EndCycles: newFuncRoot -> {1: 1}
parallelismSelector::VERBO:          - EndCycles: for.end51 -> {1: 392694945}
parallelismSelector::VERBO:        - MaxEndCycle: {1: 392694945}
parallelismSelector::VERBO:        - Critical path: for.end54, for.body, newFuncRoot, for.end51
parallelismSelector::VERBO: 
parallelismSelector::VERBO: [LatencyEstimationVisitor] CallSite: CS(3 F=214) (51->38)(52->37)
parallelismSelector::VERBO: [LatencyEstimationVisitor] Equivalence table
                             Object with value: 51 is mapped to the object with value: 38
                             Object with value: 52 is mapped to the object with value: 37
                            
parallelismSelector::VERBO: Analyzing Loop "for.body71" (LoopId 38):
parallelismSelector::VERBO:     MARegionScheduler::finalize():
parallelismSelector::VERBO:        - LoopId: 38
parallelismSelector::VERBO:          - EndCycles: if.then -> {1: 3}
parallelismSelector::VERBO:          - EndCycles: lor.lhs.false -> {1: 2}
parallelismSelector::VERBO:          - EndCycles: land.lhs.true -> {1: 2}
parallelismSelector::VERBO:          - EndCycles: if.end -> {1: 4}
parallelismSelector::VERBO:          - EndCycles: for.body71 -> {1: 2}
parallelismSelector::VERBO:        - MaxEndCycle: {1: 4}
parallelismSelector::VERBO:        - Critical path: if.then, lor.lhs.false, land.lhs.true, if.end, for.body71
parallelismSelector::VERBO:     hasRAW: 1
parallelismSelector::VERBO:     Recurrence: Circuit=10:0 -> 13:0 -> 10:0
parallelismSelector::VERBO:       distance=1
parallelismSelector::VERBO:        - IIMem: {1: 0.5}, OwnedIIMem: {1: 0.5}, NestedIIMem: {1: 0}
parallelismSelector::VERBO: 
parallelismSelector::VERBO: Analyzing Loop "for.body68" (LoopId 37):
parallelismSelector::VERBO:         LoopId: 38, TC: 2, IL: {1: 4}, IIMem: {1: 0.5}, IIDep 1
parallelismSelector::VERBO:         	unroll 1 Cycles: 8
parallelismSelector::VERBO:         Overall latency for nested loop (LoopId 38): 8
parallelismSelector::VERBO:     MARegionScheduler::finalize():
parallelismSelector::VERBO:        - LoopId: 37
parallelismSelector::VERBO:          - EndCycles: for.body68 -> {1: 1}
parallelismSelector::VERBO:          - EndCycles: for.end87 -> {1: 8}
parallelismSelector::VERBO:          - EndCycles: if.end -> {1: 8}
parallelismSelector::VERBO:        - MaxEndCycle: {1: 8}
parallelismSelector::VERBO:        - Critical path: for.body68, for.end87, if.end, for.body71
parallelismSelector::VERBO:     hasRAW: 1
parallelismSelector::VERBO:     Recurrence: Circuit=8:0 -> 10:0 -> 13:0 -> 9:0 -> 8:0
parallelismSelector::VERBO:       distance=1
parallelismSelector::VERBO:        - IIMem: {1: 0}, OwnedIIMem: {1: 0}, NestedIIMem: {1: 0}
parallelismSelector::VERBO: 
parallelismSelector::VERBO: Analyzing Loop "for.body65" (LoopId 36):
parallelismSelector::VERBO:         LoopId: 37, TC: 2, IL: {1: 8}, IIMem: {1: 0}, IIDep 1
parallelismSelector::VERBO:         	unroll 1 Cycles: 16
parallelismSelector::VERBO:         Overall latency for nested loop (LoopId 37): 16
parallelismSelector::VERBO:     MARegionScheduler::finalize():
parallelismSelector::VERBO:        - LoopId: 36
parallelismSelector::VERBO:          - EndCycles: for.body65 -> {1: 1}
parallelismSelector::VERBO:          - EndCycles: for.end90 -> {1: 16}
parallelismSelector::VERBO:          - EndCycles: for.end87 -> {1: 16}
parallelismSelector::VERBO:        - MaxEndCycle: {1: 16}
parallelismSelector::VERBO:        - Critical path: for.body68, for.body65, for.end90, for.end87
parallelismSelector::VERBO:     hasRAW: 0
parallelismSelector::VERBO:        - IIMem: {1: 0.5}, OwnedIIMem: {1: 0.5}, NestedIIMem: {1: 0}
parallelismSelector::VERBO: 
parallelismSelector::VERBO: Analyzing Loop "for.body61" (LoopId 35):
parallelismSelector::VERBO:         LoopId: 36, TC: 111, IL: {1: 16}, IIMem: {1: 0.5}, IIDep 0
parallelismSelector::VERBO:         	unroll 1 Cycles: 1776
parallelismSelector::VERBO:         Overall latency for nested loop (LoopId 36): 1776
parallelismSelector::VERBO:     MARegionScheduler::finalize():
parallelismSelector::VERBO:        - LoopId: 35
parallelismSelector::VERBO:          - EndCycles: for.end99 -> {1: 1776}
parallelismSelector::VERBO:          - EndCycles: for.end90 -> {1: 1776}
parallelismSelector::VERBO:          - EndCycles: for.body61 -> {1: 1}
parallelismSelector::VERBO:        - MaxEndCycle: {1: 1776}
parallelismSelector::VERBO:        - Critical path: for.end99, for.body65, for.end90, for.body61
parallelismSelector::VERBO:     hasRAW: 0
parallelismSelector::VERBO:        - IIMem: {1: 0}, OwnedIIMem: {1: 0}, NestedIIMem: {1: 0}
parallelismSelector::VERBO: 
parallelismSelector::VERBO: Analyzing Loop "for.body57" (LoopId 34):
parallelismSelector::VERBO:         LoopId: 35, TC: 111, IL: {1: 1776}, IIMem: {1: 0}, IIDep 0
parallelismSelector::VERBO:         	unroll 1 Cycles: 197136
parallelismSelector::VERBO:         Overall latency for nested loop (LoopId 35): 197136
parallelismSelector::VERBO:     MARegionScheduler::finalize():
parallelismSelector::VERBO:        - LoopId: 34
parallelismSelector::VERBO:          - EndCycles: for.body57 -> {1: 1}
parallelismSelector::VERBO:          - EndCycles: for.end99 -> {1: 197136}
parallelismSelector::VERBO:          - EndCycles: for.end102 -> {1: 197136}
parallelismSelector::VERBO:        - MaxEndCycle: {1: 197136}
parallelismSelector::VERBO:        - Critical path: for.body57, for.end99, for.end102, for.body61
parallelismSelector::VERBO:     hasRAW: 0
parallelismSelector::VERBO:        - IIMem: {1: 0}, OwnedIIMem: {1: 0}, NestedIIMem: {1: 0}
parallelismSelector::VERBO: 
parallelismSelector::VERBO: Analyzing Function "Outline_T5_F211_R75_Loop" (FunctionId 214):
parallelismSelector::VERBO:         LoopId: 34, TC: 32, IL: {1: 197136}, IIMem: {1: 0}, IIDep 0
parallelismSelector::VERBO:         	unroll 1 Cycles: 6308352
parallelismSelector::VERBO:         Overall latency for nested loop (LoopId 34): 6308352
parallelismSelector::VERBO:     MARegionScheduler::finalize():
parallelismSelector::VERBO:        - Function: Outline_T5_F211_R75_Loop
parallelismSelector::VERBO:          - EndCycles: for.end102 -> {1: 6308353}
parallelismSelector::VERBO:          - EndCycles: for.end105 -> {1: 6308353}
parallelismSelector::VERBO:          - EndCycles: newFuncRoot -> {1: 1}
parallelismSelector::VERBO:        - MaxEndCycle: {1: 6308353}
parallelismSelector::VERBO:        - Critical path: for.body57, for.end102, for.end105, newFuncRoot
parallelismSelector::VERBO: 
parallelismSelector::VERBO: [LatencyEstimationVisitor] CallSite: CS(4 F=215) (53->38)(54->33)(55->34)(56->39)
parallelismSelector::VERBO: [LatencyEstimationVisitor] Equivalence table
                             Object with value: 53 is mapped to the object with value: 38
                             Object with value: 54 is mapped to the object with value: 33
                             Object with value: 55 is mapped to the object with value: 34
                             Object with value: 56 is mapped to the object with value: 39
                            
parallelismSelector::VERBO: Analyzing Loop "for.body130" (LoopId 33):
parallelismSelector::VERBO:     MARegionScheduler::finalize():
parallelismSelector::VERBO:        - LoopId: 33
parallelismSelector::VERBO:          - EndCycles: for.body130 -> {1: 9}
parallelismSelector::VERBO:        - MaxEndCycle: {1: 9}
parallelismSelector::VERBO:        - Critical path: for.body130
parallelismSelector::VERBO:     hasRAW: 1
parallelismSelector::VERBO:     Recurrence: Circuit=12:0 -> 12:13 -> 12:0
parallelismSelector::VERBO:       distance=4
parallelismSelector::VERBO:        - IIMem: {1: 1}, OwnedIIMem: {1: 1}, NestedIIMem: {1: 0}
parallelismSelector::VERBO: 
parallelismSelector::VERBO: Analyzing Loop "for.body126" (LoopId 32):
parallelismSelector::VERBO:         LoopId: 33, TC: 3, IL: {1: 9}, IIMem: {1: 1}, IIDep 4
parallelismSelector::VERBO:         	unroll 1 Cycles: 27
parallelismSelector::VERBO:         Overall latency for nested loop (LoopId 33): 27
parallelismSelector::VERBO:     MARegionScheduler::finalize():
parallelismSelector::VERBO:        - LoopId: 32
parallelismSelector::VERBO:          - EndCycles: for.end151 -> {1: 27}
parallelismSelector::VERBO:          - EndCycles: for.body130 -> {1: 27}
parallelismSelector::VERBO:          - EndCycles: for.body126 -> {1: 1}
parallelismSelector::VERBO:        - MaxEndCycle: {1: 27}
parallelismSelector::VERBO:        - Critical path: for.end151, for.body130, for.body126
parallelismSelector::VERBO:     hasRAW: 1
parallelismSelector::VERBO:     Recurrence: Circuit=10:0 -> 12:0 -> 12:13 -> 11:0 -> 10:0
parallelismSelector::VERBO:       distance=4
parallelismSelector::VERBO:        - IIMem: {1: 0}, OwnedIIMem: {1: 0}, NestedIIMem: {1: 0}
parallelismSelector::VERBO: 
parallelismSelector::VERBO: Analyzing Loop "for.body122" (LoopId 31):
parallelismSelector::VERBO:         LoopId: 32, TC: 3, IL: {1: 27}, IIMem: {1: 0}, IIDep 4
parallelismSelector::VERBO:         	unroll 1 Cycles: 81
parallelismSelector::VERBO:         Overall latency for nested loop (LoopId 32): 81
parallelismSelector::VERBO:     MARegionScheduler::finalize():
parallelismSelector::VERBO:        - LoopId: 31
parallelismSelector::VERBO:          - EndCycles: for.end154 -> {1: 81}
parallelismSelector::VERBO:          - EndCycles: for.end151 -> {1: 81}
parallelismSelector::VERBO:          - EndCycles: for.body122 -> {1: 1}
parallelismSelector::VERBO:        - MaxEndCycle: {1: 81}
parallelismSelector::VERBO:        - Critical path: for.end154, for.end151, for.body126, for.body122
parallelismSelector::VERBO:     hasRAW: 1
parallelismSelector::VERBO:     Recurrence: Circuit=8:0 -> 10:0 -> 12:0 -> 12:13 -> 11:0 -> 9:0 -> 8:0
parallelismSelector::VERBO:       distance=4
parallelismSelector::VERBO:        - IIMem: {1: 0}, OwnedIIMem: {1: 0}, NestedIIMem: {1: 0}
parallelismSelector::VERBO: 
parallelismSelector::VERBO: Analyzing Loop "for.body117" (LoopId 30):
parallelismSelector::VERBO:         LoopId: 31, TC: 32, IL: {1: 81}, IIMem: {1: 0}, IIDep 4
parallelismSelector::VERBO:         	unroll 1 Cycles: 2592
parallelismSelector::VERBO:         Overall latency for nested loop (LoopId 31): 2592
parallelismSelector::VERBO:     MARegionScheduler::finalize():
parallelismSelector::VERBO:        - LoopId: 30
parallelismSelector::VERBO:          - EndCycles: cond.end165 -> {1: 2598}
parallelismSelector::VERBO:          - EndCycles: for.end154 -> {1: 2592}
parallelismSelector::VERBO:          - EndCycles: cond.true163 -> {1: 2597}
parallelismSelector::VERBO:          - EndCycles: cond.false164 -> {1: 2597}
parallelismSelector::VERBO:          - EndCycles: for.end157 -> {1: 2596}
parallelismSelector::VERBO:          - EndCycles: for.body117 -> {1: 1}
parallelismSelector::VERBO:        - MaxEndCycle: {1: 2598}
parallelismSelector::VERBO:        - Critical path: cond.end165, for.end154, cond.true163, cond.false164, for.end157, for.body122, for.body117
parallelismSelector::VERBO:     hasRAW: 0
parallelismSelector::VERBO:        - IIMem: {1: 0.5}, OwnedIIMem: {1: 0.5}, NestedIIMem: {1: 0}
parallelismSelector::VERBO: 
parallelismSelector::VERBO: Analyzing Loop "for.body113" (LoopId 29):
parallelismSelector::VERBO:         LoopId: 30, TC: 109, IL: {1: 2598}, IIMem: {1: 0.5}, IIDep 0
parallelismSelector::VERBO:         	unroll 1 Cycles: 283182
parallelismSelector::VERBO:         Overall latency for nested loop (LoopId 30): 283182
parallelismSelector::VERBO:     MARegionScheduler::finalize():
parallelismSelector::VERBO:        - LoopId: 29
parallelismSelector::VERBO:          - EndCycles: cond.end165 -> {1: 283182}
parallelismSelector::VERBO:          - EndCycles: for.end175 -> {1: 283182}
parallelismSelector::VERBO:          - EndCycles: for.body113 -> {1: 1}
parallelismSelector::VERBO:        - MaxEndCycle: {1: 283182}
parallelismSelector::VERBO:        - Critical path: cond.end165, for.end175, for.body113, for.body117
parallelismSelector::VERBO:     hasRAW: 0
parallelismSelector::VERBO:        - IIMem: {1: 0}, OwnedIIMem: {1: 0}, NestedIIMem: {1: 0}
parallelismSelector::VERBO: 
parallelismSelector::VERBO: Analyzing Loop "for.body109" (LoopId 28):
parallelismSelector::VERBO:         LoopId: 29, TC: 109, IL: {1: 283182}, IIMem: {1: 0}, IIDep 0
parallelismSelector::VERBO:         	unroll 1 Cycles: 30866838
parallelismSelector::VERBO:         Overall latency for nested loop (LoopId 29): 30866838
parallelismSelector::VERBO:     MARegionScheduler::finalize():
parallelismSelector::VERBO:        - LoopId: 28
parallelismSelector::VERBO:          - EndCycles: for.end175 -> {1: 30866839}
parallelismSelector::VERBO:          - EndCycles: for.end178 -> {1: 30866839}
parallelismSelector::VERBO:          - EndCycles: for.body109 -> {1: 2}
parallelismSelector::VERBO:        - MaxEndCycle: {1: 30866839}
parallelismSelector::VERBO:        - Critical path: for.end175, for.end178, for.body113, for.body109
parallelismSelector::VERBO:     hasRAW: 0
parallelismSelector::VERBO:        - IIMem: {1: 1}, OwnedIIMem: {1: 1}, NestedIIMem: {1: 0}
parallelismSelector::VERBO: 
parallelismSelector::VERBO: Analyzing Function "Outline_T6_F211_R138_Loop" (FunctionId 215):
parallelismSelector::VERBO:         LoopId: 28, TC: 64, IL: {1: 30866839}, IIMem: {1: 1}, IIDep 0
parallelismSelector::VERBO:         	unroll 1 Cycles: 1975477696
parallelismSelector::VERBO:         Overall latency for nested loop (LoopId 28): 1975477696
parallelismSelector::VERBO:     MARegionScheduler::finalize():
parallelismSelector::VERBO:        - Function: Outline_T6_F211_R138_Loop
parallelismSelector::VERBO:          - EndCycles: newFuncRoot -> {1: 1}
parallelismSelector::VERBO:          - EndCycles: for.end181 -> {1: 1975477697}
parallelismSelector::VERBO:          - EndCycles: for.end178 -> {1: 1975477697}
parallelismSelector::VERBO:        - MaxEndCycle: {1: 1975477697}
parallelismSelector::VERBO:        - Critical path: newFuncRoot, for.end181, for.end178, for.body109
parallelismSelector::VERBO: 
parallelismSelector::VERBO: [LatencyEstimationVisitor] CallSite: CS(5 F=216) (57->40)(58->39)
parallelismSelector::VERBO: [LatencyEstimationVisitor] Equivalence table
                             Object with value: 57 is mapped to the object with value: 40
                             Object with value: 58 is mapped to the object with value: 39
                            
parallelismSelector::VERBO: Analyzing Loop "for.body202" (LoopId 27):
parallelismSelector::VERBO:     MARegionScheduler::finalize():
parallelismSelector::VERBO:        - LoopId: 27
parallelismSelector::VERBO:          - EndCycles: if.then219 -> {1: 3}
parallelismSelector::VERBO:          - EndCycles: for.body202 -> {1: 2}
parallelismSelector::VERBO:          - EndCycles: if.end220 -> {1: 4}
parallelismSelector::VERBO:          - EndCycles: lor.lhs.false217 -> {1: 2}
parallelismSelector::VERBO:          - EndCycles: land.lhs.true215 -> {1: 2}
parallelismSelector::VERBO:        - MaxEndCycle: {1: 4}
parallelismSelector::VERBO:        - Critical path: if.then219, for.body202, if.end220, lor.lhs.false217, land.lhs.true215
parallelismSelector::VERBO:     hasRAW: 1
parallelismSelector::VERBO:     Recurrence: Circuit=10:1 -> 13:0 -> 10:1
parallelismSelector::VERBO:       distance=1
parallelismSelector::VERBO:        - IIMem: {1: 0.5}, OwnedIIMem: {1: 0.5}, NestedIIMem: {1: 0}
parallelismSelector::VERBO: 
parallelismSelector::VERBO: Analyzing Loop "for.body198" (LoopId 26):
parallelismSelector::VERBO:         LoopId: 27, TC: 2, IL: {1: 4}, IIMem: {1: 0.5}, IIDep 1
parallelismSelector::VERBO:         	unroll 1 Cycles: 8
parallelismSelector::VERBO:         Overall latency for nested loop (LoopId 27): 8
parallelismSelector::VERBO:     MARegionScheduler::finalize():
parallelismSelector::VERBO:        - LoopId: 26
parallelismSelector::VERBO:          - EndCycles: for.body198 -> {1: 1}
parallelismSelector::VERBO:          - EndCycles: for.end223 -> {1: 8}
parallelismSelector::VERBO:          - EndCycles: if.end220 -> {1: 8}
parallelismSelector::VERBO:        - MaxEndCycle: {1: 8}
parallelismSelector::VERBO:        - Critical path: for.body198, for.end223, for.body202, if.end220
parallelismSelector::VERBO:     hasRAW: 1
parallelismSelector::VERBO:     Recurrence: Circuit=8:1 -> 10:1 -> 13:0 -> 9:0 -> 8:1
parallelismSelector::VERBO:       distance=1
parallelismSelector::VERBO:        - IIMem: {1: 0}, OwnedIIMem: {1: 0}, NestedIIMem: {1: 0}
parallelismSelector::VERBO: 
parallelismSelector::VERBO: Analyzing Loop "for.body193" (LoopId 25):
parallelismSelector::VERBO:         LoopId: 26, TC: 2, IL: {1: 8}, IIMem: {1: 0}, IIDep 1
parallelismSelector::VERBO:         	unroll 1 Cycles: 16
parallelismSelector::VERBO:         Overall latency for nested loop (LoopId 26): 16
parallelismSelector::VERBO:     MARegionScheduler::finalize():
parallelismSelector::VERBO:        - LoopId: 25
parallelismSelector::VERBO:          - EndCycles: for.body193 -> {1: 1}
parallelismSelector::VERBO:          - EndCycles: for.end226 -> {1: 16}
parallelismSelector::VERBO:          - EndCycles: for.end223 -> {1: 16}
parallelismSelector::VERBO:        - MaxEndCycle: {1: 16}
parallelismSelector::VERBO:        - Critical path: for.body193, for.end226, for.body198, for.end223
parallelismSelector::VERBO:     hasRAW: 0
parallelismSelector::VERBO:        - IIMem: {1: 0.5}, OwnedIIMem: {1: 0.5}, NestedIIMem: {1: 0}
parallelismSelector::VERBO: 
parallelismSelector::VERBO: Analyzing Loop "for.body189" (LoopId 24):
parallelismSelector::VERBO:         LoopId: 25, TC: 54, IL: {1: 16}, IIMem: {1: 0.5}, IIDep 0
parallelismSelector::VERBO:         	unroll 1 Cycles: 864
parallelismSelector::VERBO:         Overall latency for nested loop (LoopId 25): 864
parallelismSelector::VERBO:     MARegionScheduler::finalize():
parallelismSelector::VERBO:        - LoopId: 24
parallelismSelector::VERBO:          - EndCycles: for.body189 -> {1: 1}
parallelismSelector::VERBO:          - EndCycles: for.end235 -> {1: 864}
parallelismSelector::VERBO:          - EndCycles: for.end226 -> {1: 864}
parallelismSelector::VERBO:        - MaxEndCycle: {1: 864}
parallelismSelector::VERBO:        - Critical path: for.body189, for.end235, for.body193, for.end226
parallelismSelector::VERBO:     hasRAW: 0
parallelismSelector::VERBO:        - IIMem: {1: 0}, OwnedIIMem: {1: 0}, NestedIIMem: {1: 0}
parallelismSelector::VERBO: 
parallelismSelector::VERBO: Analyzing Loop "for.body185" (LoopId 23):
parallelismSelector::VERBO:         LoopId: 24, TC: 54, IL: {1: 864}, IIMem: {1: 0}, IIDep 0
parallelismSelector::VERBO:         	unroll 1 Cycles: 46656
parallelismSelector::VERBO:         Overall latency for nested loop (LoopId 24): 46656
parallelismSelector::VERBO:     MARegionScheduler::finalize():
parallelismSelector::VERBO:        - LoopId: 23
parallelismSelector::VERBO:          - EndCycles: for.body185 -> {1: 1}
parallelismSelector::VERBO:          - EndCycles: for.end238 -> {1: 46656}
parallelismSelector::VERBO:          - EndCycles: for.end235 -> {1: 46656}
parallelismSelector::VERBO:        - MaxEndCycle: {1: 46656}
parallelismSelector::VERBO:        - Critical path: for.body185, for.end238, for.body189, for.end235
parallelismSelector::VERBO:     hasRAW: 0
parallelismSelector::VERBO:        - IIMem: {1: 0}, OwnedIIMem: {1: 0}, NestedIIMem: {1: 0}
parallelismSelector::VERBO: 
parallelismSelector::VERBO: Analyzing Function "Outline_T7_F211_R210_Loop" (FunctionId 216):
parallelismSelector::VERBO:         LoopId: 23, TC: 64, IL: {1: 46656}, IIMem: {1: 0}, IIDep 0
parallelismSelector::VERBO:         	unroll 1 Cycles: 2985984
parallelismSelector::VERBO:         Overall latency for nested loop (LoopId 23): 2985984
parallelismSelector::VERBO:     MARegionScheduler::finalize():
parallelismSelector::VERBO:        - Function: Outline_T7_F211_R210_Loop
parallelismSelector::VERBO:          - EndCycles: newFuncRoot -> {1: 1}
parallelismSelector::VERBO:          - EndCycles: for.end241 -> {1: 2985985}
parallelismSelector::VERBO:          - EndCycles: for.end238 -> {1: 2985985}
parallelismSelector::VERBO:        - MaxEndCycle: {1: 2985985}
parallelismSelector::VERBO:        - Critical path: newFuncRoot, for.end241, for.body185, for.end238
parallelismSelector::VERBO: 
parallelismSelector::VERBO: [LatencyEstimationVisitor] CallSite: CS(6 F=217) (59->41)(60->40)
parallelismSelector::VERBO: [LatencyEstimationVisitor] Equivalence table
                             Object with value: 59 is mapped to the object with value: 41
                             Object with value: 60 is mapped to the object with value: 40
                            
parallelismSelector::VERBO: Analyzing Loop "for.body254" (LoopId 22):
parallelismSelector::VERBO:     MARegionScheduler::finalize():
parallelismSelector::VERBO:        - LoopId: 22
parallelismSelector::VERBO:          - EndCycles: for.body254 -> {1: 6}
parallelismSelector::VERBO:        - MaxEndCycle: {1: 6}
parallelismSelector::VERBO:        - Critical path: for.body254
parallelismSelector::VERBO:     hasRAW: 1
parallelismSelector::VERBO:     Recurrence: Circuit=6:1 -> 6:8 -> 6:1
parallelismSelector::VERBO:       distance=4
parallelismSelector::VERBO:        - IIMem: {1: 0.5}, OwnedIIMem: {1: 0.5}, NestedIIMem: {1: 0}
parallelismSelector::VERBO: 
parallelismSelector::VERBO: Analyzing Loop "for.body250" (LoopId 21):
parallelismSelector::VERBO:         LoopId: 22, TC: 54, IL: {1: 6}, IIMem: {1: 0.5}, IIDep 4
parallelismSelector::VERBO:         	unroll 1 Cycles: 324
parallelismSelector::VERBO:         Overall latency for nested loop (LoopId 22): 324
parallelismSelector::VERBO:     MARegionScheduler::finalize():
parallelismSelector::VERBO:        - LoopId: 21
parallelismSelector::VERBO:          - EndCycles: for.end264 -> {1: 324}
parallelismSelector::VERBO:          - EndCycles: for.body254 -> {1: 324}
parallelismSelector::VERBO:          - EndCycles: for.body250 -> {1: 1}
parallelismSelector::VERBO:        - MaxEndCycle: {1: 324}
parallelismSelector::VERBO:        - Critical path: for.end264, for.body254, for.body250
parallelismSelector::VERBO:     hasRAW: 1
parallelismSelector::VERBO:     Recurrence: Circuit=4:1 -> 6:1 -> 6:8 -> 5:0 -> 4:1
parallelismSelector::VERBO:       distance=4
parallelismSelector::VERBO:        - IIMem: {1: 0}, OwnedIIMem: {1: 0}, NestedIIMem: {1: 0}
parallelismSelector::VERBO: 
parallelismSelector::VERBO: Analyzing Loop "for.body245" (LoopId 20):
parallelismSelector::VERBO:         LoopId: 21, TC: 54, IL: {1: 324}, IIMem: {1: 0}, IIDep 4
parallelismSelector::VERBO:         	unroll 1 Cycles: 17496
parallelismSelector::VERBO:         Overall latency for nested loop (LoopId 21): 17496
parallelismSelector::VERBO:     MARegionScheduler::finalize():
parallelismSelector::VERBO:        - LoopId: 20
parallelismSelector::VERBO:          - EndCycles: for.end264 -> {1: 17496}
parallelismSelector::VERBO:          - EndCycles: for.end267 -> {1: 17507}
parallelismSelector::VERBO:          - EndCycles: for.body245 -> {1: 1}
parallelismSelector::VERBO:        - MaxEndCycle: {1: 17507}
parallelismSelector::VERBO:        - Critical path: for.end264, for.end267, for.body250, for.body245
parallelismSelector::VERBO:     hasRAW: 0
parallelismSelector::VERBO:        - IIMem: {1: 0.5}, OwnedIIMem: {1: 0.5}, NestedIIMem: {1: 0}
parallelismSelector::VERBO: 
parallelismSelector::VERBO: Analyzing Function "Outline_T8_F211_R273_Loop" (FunctionId 217):
parallelismSelector::VERBO:         LoopId: 20, TC: 64, IL: {1: 17507}, IIMem: {1: 0.5}, IIDep 0
parallelismSelector::VERBO:         	unroll 1 Cycles: 1120448
parallelismSelector::VERBO:         Overall latency for nested loop (LoopId 20): 1120448
parallelismSelector::VERBO:     MARegionScheduler::finalize():
parallelismSelector::VERBO:        - Function: Outline_T8_F211_R273_Loop
parallelismSelector::VERBO:          - EndCycles: for.end267 -> {1: 1120449}
parallelismSelector::VERBO:          - EndCycles: newFuncRoot -> {1: 1}
parallelismSelector::VERBO:          - EndCycles: for.end272 -> {1: 1120449}
parallelismSelector::VERBO:        - MaxEndCycle: {1: 1120449}
parallelismSelector::VERBO:        - Critical path: for.end267, newFuncRoot, for.end272, for.body245
parallelismSelector::VERBO: 
parallelismSelector::VERBO: [LatencyEstimationVisitor] CallSite: CS(7 F=218) (61->36)(62->30)(63->41)(64->35)
parallelismSelector::VERBO: [LatencyEstimationVisitor] Equivalence table
                             Object with value: 61 is mapped to the object with value: 36
                             Object with value: 62 is mapped to the object with value: 30
                             Object with value: 63 is mapped to the object with value: 41
                             Object with value: 64 is mapped to the object with value: 35
                            
parallelismSelector::VERBO: Analyzing Loop "for.body281" (LoopId 19):
parallelismSelector::VERBO:     MARegionScheduler::finalize():
parallelismSelector::VERBO:        - LoopId: 19
parallelismSelector::VERBO:          - EndCycles: for.body281 -> {1: 9}
parallelismSelector::VERBO:        - MaxEndCycle: {1: 9}
parallelismSelector::VERBO:        - Critical path: for.body281
parallelismSelector::VERBO:     hasRAW: 1
parallelismSelector::VERBO:     Recurrence: Circuit=4:1 -> 4:11 -> 4:1
parallelismSelector::VERBO:       distance=4
parallelismSelector::VERBO:        - IIMem: {1: 1}, OwnedIIMem: {1: 1}, NestedIIMem: {1: 0}
parallelismSelector::VERBO: 
parallelismSelector::VERBO: Analyzing Loop "for.body276" (LoopId 18):
parallelismSelector::VERBO:         LoopId: 19, TC: 64, IL: {1: 9}, IIMem: {1: 1}, IIDep 4
parallelismSelector::VERBO:         	unroll 1 Cycles: 576
parallelismSelector::VERBO:         Overall latency for nested loop (LoopId 19): 576
parallelismSelector::VERBO:     MARegionScheduler::finalize():
parallelismSelector::VERBO:        - LoopId: 18
parallelismSelector::VERBO:          - EndCycles: for.body281 -> {1: 576}
parallelismSelector::VERBO:          - EndCycles: for.body276 -> {1: 1}
parallelismSelector::VERBO:          - EndCycles: for.end292 -> {1: 581}
parallelismSelector::VERBO:        - MaxEndCycle: {1: 581}
parallelismSelector::VERBO:        - Critical path: for.body281, for.body276, for.end292
parallelismSelector::VERBO:     hasRAW: 0
parallelismSelector::VERBO:        - IIMem: {1: 1}, OwnedIIMem: {1: 1}, NestedIIMem: {1: 0}
parallelismSelector::VERBO: 
parallelismSelector::VERBO: Analyzing Function "Outline_T9_F211_R308_Loop" (FunctionId 218):
parallelismSelector::VERBO:         LoopId: 18, TC: 101, IL: {1: 581}, IIMem: {1: 1}, IIDep 0
parallelismSelector::VERBO:         	unroll 1 Cycles: 58681
parallelismSelector::VERBO:         Overall latency for nested loop (LoopId 18): 58681
parallelismSelector::VERBO:     MARegionScheduler::finalize():
parallelismSelector::VERBO:        - Function: Outline_T9_F211_R308_Loop
parallelismSelector::VERBO:          - EndCycles: newFuncRoot -> {1: 1}
parallelismSelector::VERBO:          - EndCycles: for.end300 -> {1: 58682}
parallelismSelector::VERBO:          - EndCycles: for.end292 -> {1: 58682}
parallelismSelector::VERBO:        - MaxEndCycle: {1: 58682}
parallelismSelector::VERBO:        - Critical path: newFuncRoot, for.end300, for.body276, for.end292
parallelismSelector::VERBO: 
parallelismSelector::VERBO: Analyzing Function "full_cnn" (FunctionId 211):
parallelismSelector::VERBO:     MARegionScheduler::finalize():
parallelismSelector::VERBO:        - Function: _Z8full_cnnPA224_A3_fPfPA3_A3_A32_fS2_PA3_A32_A64_fS2_PA101_fS2_
parallelismSelector::VERBO:          - EndCycles: codeRepl3 -> {1: 2374481009}
parallelismSelector::VERBO:          - EndCycles: codeRepl4 -> {1: 2377466995}
parallelismSelector::VERBO:          - EndCycles: codeRepl5 -> {1: 2378587445}
parallelismSelector::VERBO:          - EndCycles: codeRepl6 -> {1: 2378646128}
parallelismSelector::VERBO:          - EndCycles: for.end300_iso75 -> {1: 2378646128}
parallelismSelector::VERBO:          - EndCycles: entry -> {1: 1}
parallelismSelector::VERBO:          - EndCycles: codeRepl -> {1: 11}
parallelismSelector::VERBO:          - EndCycles: codeRepl1 -> {1: 392694957}
parallelismSelector::VERBO:          - EndCycles: codeRepl2 -> {1: 399003311}
parallelismSelector::VERBO:        - MaxEndCycle: {1: 2378646128}
parallelismSelector::VERBO:        - Critical path: codeRepl3, codeRepl4, codeRepl5, codeRepl6, for.end300_iso75, entry, codeRepl, codeRepl1, codeRepl2
parallelismSelector::VERBO: 
parallelismSelector::VERBO: Filling in latencies and intervals per loop...
parallelismSelector::VERBO:     Initiation Interval:
parallelismSelector::VERBO:     LoopId: 44, TC: 3, IL: {1: 9}, IIMem: {1: 1}, IIDep 4
parallelismSelector::VERBO:     	unroll 1 Cycles: 9
parallelismSelector::VERBO:     Latency:
parallelismSelector::VERBO:     LoopId: 44, TC: 3, IL: {1: 9}, IIMem: {1: 1}, IIDep 4
parallelismSelector::VERBO:     	unroll 1 Cycles: 27
parallelismSelector::VERBO:     Mem Interval:
parallelismSelector::VERBO:     Interval:
parallelismSelector::VERBO:     Initiation Interval:
parallelismSelector::VERBO:     LoopId: 43, TC: 3, IL: {1: 27}, IIMem: {1: 0}, IIDep 4
parallelismSelector::VERBO:     	unroll 1 Cycles: 27
parallelismSelector::VERBO:     Latency:
parallelismSelector::VERBO:     LoopId: 43, TC: 3, IL: {1: 27}, IIMem: {1: 0}, IIDep 4
parallelismSelector::VERBO:     	unroll 1 Cycles: 81
parallelismSelector::VERBO:     Mem Interval:
parallelismSelector::VERBO:     Interval:
parallelismSelector::VERBO:     Initiation Interval:
parallelismSelector::VERBO:     LoopId: 42, TC: 3, IL: {1: 81}, IIMem: {1: 0}, IIDep 4
parallelismSelector::VERBO:     	unroll 1 Cycles: 81
parallelismSelector::VERBO:     Latency:
parallelismSelector::VERBO:     LoopId: 42, TC: 3, IL: {1: 81}, IIMem: {1: 0}, IIDep 4
parallelismSelector::VERBO:     	unroll 1 Cycles: 243
parallelismSelector::VERBO:     Mem Interval:
parallelismSelector::VERBO:     Interval:
parallelismSelector::VERBO:     Initiation Interval:
parallelismSelector::VERBO:     LoopId: 41, TC: 222, IL: {1: 249}, IIMem: {1: 0.5}, IIDep 0
parallelismSelector::VERBO:     	unroll 1 Cycles: 249
parallelismSelector::VERBO:     Latency:
parallelismSelector::VERBO:     LoopId: 41, TC: 222, IL: {1: 249}, IIMem: {1: 0.5}, IIDep 0
parallelismSelector::VERBO:     	unroll 1 Cycles: 55278
parallelismSelector::VERBO:     Mem Interval:
parallelismSelector::VERBO:     Interval:
parallelismSelector::VERBO:     Initiation Interval:
parallelismSelector::VERBO:     LoopId: 40, TC: 222, IL: {1: 55278}, IIMem: {1: 0}, IIDep 0
parallelismSelector::VERBO:     	unroll 1 Cycles: 55278
parallelismSelector::VERBO:     Latency:
parallelismSelector::VERBO:     LoopId: 40, TC: 222, IL: {1: 55278}, IIMem: {1: 0}, IIDep 0
parallelismSelector::VERBO:     	unroll 1 Cycles: 12271716
parallelismSelector::VERBO:     Mem Interval:
parallelismSelector::VERBO:     Interval:
parallelismSelector::VERBO:     Initiation Interval:
parallelismSelector::VERBO:     LoopId: 39, TC: 32, IL: {1: 12271717}, IIMem: {1: 1}, IIDep 0
parallelismSelector::VERBO:     	unroll 1 Cycles: 12271717
parallelismSelector::VERBO:     Latency:
parallelismSelector::VERBO:     LoopId: 39, TC: 32, IL: {1: 12271717}, IIMem: {1: 1}, IIDep 0
parallelismSelector::VERBO:     	unroll 1 Cycles: 392694944
parallelismSelector::VERBO:     Mem Interval:
parallelismSelector::VERBO:     Interval:
parallelismSelector::VERBO:     Initiation Interval:
parallelismSelector::VERBO:     LoopId: 38, TC: 2, IL: {1: 4}, IIMem: {1: 0.5}, IIDep 1
parallelismSelector::VERBO:     	unroll 1 Cycles: 4
parallelismSelector::VERBO:     Latency:
parallelismSelector::VERBO:     LoopId: 38, TC: 2, IL: {1: 4}, IIMem: {1: 0.5}, IIDep 1
parallelismSelector::VERBO:     	unroll 1 Cycles: 8
parallelismSelector::VERBO:     Mem Interval:
parallelismSelector::VERBO:     Interval:
parallelismSelector::VERBO:     Initiation Interval:
parallelismSelector::VERBO:     LoopId: 37, TC: 2, IL: {1: 8}, IIMem: {1: 0}, IIDep 1
parallelismSelector::VERBO:     	unroll 1 Cycles: 8
parallelismSelector::VERBO:     Latency:
parallelismSelector::VERBO:     LoopId: 37, TC: 2, IL: {1: 8}, IIMem: {1: 0}, IIDep 1
parallelismSelector::VERBO:     	unroll 1 Cycles: 16
parallelismSelector::VERBO:     Mem Interval:
parallelismSelector::VERBO:     Interval:
parallelismSelector::VERBO:     Initiation Interval:
parallelismSelector::VERBO:     LoopId: 36, TC: 111, IL: {1: 16}, IIMem: {1: 0.5}, IIDep 0
parallelismSelector::VERBO:     	unroll 1 Cycles: 16
parallelismSelector::VERBO:     Latency:
parallelismSelector::VERBO:     LoopId: 36, TC: 111, IL: {1: 16}, IIMem: {1: 0.5}, IIDep 0
parallelismSelector::VERBO:     	unroll 1 Cycles: 1776
parallelismSelector::VERBO:     Mem Interval:
parallelismSelector::VERBO:     Interval:
parallelismSelector::VERBO:     Initiation Interval:
parallelismSelector::VERBO:     LoopId: 35, TC: 111, IL: {1: 1776}, IIMem: {1: 0}, IIDep 0
parallelismSelector::VERBO:     	unroll 1 Cycles: 1776
parallelismSelector::VERBO:     Latency:
parallelismSelector::VERBO:     LoopId: 35, TC: 111, IL: {1: 1776}, IIMem: {1: 0}, IIDep 0
parallelismSelector::VERBO:     	unroll 1 Cycles: 197136
parallelismSelector::VERBO:     Mem Interval:
parallelismSelector::VERBO:     Interval:
parallelismSelector::VERBO:     Initiation Interval:
parallelismSelector::VERBO:     LoopId: 34, TC: 32, IL: {1: 197136}, IIMem: {1: 0}, IIDep 0
parallelismSelector::VERBO:     	unroll 1 Cycles: 197136
parallelismSelector::VERBO:     Latency:
parallelismSelector::VERBO:     LoopId: 34, TC: 32, IL: {1: 197136}, IIMem: {1: 0}, IIDep 0
parallelismSelector::VERBO:     	unroll 1 Cycles: 6308352
parallelismSelector::VERBO:     Mem Interval:
parallelismSelector::VERBO:     Interval:
parallelismSelector::VERBO:     Initiation Interval:
parallelismSelector::VERBO:     LoopId: 33, TC: 3, IL: {1: 9}, IIMem: {1: 1}, IIDep 4
parallelismSelector::VERBO:     	unroll 1 Cycles: 9
parallelismSelector::VERBO:     Latency:
parallelismSelector::VERBO:     LoopId: 33, TC: 3, IL: {1: 9}, IIMem: {1: 1}, IIDep 4
parallelismSelector::VERBO:     	unroll 1 Cycles: 27
parallelismSelector::VERBO:     Mem Interval:
parallelismSelector::VERBO:     Interval:
parallelismSelector::VERBO:     Initiation Interval:
parallelismSelector::VERBO:     LoopId: 32, TC: 3, IL: {1: 27}, IIMem: {1: 0}, IIDep 4
parallelismSelector::VERBO:     	unroll 1 Cycles: 27
parallelismSelector::VERBO:     Latency:
parallelismSelector::VERBO:     LoopId: 32, TC: 3, IL: {1: 27}, IIMem: {1: 0}, IIDep 4
parallelismSelector::VERBO:     	unroll 1 Cycles: 81
parallelismSelector::VERBO:     Mem Interval:
parallelismSelector::VERBO:     Interval:
parallelismSelector::VERBO:     Initiation Interval:
parallelismSelector::VERBO:     LoopId: 31, TC: 32, IL: {1: 81}, IIMem: {1: 0}, IIDep 4
parallelismSelector::VERBO:     	unroll 1 Cycles: 81
parallelismSelector::VERBO:     Latency:
parallelismSelector::VERBO:     LoopId: 31, TC: 32, IL: {1: 81}, IIMem: {1: 0}, IIDep 4
parallelismSelector::VERBO:     	unroll 1 Cycles: 2592
parallelismSelector::VERBO:     Mem Interval:
parallelismSelector::VERBO:     Interval:
parallelismSelector::VERBO:     Initiation Interval:
parallelismSelector::VERBO:     LoopId: 30, TC: 109, IL: {1: 2598}, IIMem: {1: 0.5}, IIDep 0
parallelismSelector::VERBO:     	unroll 1 Cycles: 2598
parallelismSelector::VERBO:     Latency:
parallelismSelector::VERBO:     LoopId: 30, TC: 109, IL: {1: 2598}, IIMem: {1: 0.5}, IIDep 0
parallelismSelector::VERBO:     	unroll 1 Cycles: 283182
parallelismSelector::VERBO:     Mem Interval:
parallelismSelector::VERBO:     Interval:
parallelismSelector::VERBO:     Initiation Interval:
parallelismSelector::VERBO:     LoopId: 29, TC: 109, IL: {1: 283182}, IIMem: {1: 0}, IIDep 0
parallelismSelector::VERBO:     	unroll 1 Cycles: 283182
parallelismSelector::VERBO:     Latency:
parallelismSelector::VERBO:     LoopId: 29, TC: 109, IL: {1: 283182}, IIMem: {1: 0}, IIDep 0
parallelismSelector::VERBO:     	unroll 1 Cycles: 30866838
parallelismSelector::VERBO:     Mem Interval:
parallelismSelector::VERBO:     Interval:
parallelismSelector::VERBO:     Initiation Interval:
parallelismSelector::VERBO:     LoopId: 28, TC: 64, IL: {1: 30866839}, IIMem: {1: 1}, IIDep 0
parallelismSelector::VERBO:     	unroll 1 Cycles: 30866839
parallelismSelector::VERBO:     Latency:
parallelismSelector::VERBO:     LoopId: 28, TC: 64, IL: {1: 30866839}, IIMem: {1: 1}, IIDep 0
parallelismSelector::VERBO:     	unroll 1 Cycles: 1975477696
parallelismSelector::VERBO:     Mem Interval:
parallelismSelector::VERBO:     Interval:
parallelismSelector::VERBO:     Initiation Interval:
parallelismSelector::VERBO:     LoopId: 27, TC: 2, IL: {1: 4}, IIMem: {1: 0.5}, IIDep 1
parallelismSelector::VERBO:     	unroll 1 Cycles: 4
parallelismSelector::VERBO:     Latency:
parallelismSelector::VERBO:     LoopId: 27, TC: 2, IL: {1: 4}, IIMem: {1: 0.5}, IIDep 1
parallelismSelector::VERBO:     	unroll 1 Cycles: 8
parallelismSelector::VERBO:     Mem Interval:
parallelismSelector::VERBO:     Interval:
parallelismSelector::VERBO:     Initiation Interval:
parallelismSelector::VERBO:     LoopId: 26, TC: 2, IL: {1: 8}, IIMem: {1: 0}, IIDep 1
parallelismSelector::VERBO:     	unroll 1 Cycles: 8
parallelismSelector::VERBO:     Latency:
parallelismSelector::VERBO:     LoopId: 26, TC: 2, IL: {1: 8}, IIMem: {1: 0}, IIDep 1
parallelismSelector::VERBO:     	unroll 1 Cycles: 16
parallelismSelector::VERBO:     Mem Interval:
parallelismSelector::VERBO:     Interval:
parallelismSelector::VERBO:     Initiation Interval:
parallelismSelector::VERBO:     LoopId: 25, TC: 54, IL: {1: 16}, IIMem: {1: 0.5}, IIDep 0
parallelismSelector::VERBO:     	unroll 1 Cycles: 16
parallelismSelector::VERBO:     Latency:
parallelismSelector::VERBO:     LoopId: 25, TC: 54, IL: {1: 16}, IIMem: {1: 0.5}, IIDep 0
parallelismSelector::VERBO:     	unroll 1 Cycles: 864
parallelismSelector::VERBO:     Mem Interval:
parallelismSelector::VERBO:     Interval:
parallelismSelector::VERBO:     Initiation Interval:
parallelismSelector::VERBO:     LoopId: 24, TC: 54, IL: {1: 864}, IIMem: {1: 0}, IIDep 0
parallelismSelector::VERBO:     	unroll 1 Cycles: 864
parallelismSelector::VERBO:     Latency:
parallelismSelector::VERBO:     LoopId: 24, TC: 54, IL: {1: 864}, IIMem: {1: 0}, IIDep 0
parallelismSelector::VERBO:     	unroll 1 Cycles: 46656
parallelismSelector::VERBO:     Mem Interval:
parallelismSelector::VERBO:     Interval:
parallelismSelector::VERBO:     Initiation Interval:
parallelismSelector::VERBO:     LoopId: 23, TC: 64, IL: {1: 46656}, IIMem: {1: 0}, IIDep 0
parallelismSelector::VERBO:     	unroll 1 Cycles: 46656
parallelismSelector::VERBO:     Latency:
parallelismSelector::VERBO:     LoopId: 23, TC: 64, IL: {1: 46656}, IIMem: {1: 0}, IIDep 0
parallelismSelector::VERBO:     	unroll 1 Cycles: 2985984
parallelismSelector::VERBO:     Mem Interval:
parallelismSelector::VERBO:     Interval:
parallelismSelector::VERBO:     Initiation Interval:
parallelismSelector::VERBO:     LoopId: 22, TC: 54, IL: {1: 6}, IIMem: {1: 0.5}, IIDep 4
parallelismSelector::VERBO:     	unroll 1 Cycles: 6
parallelismSelector::VERBO:     Latency:
parallelismSelector::VERBO:     LoopId: 22, TC: 54, IL: {1: 6}, IIMem: {1: 0.5}, IIDep 4
parallelismSelector::VERBO:     	unroll 1 Cycles: 324
parallelismSelector::VERBO:     Mem Interval:
parallelismSelector::VERBO:     Interval:
parallelismSelector::VERBO:     Initiation Interval:
parallelismSelector::VERBO:     LoopId: 21, TC: 54, IL: {1: 324}, IIMem: {1: 0}, IIDep 4
parallelismSelector::VERBO:     	unroll 1 Cycles: 324
parallelismSelector::VERBO:     Latency:
parallelismSelector::VERBO:     LoopId: 21, TC: 54, IL: {1: 324}, IIMem: {1: 0}, IIDep 4
parallelismSelector::VERBO:     	unroll 1 Cycles: 17496
parallelismSelector::VERBO:     Mem Interval:
parallelismSelector::VERBO:     Interval:
parallelismSelector::VERBO:     Initiation Interval:
parallelismSelector::VERBO:     LoopId: 20, TC: 64, IL: {1: 17507}, IIMem: {1: 0.5}, IIDep 0
parallelismSelector::VERBO:     	unroll 1 Cycles: 17507
parallelismSelector::VERBO:     Latency:
parallelismSelector::VERBO:     LoopId: 20, TC: 64, IL: {1: 17507}, IIMem: {1: 0.5}, IIDep 0
parallelismSelector::VERBO:     	unroll 1 Cycles: 1120448
parallelismSelector::VERBO:     Mem Interval:
parallelismSelector::VERBO:     Interval:
parallelismSelector::VERBO:     Initiation Interval:
parallelismSelector::VERBO:     LoopId: 19, TC: 64, IL: {1: 9}, IIMem: {1: 1}, IIDep 4
parallelismSelector::VERBO:     	unroll 1 Cycles: 9
parallelismSelector::VERBO:     Latency:
parallelismSelector::VERBO:     LoopId: 19, TC: 64, IL: {1: 9}, IIMem: {1: 1}, IIDep 4
parallelismSelector::VERBO:     	unroll 1 Cycles: 576
parallelismSelector::VERBO:     Mem Interval:
parallelismSelector::VERBO:     Interval:
parallelismSelector::VERBO:     Initiation Interval:
parallelismSelector::VERBO:     LoopId: 18, TC: 101, IL: {1: 581}, IIMem: {1: 1}, IIDep 0
parallelismSelector::VERBO:     	unroll 1 Cycles: 581
parallelismSelector::VERBO:     Latency:
parallelismSelector::VERBO:     LoopId: 18, TC: 101, IL: {1: 581}, IIMem: {1: 1}, IIDep 0
parallelismSelector::VERBO:     	unroll 1 Cycles: 58681
parallelismSelector::VERBO:     Mem Interval:
parallelismSelector::VERBO:     Interval:
parallelismSelector::VERBO: [AreaEstimationVisitor] Func: _Z8full_cnnPA224_A3_fPfPA3_A3_A32_fS2_PA3_A32_A64_fS2_PA101_fS2_ : 211
parallelismSelector::VERBO: [AreaEstimationVisitor] CallSite: CS(1 F=212) (42->37)(43->38)(44->39)(45->40)(46->41)
parallelismSelector::VERBO:   New Equivalence table
                             Object with value: 42 is mapped to the object with value: 37
                             Object with value: 43 is mapped to the object with value: 38
                             Object with value: 44 is mapped to the object with value: 39
                             Object with value: 45 is mapped to the object with value: 40
                             Object with value: 46 is mapped to the object with value: 41
                            
parallelismSelector::VERBO: [AreaEstimationVisitor] Func: Outline_T3_F211_R2_Atomic : 212
parallelismSelector::VERBO: [Finalize] Self shareable area: LUTs: 0 FFs: 0 DSPs: 0 BRAMs: 0
parallelismSelector::VERBO: [AreaEstimationVisitor] Total shareable area: LUTs: 0 FFs: 0 DSPs: 0 BRAMs: 0 Total unshareable area: LUTs: 0 FFs: 0 DSPs: 0 BRAMs: 0
parallelismSelector::VERBO: [AreaEstimationVisitor] Self shareable area: LUTs: 0 FFs: 0 DSPs: 0 BRAMs: 0 Self unshareable area: LUTs: 0 FFs: 0 DSPs: 0 BRAMs: 0
parallelismSelector::VERBO: [AreaEstimationVisitor] CallSite: CS(2 F=213) (47->29)(48->31)(49->32)(50->37)
parallelismSelector::VERBO:   New Equivalence table
                             Object with value: 47 is mapped to the object with value: 29
                             Object with value: 48 is mapped to the object with value: 31
                             Object with value: 49 is mapped to the object with value: 32
                             Object with value: 50 is mapped to the object with value: 37
                            
parallelismSelector::VERBO: [AreaEstimationVisitor] Func: Outline_T4_F211_R3_Loop : 213
parallelismSelector::VERBO: [AreaEstimationVisitor] Loop: 39
parallelismSelector::VERBO: [AreaEstimationVisitor] Loop: 40
parallelismSelector::VERBO: [AreaEstimationVisitor] Loop: 41
parallelismSelector::VERBO: [AreaEstimationVisitor] Loop: 42
parallelismSelector::VERBO: [AreaEstimationVisitor] Loop: 43
parallelismSelector::VERBO: [AreaEstimationVisitor] Loop: 44
parallelismSelector::VERBO: [Finalize] Self shareable area: LUTs: 759 FFs: 357 DSPs: 5 BRAMs: 0
parallelismSelector::VERBO: [Finalize] ParallelOperationNumPerLoop: {44: 1}
parallelismSelector::VERBO: [Finalize] Contribution of this loop to shareable area: LUTs: 759 FFs: 357 DSPs: 5 BRAMs: 0
parallelismSelector::VERBO: [AreaEstimationVisitor] Total shareable area: LUTs: 759 FFs: 357 DSPs: 5 BRAMs: 0 Total unshareable area: LUTs: 92 FFs: 0 DSPs: 0 BRAMs: 0
parallelismSelector::VERBO: [AreaEstimationVisitor] Self shareable area: LUTs: 759 FFs: 357 DSPs: 5 BRAMs: 0 Self unshareable area: LUTs: 44 FFs: 0 DSPs: 0 BRAMs: 0
parallelismSelector::VERBO: [visitNestedHeader] Adding nested shareable area from loop(id) 44 LUTs: 759 FFs: 357 DSPs: 5 BRAMs: 0
parallelismSelector::VERBO: [Finalize] Self shareable area: LUTs: 0 FFs: 0 DSPs: 0 BRAMs: 0
parallelismSelector::VERBO: [Finalize] ParallelOperationNumPerLoop: {}
parallelismSelector::VERBO: [Finalize] Contribution of this loop to shareable area: LUTs: 0 FFs: 0 DSPs: 0 BRAMs: 0
parallelismSelector::VERBO: [AreaEstimationVisitor] Total shareable area: LUTs: 759 FFs: 357 DSPs: 5 BRAMs: 0 Total unshareable area: LUTs: 136 FFs: 0 DSPs: 0 BRAMs: 0
parallelismSelector::VERBO: [AreaEstimationVisitor] Self shareable area: LUTs: 0 FFs: 0 DSPs: 0 BRAMs: 0 Self unshareable area: LUTs: 44 FFs: 0 DSPs: 0 BRAMs: 0
parallelismSelector::VERBO: [visitNestedHeader] Adding nested shareable area from loop(id) 43 LUTs: 759 FFs: 357 DSPs: 5 BRAMs: 0
parallelismSelector::VERBO: [Finalize] Self shareable area: LUTs: 0 FFs: 0 DSPs: 0 BRAMs: 0
parallelismSelector::VERBO: [Finalize] ParallelOperationNumPerLoop: {}
parallelismSelector::VERBO: [Finalize] Contribution of this loop to shareable area: LUTs: 0 FFs: 0 DSPs: 0 BRAMs: 0
parallelismSelector::VERBO: [AreaEstimationVisitor] Total shareable area: LUTs: 759 FFs: 357 DSPs: 5 BRAMs: 0 Total unshareable area: LUTs: 148 FFs: 0 DSPs: 0 BRAMs: 0
parallelismSelector::VERBO: [AreaEstimationVisitor] Self shareable area: LUTs: 0 FFs: 0 DSPs: 0 BRAMs: 0 Self unshareable area: LUTs: 12 FFs: 0 DSPs: 0 BRAMs: 0
parallelismSelector::VERBO: [visitNestedHeader] Adding nested shareable area from loop(id) 42 LUTs: 759 FFs: 357 DSPs: 5 BRAMs: 0
parallelismSelector::VERBO: [Finalize] Self shareable area: LUTs: 416 FFs: 210 DSPs: 2 BRAMs: 0
parallelismSelector::VERBO: [Finalize] ParallelOperationNumPerLoop: {41: 1}
parallelismSelector::VERBO: [Finalize] Contribution of this loop to shareable area: LUTs: 416 FFs: 210 DSPs: 2 BRAMs: 0
parallelismSelector::VERBO: [AreaEstimationVisitor] Total shareable area: LUTs: 1175 FFs: 567 DSPs: 7 BRAMs: 0 Total unshareable area: LUTs: 232 FFs: 6 DSPs: 0 BRAMs: 0
parallelismSelector::VERBO: [AreaEstimationVisitor] Self shareable area: LUTs: 416 FFs: 210 DSPs: 2 BRAMs: 0 Self unshareable area: LUTs: 56 FFs: 6 DSPs: 0 BRAMs: 0
parallelismSelector::VERBO: [visitNestedHeader] Adding nested shareable area from loop(id) 41 LUTs: 1175 FFs: 567 DSPs: 7 BRAMs: 0
parallelismSelector::VERBO: [Finalize] Self shareable area: LUTs: 0 FFs: 0 DSPs: 0 BRAMs: 0
parallelismSelector::VERBO: [Finalize] ParallelOperationNumPerLoop: {}
parallelismSelector::VERBO: [Finalize] Contribution of this loop to shareable area: LUTs: 0 FFs: 0 DSPs: 0 BRAMs: 0
parallelismSelector::VERBO: [AreaEstimationVisitor] Total shareable area: LUTs: 1175 FFs: 567 DSPs: 7 BRAMs: 0 Total unshareable area: LUTs: 244 FFs: 6 DSPs: 0 BRAMs: 0
parallelismSelector::VERBO: [AreaEstimationVisitor] Self shareable area: LUTs: 0 FFs: 0 DSPs: 0 BRAMs: 0 Self unshareable area: LUTs: 12 FFs: 0 DSPs: 0 BRAMs: 0
parallelismSelector::VERBO: [visitNestedHeader] Adding nested shareable area from loop(id) 40 LUTs: 1175 FFs: 567 DSPs: 7 BRAMs: 0
parallelismSelector::VERBO: [Finalize] Self shareable area: LUTs: 0 FFs: 0 DSPs: 0 BRAMs: 0
parallelismSelector::VERBO: [Finalize] ParallelOperationNumPerLoop: {39: 1}
parallelismSelector::VERBO: [Finalize] Contribution of this loop to shareable area: LUTs: 0 FFs: 0 DSPs: 0 BRAMs: 0
parallelismSelector::VERBO: [AreaEstimationVisitor] Total shareable area: LUTs: 1175 FFs: 567 DSPs: 7 BRAMs: 0 Total unshareable area: LUTs: 280 FFs: 6 DSPs: 0 BRAMs: 0
parallelismSelector::VERBO: [AreaEstimationVisitor] Self shareable area: LUTs: 0 FFs: 0 DSPs: 0 BRAMs: 0 Self unshareable area: LUTs: 12 FFs: 0 DSPs: 0 BRAMs: 0
parallelismSelector::VERBO: [Finalize] Self shareable area: LUTs: 0 FFs: 0 DSPs: 0 BRAMs: 0
parallelismSelector::VERBO: [AreaEstimationVisitor] Total shareable area: LUTs: 1175 FFs: 567 DSPs: 7 BRAMs: 0 Total unshareable area: LUTs: 280 FFs: 6 DSPs: 0 BRAMs: 0
parallelismSelector::VERBO: [AreaEstimationVisitor] Self shareable area: LUTs: 0 FFs: 0 DSPs: 0 BRAMs: 0 Self unshareable area: LUTs: 0 FFs: 0 DSPs: 0 BRAMs: 0
parallelismSelector::VERBO: [AreaEstimationVisitor] CallSite: CS(3 F=214) (51->38)(52->37)
parallelismSelector::VERBO:   New Equivalence table
                             Object with value: 51 is mapped to the object with value: 38
                             Object with value: 52 is mapped to the object with value: 37
                            
parallelismSelector::VERBO: [AreaEstimationVisitor] Func: Outline_T5_F211_R75_Loop : 214
parallelismSelector::VERBO: [AreaEstimationVisitor] Loop: 34
parallelismSelector::VERBO: [AreaEstimationVisitor] Loop: 35
parallelismSelector::VERBO: [AreaEstimationVisitor] Loop: 36
parallelismSelector::VERBO: [AreaEstimationVisitor] Loop: 37
parallelismSelector::VERBO: [AreaEstimationVisitor] Loop: 38
parallelismSelector::VERBO: [Finalize] Self shareable area: LUTs: 0 FFs: 0 DSPs: 0 BRAMs: 0
parallelismSelector::VERBO: [Finalize] ParallelOperationNumPerLoop: {38: 1}
parallelismSelector::VERBO: [Finalize] Contribution of this loop to shareable area: LUTs: 0 FFs: 0 DSPs: 0 BRAMs: 0
parallelismSelector::VERBO: [AreaEstimationVisitor] Total shareable area: LUTs: 0 FFs: 0 DSPs: 0 BRAMs: 0 Total unshareable area: LUTs: 128 FFs: 6 DSPs: 0 BRAMs: 0
parallelismSelector::VERBO: [AreaEstimationVisitor] Self shareable area: LUTs: 0 FFs: 0 DSPs: 0 BRAMs: 0 Self unshareable area: LUTs: 100 FFs: 6 DSPs: 0 BRAMs: 0
parallelismSelector::VERBO: [visitNestedHeader] Adding nested shareable area from loop(id) 38 LUTs: 0 FFs: 0 DSPs: 0 BRAMs: 0
parallelismSelector::VERBO: [Finalize] Self shareable area: LUTs: 0 FFs: 0 DSPs: 0 BRAMs: 0
parallelismSelector::VERBO: [Finalize] ParallelOperationNumPerLoop: {}
parallelismSelector::VERBO: [Finalize] Contribution of this loop to shareable area: LUTs: 0 FFs: 0 DSPs: 0 BRAMs: 0
parallelismSelector::VERBO: [AreaEstimationVisitor] Total shareable area: LUTs: 0 FFs: 0 DSPs: 0 BRAMs: 0 Total unshareable area: LUTs: 172 FFs: 6 DSPs: 0 BRAMs: 0
parallelismSelector::VERBO: [AreaEstimationVisitor] Self shareable area: LUTs: 0 FFs: 0 DSPs: 0 BRAMs: 0 Self unshareable area: LUTs: 44 FFs: 0 DSPs: 0 BRAMs: 0
parallelismSelector::VERBO: [visitNestedHeader] Adding nested shareable area from loop(id) 37 LUTs: 0 FFs: 0 DSPs: 0 BRAMs: 0
parallelismSelector::VERBO: [Finalize] Self shareable area: LUTs: 0 FFs: 0 DSPs: 0 BRAMs: 0
parallelismSelector::VERBO: [Finalize] ParallelOperationNumPerLoop: {36: 1}
parallelismSelector::VERBO: [Finalize] Contribution of this loop to shareable area: LUTs: 0 FFs: 0 DSPs: 0 BRAMs: 0
parallelismSelector::VERBO: [AreaEstimationVisitor] Total shareable area: LUTs: 0 FFs: 0 DSPs: 0 BRAMs: 0 Total unshareable area: LUTs: 212 FFs: 6 DSPs: 0 BRAMs: 0
parallelismSelector::VERBO: [AreaEstimationVisitor] Self shareable area: LUTs: 0 FFs: 0 DSPs: 0 BRAMs: 0 Self unshareable area: LUTs: 12 FFs: 0 DSPs: 0 BRAMs: 0
parallelismSelector::VERBO: [visitNestedHeader] Adding nested shareable area from loop(id) 36 LUTs: 0 FFs: 0 DSPs: 0 BRAMs: 0
parallelismSelector::VERBO: [Finalize] Self shareable area: LUTs: 0 FFs: 0 DSPs: 0 BRAMs: 0
parallelismSelector::VERBO: [Finalize] ParallelOperationNumPerLoop: {}
parallelismSelector::VERBO: [Finalize] Contribution of this loop to shareable area: LUTs: 0 FFs: 0 DSPs: 0 BRAMs: 0
parallelismSelector::VERBO: [AreaEstimationVisitor] Total shareable area: LUTs: 0 FFs: 0 DSPs: 0 BRAMs: 0 Total unshareable area: LUTs: 224 FFs: 6 DSPs: 0 BRAMs: 0
parallelismSelector::VERBO: [AreaEstimationVisitor] Self shareable area: LUTs: 0 FFs: 0 DSPs: 0 BRAMs: 0 Self unshareable area: LUTs: 12 FFs: 0 DSPs: 0 BRAMs: 0
parallelismSelector::VERBO: [visitNestedHeader] Adding nested shareable area from loop(id) 35 LUTs: 0 FFs: 0 DSPs: 0 BRAMs: 0
parallelismSelector::VERBO: [Finalize] Self shareable area: LUTs: 0 FFs: 0 DSPs: 0 BRAMs: 0
parallelismSelector::VERBO: [Finalize] ParallelOperationNumPerLoop: {}
parallelismSelector::VERBO: [Finalize] Contribution of this loop to shareable area: LUTs: 0 FFs: 0 DSPs: 0 BRAMs: 0
parallelismSelector::VERBO: [AreaEstimationVisitor] Total shareable area: LUTs: 0 FFs: 0 DSPs: 0 BRAMs: 0 Total unshareable area: LUTs: 236 FFs: 6 DSPs: 0 BRAMs: 0
parallelismSelector::VERBO: [AreaEstimationVisitor] Self shareable area: LUTs: 0 FFs: 0 DSPs: 0 BRAMs: 0 Self unshareable area: LUTs: 12 FFs: 0 DSPs: 0 BRAMs: 0
parallelismSelector::VERBO: [Finalize] Self shareable area: LUTs: 0 FFs: 0 DSPs: 0 BRAMs: 0
parallelismSelector::VERBO: [AreaEstimationVisitor] Total shareable area: LUTs: 0 FFs: 0 DSPs: 0 BRAMs: 0 Total unshareable area: LUTs: 236 FFs: 6 DSPs: 0 BRAMs: 0
parallelismSelector::VERBO: [AreaEstimationVisitor] Self shareable area: LUTs: 0 FFs: 0 DSPs: 0 BRAMs: 0 Self unshareable area: LUTs: 0 FFs: 0 DSPs: 0 BRAMs: 0
parallelismSelector::VERBO: [AreaEstimationVisitor] CallSite: CS(4 F=215) (53->38)(54->33)(55->34)(56->39)
parallelismSelector::VERBO:   New Equivalence table
                             Object with value: 53 is mapped to the object with value: 38
                             Object with value: 54 is mapped to the object with value: 33
                             Object with value: 55 is mapped to the object with value: 34
                             Object with value: 56 is mapped to the object with value: 39
                            
parallelismSelector::VERBO: [AreaEstimationVisitor] Func: Outline_T6_F211_R138_Loop : 215
parallelismSelector::VERBO: [AreaEstimationVisitor] Loop: 28
parallelismSelector::VERBO: [AreaEstimationVisitor] Loop: 29
parallelismSelector::VERBO: [AreaEstimationVisitor] Loop: 30
parallelismSelector::VERBO: [AreaEstimationVisitor] Loop: 31
parallelismSelector::VERBO: [AreaEstimationVisitor] Loop: 32
parallelismSelector::VERBO: [AreaEstimationVisitor] Loop: 33
parallelismSelector::VERBO: [Finalize] Self shareable area: LUTs: 759 FFs: 357 DSPs: 5 BRAMs: 0
parallelismSelector::VERBO: [Finalize] ParallelOperationNumPerLoop: {33: 1}
parallelismSelector::VERBO: [Finalize] Contribution of this loop to shareable area: LUTs: 759 FFs: 357 DSPs: 5 BRAMs: 0
parallelismSelector::VERBO: [AreaEstimationVisitor] Total shareable area: LUTs: 759 FFs: 357 DSPs: 5 BRAMs: 0 Total unshareable area: LUTs: 96 FFs: 0 DSPs: 0 BRAMs: 0
parallelismSelector::VERBO: [AreaEstimationVisitor] Self shareable area: LUTs: 759 FFs: 357 DSPs: 5 BRAMs: 0 Self unshareable area: LUTs: 44 FFs: 0 DSPs: 0 BRAMs: 0
parallelismSelector::VERBO: [visitNestedHeader] Adding nested shareable area from loop(id) 33 LUTs: 759 FFs: 357 DSPs: 5 BRAMs: 0
parallelismSelector::VERBO: [Finalize] Self shareable area: LUTs: 0 FFs: 0 DSPs: 0 BRAMs: 0
parallelismSelector::VERBO: [Finalize] ParallelOperationNumPerLoop: {}
parallelismSelector::VERBO: [Finalize] Contribution of this loop to shareable area: LUTs: 0 FFs: 0 DSPs: 0 BRAMs: 0
parallelismSelector::VERBO: [AreaEstimationVisitor] Total shareable area: LUTs: 759 FFs: 357 DSPs: 5 BRAMs: 0 Total unshareable area: LUTs: 140 FFs: 0 DSPs: 0 BRAMs: 0
parallelismSelector::VERBO: [AreaEstimationVisitor] Self shareable area: LUTs: 0 FFs: 0 DSPs: 0 BRAMs: 0 Self unshareable area: LUTs: 44 FFs: 0 DSPs: 0 BRAMs: 0
parallelismSelector::VERBO: [visitNestedHeader] Adding nested shareable area from loop(id) 32 LUTs: 759 FFs: 357 DSPs: 5 BRAMs: 0
parallelismSelector::VERBO: [Finalize] Self shareable area: LUTs: 0 FFs: 0 DSPs: 0 BRAMs: 0
parallelismSelector::VERBO: [Finalize] ParallelOperationNumPerLoop: {}
parallelismSelector::VERBO: [Finalize] Contribution of this loop to shareable area: LUTs: 0 FFs: 0 DSPs: 0 BRAMs: 0
parallelismSelector::VERBO: [AreaEstimationVisitor] Total shareable area: LUTs: 759 FFs: 357 DSPs: 5 BRAMs: 0 Total unshareable area: LUTs: 152 FFs: 0 DSPs: 0 BRAMs: 0
parallelismSelector::VERBO: [AreaEstimationVisitor] Self shareable area: LUTs: 0 FFs: 0 DSPs: 0 BRAMs: 0 Self unshareable area: LUTs: 12 FFs: 0 DSPs: 0 BRAMs: 0
parallelismSelector::VERBO: [visitNestedHeader] Adding nested shareable area from loop(id) 31 LUTs: 759 FFs: 357 DSPs: 5 BRAMs: 0
parallelismSelector::VERBO: [Finalize] Self shareable area: LUTs: 416 FFs: 210 DSPs: 2 BRAMs: 0
parallelismSelector::VERBO: [Finalize] ParallelOperationNumPerLoop: {30: 1}
parallelismSelector::VERBO: [Finalize] Contribution of this loop to shareable area: LUTs: 416 FFs: 210 DSPs: 2 BRAMs: 0
parallelismSelector::VERBO: [AreaEstimationVisitor] Total shareable area: LUTs: 1175 FFs: 567 DSPs: 7 BRAMs: 0 Total unshareable area: LUTs: 236 FFs: 6 DSPs: 0 BRAMs: 0
parallelismSelector::VERBO: [AreaEstimationVisitor] Self shareable area: LUTs: 416 FFs: 210 DSPs: 2 BRAMs: 0 Self unshareable area: LUTs: 56 FFs: 6 DSPs: 0 BRAMs: 0
parallelismSelector::VERBO: [visitNestedHeader] Adding nested shareable area from loop(id) 30 LUTs: 1175 FFs: 567 DSPs: 7 BRAMs: 0
parallelismSelector::VERBO: [Finalize] Self shareable area: LUTs: 0 FFs: 0 DSPs: 0 BRAMs: 0
parallelismSelector::VERBO: [Finalize] ParallelOperationNumPerLoop: {}
parallelismSelector::VERBO: [Finalize] Contribution of this loop to shareable area: LUTs: 0 FFs: 0 DSPs: 0 BRAMs: 0
parallelismSelector::VERBO: [AreaEstimationVisitor] Total shareable area: LUTs: 1175 FFs: 567 DSPs: 7 BRAMs: 0 Total unshareable area: LUTs: 248 FFs: 6 DSPs: 0 BRAMs: 0
parallelismSelector::VERBO: [AreaEstimationVisitor] Self shareable area: LUTs: 0 FFs: 0 DSPs: 0 BRAMs: 0 Self unshareable area: LUTs: 12 FFs: 0 DSPs: 0 BRAMs: 0
parallelismSelector::VERBO: [visitNestedHeader] Adding nested shareable area from loop(id) 29 LUTs: 1175 FFs: 567 DSPs: 7 BRAMs: 0
parallelismSelector::VERBO: [Finalize] Self shareable area: LUTs: 0 FFs: 0 DSPs: 0 BRAMs: 0
parallelismSelector::VERBO: [Finalize] ParallelOperationNumPerLoop: {28: 1}
parallelismSelector::VERBO: [Finalize] Contribution of this loop to shareable area: LUTs: 0 FFs: 0 DSPs: 0 BRAMs: 0
parallelismSelector::VERBO: [AreaEstimationVisitor] Total shareable area: LUTs: 1175 FFs: 567 DSPs: 7 BRAMs: 0 Total unshareable area: LUTs: 284 FFs: 6 DSPs: 0 BRAMs: 0
parallelismSelector::VERBO: [AreaEstimationVisitor] Self shareable area: LUTs: 0 FFs: 0 DSPs: 0 BRAMs: 0 Self unshareable area: LUTs: 12 FFs: 0 DSPs: 0 BRAMs: 0
parallelismSelector::VERBO: [Finalize] Self shareable area: LUTs: 0 FFs: 0 DSPs: 0 BRAMs: 0
parallelismSelector::VERBO: [AreaEstimationVisitor] Total shareable area: LUTs: 1175 FFs: 567 DSPs: 7 BRAMs: 0 Total unshareable area: LUTs: 284 FFs: 6 DSPs: 0 BRAMs: 0
parallelismSelector::VERBO: [AreaEstimationVisitor] Self shareable area: LUTs: 0 FFs: 0 DSPs: 0 BRAMs: 0 Self unshareable area: LUTs: 0 FFs: 0 DSPs: 0 BRAMs: 0
parallelismSelector::VERBO: [AreaEstimationVisitor] CallSite: CS(5 F=216) (57->40)(58->39)
parallelismSelector::VERBO:   New Equivalence table
                             Object with value: 57 is mapped to the object with value: 40
                             Object with value: 58 is mapped to the object with value: 39
                            
parallelismSelector::VERBO: [AreaEstimationVisitor] Func: Outline_T7_F211_R210_Loop : 216
parallelismSelector::VERBO: [AreaEstimationVisitor] Loop: 23
parallelismSelector::VERBO: [AreaEstimationVisitor] Loop: 24
parallelismSelector::VERBO: [AreaEstimationVisitor] Loop: 25
parallelismSelector::VERBO: [AreaEstimationVisitor] Loop: 26
parallelismSelector::VERBO: [AreaEstimationVisitor] Loop: 27
parallelismSelector::VERBO: [Finalize] Self shareable area: LUTs: 0 FFs: 0 DSPs: 0 BRAMs: 0
parallelismSelector::VERBO: [Finalize] ParallelOperationNumPerLoop: {27: 1}
parallelismSelector::VERBO: [Finalize] Contribution of this loop to shareable area: LUTs: 0 FFs: 0 DSPs: 0 BRAMs: 0
parallelismSelector::VERBO: [AreaEstimationVisitor] Total shareable area: LUTs: 0 FFs: 0 DSPs: 0 BRAMs: 0 Total unshareable area: LUTs: 128 FFs: 6 DSPs: 0 BRAMs: 0
parallelismSelector::VERBO: [AreaEstimationVisitor] Self shareable area: LUTs: 0 FFs: 0 DSPs: 0 BRAMs: 0 Self unshareable area: LUTs: 100 FFs: 6 DSPs: 0 BRAMs: 0
parallelismSelector::VERBO: [visitNestedHeader] Adding nested shareable area from loop(id) 27 LUTs: 0 FFs: 0 DSPs: 0 BRAMs: 0
parallelismSelector::VERBO: [Finalize] Self shareable area: LUTs: 0 FFs: 0 DSPs: 0 BRAMs: 0
parallelismSelector::VERBO: [Finalize] ParallelOperationNumPerLoop: {}
parallelismSelector::VERBO: [Finalize] Contribution of this loop to shareable area: LUTs: 0 FFs: 0 DSPs: 0 BRAMs: 0
parallelismSelector::VERBO: [AreaEstimationVisitor] Total shareable area: LUTs: 0 FFs: 0 DSPs: 0 BRAMs: 0 Total unshareable area: LUTs: 172 FFs: 6 DSPs: 0 BRAMs: 0
parallelismSelector::VERBO: [AreaEstimationVisitor] Self shareable area: LUTs: 0 FFs: 0 DSPs: 0 BRAMs: 0 Self unshareable area: LUTs: 44 FFs: 0 DSPs: 0 BRAMs: 0
parallelismSelector::VERBO: [visitNestedHeader] Adding nested shareable area from loop(id) 26 LUTs: 0 FFs: 0 DSPs: 0 BRAMs: 0
parallelismSelector::VERBO: [Finalize] Self shareable area: LUTs: 0 FFs: 0 DSPs: 0 BRAMs: 0
parallelismSelector::VERBO: [Finalize] ParallelOperationNumPerLoop: {25: 1}
parallelismSelector::VERBO: [Finalize] Contribution of this loop to shareable area: LUTs: 0 FFs: 0 DSPs: 0 BRAMs: 0
parallelismSelector::VERBO: [AreaEstimationVisitor] Total shareable area: LUTs: 0 FFs: 0 DSPs: 0 BRAMs: 0 Total unshareable area: LUTs: 212 FFs: 6 DSPs: 0 BRAMs: 0
parallelismSelector::VERBO: [AreaEstimationVisitor] Self shareable area: LUTs: 0 FFs: 0 DSPs: 0 BRAMs: 0 Self unshareable area: LUTs: 12 FFs: 0 DSPs: 0 BRAMs: 0
parallelismSelector::VERBO: [visitNestedHeader] Adding nested shareable area from loop(id) 25 LUTs: 0 FFs: 0 DSPs: 0 BRAMs: 0
parallelismSelector::VERBO: [Finalize] Self shareable area: LUTs: 0 FFs: 0 DSPs: 0 BRAMs: 0
parallelismSelector::VERBO: [Finalize] ParallelOperationNumPerLoop: {}
parallelismSelector::VERBO: [Finalize] Contribution of this loop to shareable area: LUTs: 0 FFs: 0 DSPs: 0 BRAMs: 0
parallelismSelector::VERBO: [AreaEstimationVisitor] Total shareable area: LUTs: 0 FFs: 0 DSPs: 0 BRAMs: 0 Total unshareable area: LUTs: 224 FFs: 6 DSPs: 0 BRAMs: 0
parallelismSelector::VERBO: [AreaEstimationVisitor] Self shareable area: LUTs: 0 FFs: 0 DSPs: 0 BRAMs: 0 Self unshareable area: LUTs: 12 FFs: 0 DSPs: 0 BRAMs: 0
parallelismSelector::VERBO: [visitNestedHeader] Adding nested shareable area from loop(id) 24 LUTs: 0 FFs: 0 DSPs: 0 BRAMs: 0
parallelismSelector::VERBO: [Finalize] Self shareable area: LUTs: 0 FFs: 0 DSPs: 0 BRAMs: 0
parallelismSelector::VERBO: [Finalize] ParallelOperationNumPerLoop: {}
parallelismSelector::VERBO: [Finalize] Contribution of this loop to shareable area: LUTs: 0 FFs: 0 DSPs: 0 BRAMs: 0
parallelismSelector::VERBO: [AreaEstimationVisitor] Total shareable area: LUTs: 0 FFs: 0 DSPs: 0 BRAMs: 0 Total unshareable area: LUTs: 236 FFs: 6 DSPs: 0 BRAMs: 0
parallelismSelector::VERBO: [AreaEstimationVisitor] Self shareable area: LUTs: 0 FFs: 0 DSPs: 0 BRAMs: 0 Self unshareable area: LUTs: 12 FFs: 0 DSPs: 0 BRAMs: 0
parallelismSelector::VERBO: [Finalize] Self shareable area: LUTs: 0 FFs: 0 DSPs: 0 BRAMs: 0
parallelismSelector::VERBO: [AreaEstimationVisitor] Total shareable area: LUTs: 0 FFs: 0 DSPs: 0 BRAMs: 0 Total unshareable area: LUTs: 236 FFs: 6 DSPs: 0 BRAMs: 0
parallelismSelector::VERBO: [AreaEstimationVisitor] Self shareable area: LUTs: 0 FFs: 0 DSPs: 0 BRAMs: 0 Self unshareable area: LUTs: 0 FFs: 0 DSPs: 0 BRAMs: 0
parallelismSelector::VERBO: [AreaEstimationVisitor] CallSite: CS(6 F=217) (59->41)(60->40)
parallelismSelector::VERBO:   New Equivalence table
                             Object with value: 59 is mapped to the object with value: 41
                             Object with value: 60 is mapped to the object with value: 40
                            
parallelismSelector::VERBO: [AreaEstimationVisitor] Func: Outline_T8_F211_R273_Loop : 217
parallelismSelector::VERBO: [AreaEstimationVisitor] Loop: 20
parallelismSelector::VERBO: [AreaEstimationVisitor] Loop: 21
parallelismSelector::VERBO: [AreaEstimationVisitor] Loop: 22
parallelismSelector::VERBO: [Finalize] Self shareable area: LUTs: 416 FFs: 210 DSPs: 2 BRAMs: 0
parallelismSelector::VERBO: [Finalize] ParallelOperationNumPerLoop: {22: 1}
parallelismSelector::VERBO: [Finalize] Contribution of this loop to shareable area: LUTs: 416 FFs: 210 DSPs: 2 BRAMs: 0
parallelismSelector::VERBO: [AreaEstimationVisitor] Total shareable area: LUTs: 416 FFs: 210 DSPs: 2 BRAMs: 0 Total unshareable area: LUTs: 40 FFs: 0 DSPs: 0 BRAMs: 0
parallelismSelector::VERBO: [AreaEstimationVisitor] Self shareable area: LUTs: 416 FFs: 210 DSPs: 2 BRAMs: 0 Self unshareable area: LUTs: 12 FFs: 0 DSPs: 0 BRAMs: 0
parallelismSelector::VERBO: [visitNestedHeader] Adding nested shareable area from loop(id) 22 LUTs: 416 FFs: 210 DSPs: 2 BRAMs: 0
parallelismSelector::VERBO: [Finalize] Self shareable area: LUTs: 0 FFs: 0 DSPs: 0 BRAMs: 0
parallelismSelector::VERBO: [Finalize] ParallelOperationNumPerLoop: {}
parallelismSelector::VERBO: [Finalize] Contribution of this loop to shareable area: LUTs: 0 FFs: 0 DSPs: 0 BRAMs: 0
parallelismSelector::VERBO: [AreaEstimationVisitor] Total shareable area: LUTs: 416 FFs: 210 DSPs: 2 BRAMs: 0 Total unshareable area: LUTs: 52 FFs: 0 DSPs: 0 BRAMs: 0
parallelismSelector::VERBO: [AreaEstimationVisitor] Self shareable area: LUTs: 0 FFs: 0 DSPs: 0 BRAMs: 0 Self unshareable area: LUTs: 12 FFs: 0 DSPs: 0 BRAMs: 0
parallelismSelector::VERBO: [visitNestedHeader] Adding nested shareable area from loop(id) 21 LUTs: 416 FFs: 210 DSPs: 2 BRAMs: 0
parallelismSelector::VERBO: [Finalize] Self shareable area: LUTs: 53 FFs: 12 DSPs: 0 BRAMs: 0
parallelismSelector::VERBO: [Finalize] ParallelOperationNumPerLoop: {20: 1}
parallelismSelector::VERBO: [Finalize] Contribution of this loop to shareable area: LUTs: 53 FFs: 12 DSPs: 0 BRAMs: 0
parallelismSelector::VERBO: [AreaEstimationVisitor] Total shareable area: LUTs: 469 FFs: 222 DSPs: 2 BRAMs: 0 Total unshareable area: LUTs: 92 FFs: 0 DSPs: 0 BRAMs: 0
parallelismSelector::VERBO: [AreaEstimationVisitor] Self shareable area: LUTs: 53 FFs: 12 DSPs: 0 BRAMs: 0 Self unshareable area: LUTs: 12 FFs: 0 DSPs: 0 BRAMs: 0
parallelismSelector::VERBO: [Finalize] Self shareable area: LUTs: 0 FFs: 0 DSPs: 0 BRAMs: 0
parallelismSelector::VERBO: [AreaEstimationVisitor] Total shareable area: LUTs: 469 FFs: 222 DSPs: 2 BRAMs: 0 Total unshareable area: LUTs: 92 FFs: 0 DSPs: 0 BRAMs: 0
parallelismSelector::VERBO: [AreaEstimationVisitor] Self shareable area: LUTs: 0 FFs: 0 DSPs: 0 BRAMs: 0 Self unshareable area: LUTs: 0 FFs: 0 DSPs: 0 BRAMs: 0
parallelismSelector::VERBO: [AreaEstimationVisitor] CallSite: CS(7 F=218) (61->36)(62->30)(63->41)(64->35)
parallelismSelector::VERBO:   New Equivalence table
                             Object with value: 61 is mapped to the object with value: 36
                             Object with value: 62 is mapped to the object with value: 30
                             Object with value: 63 is mapped to the object with value: 41
                             Object with value: 64 is mapped to the object with value: 35
                            
parallelismSelector::VERBO: [AreaEstimationVisitor] Func: Outline_T9_F211_R308_Loop : 218
parallelismSelector::VERBO: [AreaEstimationVisitor] Loop: 18
parallelismSelector::VERBO: [AreaEstimationVisitor] Loop: 19
parallelismSelector::VERBO: [Finalize] Self shareable area: LUTs: 759 FFs: 357 DSPs: 5 BRAMs: 0
parallelismSelector::VERBO: [Finalize] ParallelOperationNumPerLoop: {19: 1}
parallelismSelector::VERBO: [Finalize] Contribution of this loop to shareable area: LUTs: 759 FFs: 357 DSPs: 5 BRAMs: 0
parallelismSelector::VERBO: [AreaEstimationVisitor] Total shareable area: LUTs: 759 FFs: 357 DSPs: 5 BRAMs: 0 Total unshareable area: LUTs: 64 FFs: 0 DSPs: 0 BRAMs: 0
parallelismSelector::VERBO: [AreaEstimationVisitor] Self shareable area: LUTs: 759 FFs: 357 DSPs: 5 BRAMs: 0 Self unshareable area: LUTs: 12 FFs: 0 DSPs: 0 BRAMs: 0
parallelismSelector::VERBO: [visitNestedHeader] Adding nested shareable area from loop(id) 19 LUTs: 759 FFs: 357 DSPs: 5 BRAMs: 0
parallelismSelector::VERBO: [Finalize] Self shareable area: LUTs: 416 FFs: 210 DSPs: 2 BRAMs: 0
parallelismSelector::VERBO: [Finalize] ParallelOperationNumPerLoop: {18: 1}
parallelismSelector::VERBO: [Finalize] Contribution of this loop to shareable area: LUTs: 416 FFs: 210 DSPs: 2 BRAMs: 0
parallelismSelector::VERBO: [AreaEstimationVisitor] Total shareable area: LUTs: 1175 FFs: 567 DSPs: 7 BRAMs: 0 Total unshareable area: LUTs: 124 FFs: 0 DSPs: 0 BRAMs: 0
parallelismSelector::VERBO: [AreaEstimationVisitor] Self shareable area: LUTs: 416 FFs: 210 DSPs: 2 BRAMs: 0 Self unshareable area: LUTs: 12 FFs: 0 DSPs: 0 BRAMs: 0
parallelismSelector::VERBO: [Finalize] Self shareable area: LUTs: 0 FFs: 0 DSPs: 0 BRAMs: 0
parallelismSelector::VERBO: [AreaEstimationVisitor] Total shareable area: LUTs: 1175 FFs: 567 DSPs: 7 BRAMs: 0 Total unshareable area: LUTs: 124 FFs: 0 DSPs: 0 BRAMs: 0
parallelismSelector::VERBO: [AreaEstimationVisitor] Self shareable area: LUTs: 0 FFs: 0 DSPs: 0 BRAMs: 0 Self unshareable area: LUTs: 0 FFs: 0 DSPs: 0 BRAMs: 0
parallelismSelector::VERBO: [Finalize] Self shareable area: LUTs: 0 FFs: 0 DSPs: 0 BRAMs: 0
parallelismSelector::VERBO: [AreaEstimationVisitor] Total shareable area: LUTs: 0 FFs: 0 DSPs: 0 BRAMs: 0 Total unshareable area: LUTs: 0 FFs: 0 DSPs: 0 BRAMs: 0
parallelismSelector::VERBO: [AreaEstimationVisitor] Self shareable area: LUTs: 0 FFs: 0 DSPs: 0 BRAMs: 0 Self unshareable area: LUTs: 0 FFs: 0 DSPs: 0 BRAMs: 0
parallelismSelector::VERBO: Calculate statically allocated area for variable ID 37
parallelismSelector::VERBO:     Array bits: 50466816. Elements: 1577088. Element bits: 32
parallelismSelector::VERBO:     Estimate statically allocated area assuming the BRAM resource type
parallelismSelector::VERBO:         Would allocate 2738 BRAMs according to the partition factor
parallelismSelector::VERBO: Calculate statically allocated area for variable ID 38
parallelismSelector::VERBO:     Array bits: 12616704. Elements: 394272. Element bits: 32
parallelismSelector::VERBO:     Estimate statically allocated area assuming the BRAM resource type
parallelismSelector::VERBO:         Would allocate 685 BRAMs according to the partition factor
parallelismSelector::VERBO: Calculate statically allocated area for variable ID 39
parallelismSelector::VERBO:     Array bits: 24332288. Elements: 760384. Element bits: 32
parallelismSelector::VERBO:     Estimate statically allocated area assuming the BRAM resource type
parallelismSelector::VERBO:         Would allocate 1321 BRAMs according to the partition factor
parallelismSelector::VERBO: Calculate statically allocated area for variable ID 40
parallelismSelector::VERBO:     Array bits: 5971968. Elements: 186624. Element bits: 32
parallelismSelector::VERBO:     Estimate statically allocated area assuming the BRAM resource type
parallelismSelector::VERBO:         Would allocate 324 BRAMs according to the partition factor
parallelismSelector::VERBO: Calculate statically allocated area for variable ID 41
parallelismSelector::VERBO:     Array bits: 2048. Elements: 64. Element bits: 32
parallelismSelector::VERBO:     Estimate statically allocated area assuming the BRAM resource type
parallelismSelector::VERBO:         Would allocate 1 BRAMs according to the partition factor
parallelismSelector::VERBO: Branch does not fit (min area: Area -- (LUTs: 5246, FFs: 1947, DSPs: 23, BRAMs: 5069, URAMs: 0))
parallelismSelector::VERBO: Initial constrained branch with estimates:
                            FunctionPipelineTopLevel: No
                            Reshape {dim 0: cyclic 1, dim 1: cyclic 1, dim 2: cyclic 1} (VariableId 29)
                               +- Penalty on LoopId 39: {1: lat/intv 0} (unroll: latency/interval)
                               +- Penalty on LoopId 40: {1: lat/intv 0} (unroll: latency/interval)
                               +- Penalty on LoopId 41: {1: lat/intv 0} (unroll: latency/interval)
                               +- Penalty on LoopId 42: {1: lat/intv 0} (unroll: latency/interval)
                               +- Penalty on LoopId 43: {1: lat/intv 0} (unroll: latency/interval)
                               +- Penalty on LoopId 44: {1: lat/intv 0} (unroll: latency/interval)
                            Reshape {dim 0: cyclic 1} (VariableId 30)
                               +- Penalty on LoopId 18: {1: lat/intv 0} (unroll: latency/interval)
                            Reshape {dim 0: cyclic 1, dim 1: cyclic 1, dim 2: cyclic 1, dim 3: cyclic 1} (VariableId 31)
                               +- Penalty on LoopId 39: {1: lat/intv 0} (unroll: latency/interval)
                               +- Penalty on LoopId 40: {1: lat/intv 0} (unroll: latency/interval)
                               +- Penalty on LoopId 41: {1: lat/intv 0} (unroll: latency/interval)
                               +- Penalty on LoopId 42: {1: lat/intv 0} (unroll: latency/interval)
                               +- Penalty on LoopId 43: {1: lat/intv 0} (unroll: latency/interval)
                               +- Penalty on LoopId 44: {1: lat/intv 0} (unroll: latency/interval)
                            Reshape {dim 0: cyclic 1} (VariableId 32)
                               +- Penalty on LoopId 39: {1: lat/intv 0} (unroll: latency/interval)
                            Reshape {dim 0: cyclic 1, dim 1: cyclic 1, dim 2: cyclic 1, dim 3: cyclic 1} (VariableId 33)
                               +- Penalty on LoopId 28: {1: lat/intv 0} (unroll: latency/interval)
                               +- Penalty on LoopId 29: {1: lat/intv 0} (unroll: latency/interval)
                               +- Penalty on LoopId 30: {1: lat/intv 0} (unroll: latency/interval)
                               +- Penalty on LoopId 31: {1: lat/intv 0} (unroll: latency/interval)
                               +- Penalty on LoopId 32: {1: lat/intv 0} (unroll: latency/interval)
                               +- Penalty on LoopId 33: {1: lat/intv 0} (unroll: latency/interval)
                            Reshape {dim 0: cyclic 1} (VariableId 34)
                               +- Penalty on LoopId 28: {1: lat/intv 0} (unroll: latency/interval)
                            Reshape {dim 0: cyclic 1, dim 1: cyclic 1} (VariableId 35)
                               +- Penalty on LoopId 18: {1: lat/intv 0} (unroll: latency/interval)
                               +- Penalty on LoopId 19: {1: lat/intv 0} (unroll: latency/interval)
                            Reshape {dim 0: cyclic 1} (VariableId 36)
                               +- Penalty on LoopId 18: {1: lat/intv 0} (unroll: latency/interval)
                            Partition {dim 0: cyclic 1, dim 1: cyclic 1, dim 2: cyclic 1} (VariableId 37)
                               +- Penalty on LoopId 34: {1: lat/intv 0} (unroll: latency/interval)
                               +- Penalty on LoopId 35: {1: lat/intv 0} (unroll: latency/interval)
                               +- Penalty on LoopId 36: {1: lat/intv 0} (unroll: latency/interval)
                               +- Penalty on LoopId 37: {1: lat/intv 0} (unroll: latency/interval)
                               +- Penalty on LoopId 38: {1: lat/intv 0} (unroll: latency/interval)
                               +- Penalty on LoopId 39: {1: lat/intv 0} (unroll: latency/interval)
                               +- Penalty on LoopId 40: {1: lat/intv 0} (unroll: latency/interval)
                               +- Penalty on LoopId 41: {1: lat/intv 0} (unroll: latency/interval)
                            Partition {dim 0: cyclic 1, dim 1: cyclic 1, dim 2: cyclic 1} (VariableId 38)
                               +- Penalty on LoopId 34: {1: lat/intv 0} (unroll: latency/interval)
                               +- Penalty on LoopId 35: {1: lat/intv 0} (unroll: latency/interval)
                               +- Penalty on LoopId 36: {1: lat/intv 0} (unroll: latency/interval)
                            Partition {dim 0: cyclic 1, dim 1: cyclic 1, dim 2: cyclic 1} (VariableId 39)
                               +- Penalty on LoopId 23: {1: lat/intv 0} (unroll: latency/interval)
                               +- Penalty on LoopId 24: {1: lat/intv 0} (unroll: latency/interval)
                               +- Penalty on LoopId 25: {1: lat/intv 0} (unroll: latency/interval)
                               +- Penalty on LoopId 26: {1: lat/intv 0} (unroll: latency/interval)
                               +- Penalty on LoopId 27: {1: lat/intv 0} (unroll: latency/interval)
                               +- Penalty on LoopId 28: {1: lat/intv 0} (unroll: latency/interval)
                               +- Penalty on LoopId 29: {1: lat/intv 0} (unroll: latency/interval)
                               +- Penalty on LoopId 30: {1: lat/intv 0} (unroll: latency/interval)
                            Partition {dim 0: cyclic 1, dim 1: cyclic 1, dim 2: cyclic 1} (VariableId 40)
                               +- Penalty on LoopId 20: {1: lat/intv 0} (unroll: latency/interval)
                               +- Penalty on LoopId 21: {1: lat/intv 0} (unroll: latency/interval)
                               +- Penalty on LoopId 22: {1: lat/intv 0} (unroll: latency/interval)
                               +- Penalty on LoopId 23: {1: lat/intv 0} (unroll: latency/interval)
                               +- Penalty on LoopId 24: {1: lat/intv 0} (unroll: latency/interval)
                               +- Penalty on LoopId 25: {1: lat/intv 0} (unroll: latency/interval)
                            Partition {dim 0: cyclic 1} (VariableId 41)
                               +- Penalty on LoopId 20: {1: lat/intv 0} (unroll: latency/interval)
                            +- unroll with factors 1 (LoopId 39), min-max latency/interval: {unroll 1: lat/intv 392694944}
                               +- Access to VariableId 29: {1: lat/intv 0} (unroll: latency/interval)
                               +- Access to VariableId 31: {1: lat/intv 0} (unroll: latency/interval)
                               +- Access to VariableId 32: {1: lat/intv 0} (unroll: latency/interval)
                               +- Access to VariableId 37: {1: lat/intv 0} (unroll: latency/interval)
                               +- unroll with factors 1 (LoopId 40), min-max latency/interval: {unroll 1: lat/intv 12271716}
                                  +- Access to VariableId 29: {1: lat/intv 0} (unroll: latency/interval)
                                  +- Access to VariableId 31: {1: lat/intv 0} (unroll: latency/interval)
                                  +- Access to VariableId 37: {1: lat/intv 0} (unroll: latency/interval)
                                  +- unroll with factors 1 (LoopId 41), min-max latency/interval: {unroll 1: lat/intv 55278}
                                     +- Access to VariableId 29: {1: lat/intv 0} (unroll: latency/interval)
                                     +- Access to VariableId 31: {1: lat/intv 0} (unroll: latency/interval)
                                     +- Access to VariableId 37: {1: lat/intv 0} (unroll: latency/interval)
                                     +- unroll with factors 1 (LoopId 42), min-max latency/interval: {unroll 1: lat/intv 243}
                                        +- Access to VariableId 29: {1: lat/intv 0} (unroll: latency/interval)
                                        +- Access to VariableId 31: {1: lat/intv 0} (unroll: latency/interval)
                                        +- unroll with factors 1 (LoopId 43), min-max latency/interval: {unroll 1: lat/intv 81}
                                           +- Access to VariableId 29: {1: lat/intv 0} (unroll: latency/interval)
                                           +- Access to VariableId 31: {1: lat/intv 0} (unroll: latency/interval)
                                           +- unroll with factors 1 (LoopId 44), min-max latency/interval: {unroll 1: lat/intv 27}
                                              +- Access to VariableId 29: {1: lat/intv 0} (unroll: latency/interval)
                                              +- Access to VariableId 31: {1: lat/intv 0} (unroll: latency/interval)
                            +- unroll with factors 1 (LoopId 34), min-max latency/interval: {unroll 1: lat/intv 6308352}
                               +- Access to VariableId 37: {1: lat/intv 0} (unroll: latency/interval)
                               +- Access to VariableId 38: {1: lat/intv 0} (unroll: latency/interval)
                               +- unroll with factors 1 (LoopId 35), min-max latency/interval: {unroll 1: lat/intv 197136}
                                  +- Access to VariableId 37: {1: lat/intv 0} (unroll: latency/interval)
                                  +- Access to VariableId 38: {1: lat/intv 0} (unroll: latency/interval)
                                  +- unroll with factors 1 (LoopId 36), min-max latency/interval: {unroll 1: lat/intv 1776}
                                     +- Access to VariableId 37: {1: lat/intv 0} (unroll: latency/interval)
                                     +- Access to VariableId 38: {1: lat/intv 0} (unroll: latency/interval)
                                     +- unroll with factors 1 (LoopId 37), min-max latency/interval: {unroll 1: lat/intv 16}
                                        +- Access to VariableId 37: {1: lat/intv 0} (unroll: latency/interval)
                                        +- unroll with factors 1 (LoopId 38), min-max latency/interval: {unroll 1: lat/intv 8}
                                           +- Access to VariableId 37: {1: lat/intv 0} (unroll: latency/interval)
                            +- unroll with factors 1 (LoopId 28), min-max latency/interval: {unroll 1: lat/intv 1975477696}
                               +- Access to VariableId 33: {1: lat/intv 0} (unroll: latency/interval)
                               +- Access to VariableId 34: {1: lat/intv 0} (unroll: latency/interval)
                               +- Access to VariableId 39: {1: lat/intv 0} (unroll: latency/interval)
                               +- unroll with factors 1 (LoopId 29), min-max latency/interval: {unroll 1: lat/intv 30866838}
                                  +- Access to VariableId 33: {1: lat/intv 0} (unroll: latency/interval)
                                  +- Access to VariableId 39: {1: lat/intv 0} (unroll: latency/interval)
                                  +- unroll with factors 1 (LoopId 30), min-max latency/interval: {unroll 1: lat/intv 283182}
                                     +- Access to VariableId 33: {1: lat/intv 0} (unroll: latency/interval)
                                     +- Access to VariableId 39: {1: lat/intv 0} (unroll: latency/interval)
                                     +- unroll with factors 1 (LoopId 31), min-max latency/interval: {unroll 1: lat/intv 2592}
                                        +- Access to VariableId 33: {1: lat/intv 0} (unroll: latency/interval)
                                        +- unroll with factors 1 (LoopId 32), min-max latency/interval: {unroll 1: lat/intv 81}
                                           +- Access to VariableId 33: {1: lat/intv 0} (unroll: latency/interval)
                                           +- unroll with factors 1 (LoopId 33), min-max latency/interval: {unroll 1: lat/intv 27}
                                              +- Access to VariableId 33: {1: lat/intv 0} (unroll: latency/interval)
                            +- unroll with factors 1 (LoopId 23), min-max latency/interval: {unroll 1: lat/intv 2985984}
                               +- Access to VariableId 39: {1: lat/intv 0} (unroll: latency/interval)
                               +- Access to VariableId 40: {1: lat/intv 0} (unroll: latency/interval)
                               +- unroll with factors 1 (LoopId 24), min-max latency/interval: {unroll 1: lat/intv 46656}
                                  +- Access to VariableId 39: {1: lat/intv 0} (unroll: latency/interval)
                                  +- Access to VariableId 40: {1: lat/intv 0} (unroll: latency/interval)
                                  +- unroll with factors 1 (LoopId 25), min-max latency/interval: {unroll 1: lat/intv 864}
                                     +- Access to VariableId 39: {1: lat/intv 0} (unroll: latency/interval)
                                     +- Access to VariableId 40: {1: lat/intv 0} (unroll: latency/interval)
                                     +- unroll with factors 1 (LoopId 26), min-max latency/interval: {unroll 1: lat/intv 16}
                                        +- Access to VariableId 39: {1: lat/intv 0} (unroll: latency/interval)
                                        +- unroll with factors 1 (LoopId 27), min-max latency/interval: {unroll 1: lat/intv 8}
                                           +- Access to VariableId 39: {1: lat/intv 0} (unroll: latency/interval)
                            +- unroll with factors 1 (LoopId 20), min-max latency/interval: {unroll 1: lat/intv 1120448}
                               +- Access to VariableId 40: {1: lat/intv 0} (unroll: latency/interval)
                               +- Access to VariableId 41: {1: lat/intv 0} (unroll: latency/interval)
                               +- unroll with factors 1 (LoopId 21), min-max latency/interval: {unroll 1: lat/intv 17496}
                                  +- Access to VariableId 40: {1: lat/intv 0} (unroll: latency/interval)
                                  +- unroll with factors 1 (LoopId 22), min-max latency/interval: {unroll 1: lat/intv 324}
                                     +- Access to VariableId 40: {1: lat/intv 0} (unroll: latency/interval)
                            +- unroll with factors 1 (LoopId 18), min-max latency/interval: {unroll 1: lat/intv 58681}
                               +- Access to VariableId 30: {1: lat/intv 0} (unroll: latency/interval)
                               +- Access to VariableId 35: {1: lat/intv 0} (unroll: latency/interval)
                               +- Access to VariableId 36: {1: lat/intv 0} (unroll: latency/interval)
                               +- unroll with factors 1 (LoopId 19), min-max latency/interval: {unroll 1: lat/intv 576}
                                  +- Access to VariableId 35: {1: lat/intv 0} (unroll: latency/interval)
                            Id: 0 contains valid solution: --, min-max latency/interval:  lat 2378646128 intv 2378646129, min-max area:  LUTs: 5246 FFs: 1947 DSPs: 23 BRAMs: 5069
parallelismSelector::VERBO: Initial FPGA area occupied (min): Area -- (LUTs: 5246, FFs: 1947, DSPs: 23, BRAMs: 5069, URAMs: 0)
parallelismSelector::VERBO: Initial FPGA area occupied (max): Area -- (LUTs: 5246, FFs: 1947, DSPs: 23, BRAMs: 5069, URAMs: 0)
parallelismSelector::VERBO: HPE - Calculating latency and area for design space...
                            Setting Space: FunctionPipelineTopLevel: No
                            Reshape {dim 0: cyclic 1, dim 1: cyclic 1, dim 2: cyclic 1} (VariableId 29)
                            Reshape {dim 0: cyclic 1} (VariableId 30)
                            Reshape {dim 0: cyclic 1, dim 1: cyclic 1, dim 2: cyclic 1, dim 3: cyclic 1} (VariableId 31)
                            Reshape {dim 0: cyclic 1} (VariableId 32)
                            Reshape {dim 0: cyclic 1, dim 1: cyclic 1, dim 2: cyclic 1, dim 3: cyclic 1} (VariableId 33)
                            Reshape {dim 0: cyclic 1} (VariableId 34)
                            Reshape {dim 0: cyclic 1, dim 1: cyclic 1} (VariableId 35)
                            Reshape {dim 0: cyclic 1} (VariableId 36)
                            Partition {dim 0: cyclic 1, dim 1: cyclic 1, dim 2: cyclic 1} (VariableId 37)
                            Partition {dim 0: cyclic 1, dim 1: cyclic 1, dim 2: cyclic 1} (VariableId 38)
                            Partition {dim 0: cyclic 1, dim 1: cyclic 1, dim 2: cyclic 1} (VariableId 39)
                            Partition {dim 0: cyclic 1, dim 1: cyclic 1, dim 2: cyclic 1} (VariableId 40)
                            Partition {dim 0: cyclic 1} (VariableId 41)
                            +- unroll with factors 1 (LoopId 39)
                               +- unroll with factors 1 (LoopId 40)
                                  +- unroll with factors 1 (LoopId 41)
                                     +- unroll with factors 1 (LoopId 42)
                                        +- unroll with factors 1 (LoopId 43)
                                           +- unroll with factors 1 (LoopId 44)
                            +- unroll with factors 1 (LoopId 34)
                               +- unroll with factors 1 (LoopId 35)
                                  +- unroll with factors 1 (LoopId 36)
                                     +- unroll with factors 1 (LoopId 37)
                                        +- unroll with factors 1 (LoopId 38)
                            +- unroll with factors 1 (LoopId 28)
                               +- unroll with factors 1 (LoopId 29)
                                  +- unroll with factors 1 (LoopId 30)
                                     +- unroll with factors 1 (LoopId 31)
                                        +- unroll with factors 1 (LoopId 32)
                                           +- unroll with factors 1 (LoopId 33)
                            +- unroll with factors 1 (LoopId 23)
                               +- unroll with factors 1 (LoopId 24)
                                  +- unroll with factors 1 (LoopId 25)
                                     +- unroll with factors 1 (LoopId 26)
                                        +- unroll with factors 1 (LoopId 27)
                            +- unroll with factors 1 (LoopId 20)
                               +- unroll with factors 1 (LoopId 21)
                                  +- unroll with factors 1 (LoopId 22)
                            +- unroll with factors 1 (LoopId 18)
                               +- unroll with factors 1 (LoopId 19)
                            
parallelismSelector::VERBO: Calculating latency for top level hw function: full_cnn
parallelismSelector::VERBO: [LatencyEstimationVisitor] CallSite: CS(1 F=212) (42->37)(43->38)(44->39)(45->40)(46->41)
parallelismSelector::VERBO: [LatencyEstimationVisitor] Equivalence table
                             Object with value: 42 is mapped to the object with value: 37
                             Object with value: 43 is mapped to the object with value: 38
                             Object with value: 44 is mapped to the object with value: 39
                             Object with value: 45 is mapped to the object with value: 40
                             Object with value: 46 is mapped to the object with value: 41
                            
parallelismSelector::VERBO: Analyzing Function "Outline_T3_F211_R2_Atomic" (FunctionId 212):
parallelismSelector::VERBO:     MARegionScheduler::finalize():
parallelismSelector::VERBO:        - Function: Outline_T3_F211_R2_Atomic
parallelismSelector::VERBO:          - EndCycles: newFuncRoot -> {1: 1}
parallelismSelector::VERBO:          - EndCycles: newFuncRoot_iso0 -> {1: 2}
parallelismSelector::VERBO:          - EndCycles: newFuncRoot_iso6 -> {1: 8}
parallelismSelector::VERBO:          - EndCycles: newFuncRoot_iso2 -> {1: 4}
parallelismSelector::VERBO:          - EndCycles: newFuncRoot_iso1 -> {1: 3}
parallelismSelector::VERBO:          - EndCycles: newFuncRoot_iso3 -> {1: 5}
parallelismSelector::VERBO:          - EndCycles: newFuncRoot_iso7 -> {1: 9}
parallelismSelector::VERBO:          - EndCycles: newFuncRoot_iso4 -> {1: 6}
parallelismSelector::VERBO:          - EndCycles: newFuncRoot_iso8 -> {1: 9}
parallelismSelector::VERBO:          - EndCycles: newFuncRoot_iso5 -> {1: 7}
parallelismSelector::VERBO:        - MaxEndCycle: {1: 9}
parallelismSelector::VERBO:        - Critical path: newFuncRoot, newFuncRoot_iso0, newFuncRoot_iso6, newFuncRoot_iso2, newFuncRoot_iso1, newFuncRoot_iso3, newFuncRoot_iso7, newFuncRoot_iso4, newFuncRoot_iso8, newFuncRoot_iso5
parallelismSelector::VERBO: 
parallelismSelector::VERBO: [LatencyEstimationVisitor] CallSite: CS(2 F=213) (47->29)(48->31)(49->32)(50->37)
parallelismSelector::VERBO: [LatencyEstimationVisitor] Equivalence table
                             Object with value: 47 is mapped to the object with value: 29
                             Object with value: 48 is mapped to the object with value: 31
                             Object with value: 49 is mapped to the object with value: 32
                             Object with value: 50 is mapped to the object with value: 37
                            
parallelismSelector::VERBO: Analyzing Loop "for.body15" (LoopId 44):
parallelismSelector::VERBO:     MARegionScheduler::finalize():
parallelismSelector::VERBO:        - LoopId: 44
parallelismSelector::VERBO:          - EndCycles: for.body15 -> {1: 9}
parallelismSelector::VERBO:        - MaxEndCycle: {1: 9}
parallelismSelector::VERBO:        - Critical path: for.body15
parallelismSelector::VERBO:     hasRAW: 1
parallelismSelector::VERBO:     Recurrence: Circuit=12:0 -> 12:13 -> 12:0
parallelismSelector::VERBO:       distance=4
parallelismSelector::VERBO:        - IIMem: {1: 1}, OwnedIIMem: {1: 1}, NestedIIMem: {1: 0}
parallelismSelector::VERBO: 
parallelismSelector::VERBO: Analyzing Loop "for.body12" (LoopId 43):
parallelismSelector::VERBO:         LoopId: 44, TC: 3, IL: {1: 9}, IIMem: {1: 1}, IIDep 4
parallelismSelector::VERBO:         	unroll 1 Cycles: 27
parallelismSelector::VERBO:         Overall latency for nested loop (LoopId 44): 27
parallelismSelector::VERBO:     MARegionScheduler::finalize():
parallelismSelector::VERBO:        - LoopId: 43
parallelismSelector::VERBO:          - EndCycles: for.body15 -> {1: 27}
parallelismSelector::VERBO:          - EndCycles: for.end -> {1: 27}
parallelismSelector::VERBO:          - EndCycles: for.body12 -> {1: 1}
parallelismSelector::VERBO:        - MaxEndCycle: {1: 27}
parallelismSelector::VERBO:        - Critical path: for.body15, for.end, for.body12
parallelismSelector::VERBO:     hasRAW: 1
parallelismSelector::VERBO:     Recurrence: Circuit=10:0 -> 12:0 -> 12:13 -> 11:0 -> 10:0
parallelismSelector::VERBO:       distance=4
parallelismSelector::VERBO:        - IIMem: {1: 0}, OwnedIIMem: {1: 0}, NestedIIMem: {1: 0}
parallelismSelector::VERBO: 
parallelismSelector::VERBO: Analyzing Loop "for.body9" (LoopId 42):
parallelismSelector::VERBO:         LoopId: 43, TC: 3, IL: {1: 27}, IIMem: {1: 0}, IIDep 4
parallelismSelector::VERBO:         	unroll 1 Cycles: 81
parallelismSelector::VERBO:         Overall latency for nested loop (LoopId 43): 81
parallelismSelector::VERBO:     MARegionScheduler::finalize():
parallelismSelector::VERBO:        - LoopId: 42
parallelismSelector::VERBO:          - EndCycles: for.end -> {1: 81}
parallelismSelector::VERBO:          - EndCycles: for.end32 -> {1: 81}
parallelismSelector::VERBO:          - EndCycles: for.body9 -> {1: 1}
parallelismSelector::VERBO:        - MaxEndCycle: {1: 81}
parallelismSelector::VERBO:        - Critical path: for.end, for.body12, for.end32, for.body9
parallelismSelector::VERBO:     hasRAW: 1
parallelismSelector::VERBO:     Recurrence: Circuit=8:0 -> 10:0 -> 12:0 -> 12:13 -> 11:0 -> 9:0 -> 8:0
parallelismSelector::VERBO:       distance=4
parallelismSelector::VERBO:        - IIMem: {1: 0}, OwnedIIMem: {1: 0}, NestedIIMem: {1: 0}
parallelismSelector::VERBO: 
parallelismSelector::VERBO: Analyzing Loop "for.body6" (LoopId 41):
parallelismSelector::VERBO:         LoopId: 42, TC: 3, IL: {1: 81}, IIMem: {1: 0}, IIDep 4
parallelismSelector::VERBO:         	unroll 1 Cycles: 243
parallelismSelector::VERBO:         Overall latency for nested loop (LoopId 42): 243
parallelismSelector::VERBO:     MARegionScheduler::finalize():
parallelismSelector::VERBO:        - LoopId: 41
parallelismSelector::VERBO:          - EndCycles: cond.true -> {1: 248}
parallelismSelector::VERBO:          - EndCycles: for.body6 -> {1: 1}
parallelismSelector::VERBO:          - EndCycles: for.end35 -> {1: 247}
parallelismSelector::VERBO:          - EndCycles: cond.false -> {1: 248}
parallelismSelector::VERBO:          - EndCycles: for.end32 -> {1: 243}
parallelismSelector::VERBO:          - EndCycles: cond.end -> {1: 249}
parallelismSelector::VERBO:        - MaxEndCycle: {1: 249}
parallelismSelector::VERBO:        - Critical path: cond.true, for.body6, for.end35, cond.false, for.end32, cond.end, for.body9
parallelismSelector::VERBO:     hasRAW: 0
parallelismSelector::VERBO:        - IIMem: {1: 0.5}, OwnedIIMem: {1: 0.5}, NestedIIMem: {1: 0}
parallelismSelector::VERBO: 
parallelismSelector::VERBO: Analyzing Loop "for.body3" (LoopId 40):
parallelismSelector::VERBO:         LoopId: 41, TC: 222, IL: {1: 249}, IIMem: {1: 0.5}, IIDep 0
parallelismSelector::VERBO:         	unroll 1 Cycles: 55278
parallelismSelector::VERBO:         Overall latency for nested loop (LoopId 41): 55278
parallelismSelector::VERBO:     MARegionScheduler::finalize():
parallelismSelector::VERBO:        - LoopId: 40
parallelismSelector::VERBO:          - EndCycles: for.body3 -> {1: 1}
parallelismSelector::VERBO:          - EndCycles: cond.end -> {1: 55278}
parallelismSelector::VERBO:          - EndCycles: for.end48 -> {1: 55278}
parallelismSelector::VERBO:        - MaxEndCycle: {1: 55278}
parallelismSelector::VERBO:        - Critical path: for.body6, for.body3, cond.end, for.end48
parallelismSelector::VERBO:     hasRAW: 0
parallelismSelector::VERBO:        - IIMem: {1: 0}, OwnedIIMem: {1: 0}, NestedIIMem: {1: 0}
parallelismSelector::VERBO: 
parallelismSelector::VERBO: Analyzing Loop "for.body" (LoopId 39):
parallelismSelector::VERBO:         LoopId: 40, TC: 222, IL: {1: 55278}, IIMem: {1: 0}, IIDep 0
parallelismSelector::VERBO:         	unroll 1 Cycles: 12271716
parallelismSelector::VERBO:         Overall latency for nested loop (LoopId 40): 12271716
parallelismSelector::VERBO:     MARegionScheduler::finalize():
parallelismSelector::VERBO:        - LoopId: 39
parallelismSelector::VERBO:          - EndCycles: for.body -> {1: 2}
parallelismSelector::VERBO:          - EndCycles: for.end51 -> {1: 12271717}
parallelismSelector::VERBO:          - EndCycles: for.end48 -> {1: 12271717}
parallelismSelector::VERBO:        - MaxEndCycle: {1: 12271717}
parallelismSelector::VERBO:        - Critical path: for.body, for.end51, for.body3, for.end48
parallelismSelector::VERBO:     hasRAW: 0
parallelismSelector::VERBO:        - IIMem: {1: 1}, OwnedIIMem: {1: 1}, NestedIIMem: {1: 0}
parallelismSelector::VERBO: 
parallelismSelector::VERBO: Analyzing Function "Outline_T4_F211_R3_Loop" (FunctionId 213):
parallelismSelector::VERBO:         LoopId: 39, TC: 32, IL: {1: 12271717}, IIMem: {1: 1}, IIDep 0
parallelismSelector::VERBO:         	unroll 1 Cycles: 392694944
parallelismSelector::VERBO:         Overall latency for nested loop (LoopId 39): 392694944
parallelismSelector::VERBO:     MARegionScheduler::finalize():
parallelismSelector::VERBO:        - Function: Outline_T4_F211_R3_Loop
parallelismSelector::VERBO:          - EndCycles: for.end54 -> {1: 392694945}
parallelismSelector::VERBO:          - EndCycles: newFuncRoot -> {1: 1}
parallelismSelector::VERBO:          - EndCycles: for.end51 -> {1: 392694945}
parallelismSelector::VERBO:        - MaxEndCycle: {1: 392694945}
parallelismSelector::VERBO:        - Critical path: for.end54, for.body, newFuncRoot, for.end51
parallelismSelector::VERBO: 
parallelismSelector::VERBO: [LatencyEstimationVisitor] CallSite: CS(3 F=214) (51->38)(52->37)
parallelismSelector::VERBO: [LatencyEstimationVisitor] Equivalence table
                             Object with value: 51 is mapped to the object with value: 38
                             Object with value: 52 is mapped to the object with value: 37
                            
parallelismSelector::VERBO: Analyzing Loop "for.body71" (LoopId 38):
parallelismSelector::VERBO:     MARegionScheduler::finalize():
parallelismSelector::VERBO:        - LoopId: 38
parallelismSelector::VERBO:          - EndCycles: if.then -> {1: 3}
parallelismSelector::VERBO:          - EndCycles: lor.lhs.false -> {1: 2}
parallelismSelector::VERBO:          - EndCycles: land.lhs.true -> {1: 2}
parallelismSelector::VERBO:          - EndCycles: if.end -> {1: 4}
parallelismSelector::VERBO:          - EndCycles: for.body71 -> {1: 2}
parallelismSelector::VERBO:        - MaxEndCycle: {1: 4}
parallelismSelector::VERBO:        - Critical path: if.then, lor.lhs.false, land.lhs.true, if.end, for.body71
parallelismSelector::VERBO:     hasRAW: 1
parallelismSelector::VERBO:     Recurrence: Circuit=10:0 -> 13:0 -> 10:0
parallelismSelector::VERBO:       distance=1
parallelismSelector::VERBO:        - IIMem: {1: 0.5}, OwnedIIMem: {1: 0.5}, NestedIIMem: {1: 0}
parallelismSelector::VERBO: 
parallelismSelector::VERBO: Analyzing Loop "for.body68" (LoopId 37):
parallelismSelector::VERBO:         LoopId: 38, TC: 2, IL: {1: 4}, IIMem: {1: 0.5}, IIDep 1
parallelismSelector::VERBO:         	unroll 1 Cycles: 8
parallelismSelector::VERBO:         Overall latency for nested loop (LoopId 38): 8
parallelismSelector::VERBO:     MARegionScheduler::finalize():
parallelismSelector::VERBO:        - LoopId: 37
parallelismSelector::VERBO:          - EndCycles: for.body68 -> {1: 1}
parallelismSelector::VERBO:          - EndCycles: for.end87 -> {1: 8}
parallelismSelector::VERBO:          - EndCycles: if.end -> {1: 8}
parallelismSelector::VERBO:        - MaxEndCycle: {1: 8}
parallelismSelector::VERBO:        - Critical path: for.body68, for.end87, if.end, for.body71
parallelismSelector::VERBO:     hasRAW: 1
parallelismSelector::VERBO:     Recurrence: Circuit=8:0 -> 10:0 -> 13:0 -> 9:0 -> 8:0
parallelismSelector::VERBO:       distance=1
parallelismSelector::VERBO:        - IIMem: {1: 0}, OwnedIIMem: {1: 0}, NestedIIMem: {1: 0}
parallelismSelector::VERBO: 
parallelismSelector::VERBO: Analyzing Loop "for.body65" (LoopId 36):
parallelismSelector::VERBO:         LoopId: 37, TC: 2, IL: {1: 8}, IIMem: {1: 0}, IIDep 1
parallelismSelector::VERBO:         	unroll 1 Cycles: 16
parallelismSelector::VERBO:         Overall latency for nested loop (LoopId 37): 16
parallelismSelector::VERBO:     MARegionScheduler::finalize():
parallelismSelector::VERBO:        - LoopId: 36
parallelismSelector::VERBO:          - EndCycles: for.body65 -> {1: 1}
parallelismSelector::VERBO:          - EndCycles: for.end90 -> {1: 16}
parallelismSelector::VERBO:          - EndCycles: for.end87 -> {1: 16}
parallelismSelector::VERBO:        - MaxEndCycle: {1: 16}
parallelismSelector::VERBO:        - Critical path: for.body68, for.body65, for.end90, for.end87
parallelismSelector::VERBO:     hasRAW: 0
parallelismSelector::VERBO:        - IIMem: {1: 0.5}, OwnedIIMem: {1: 0.5}, NestedIIMem: {1: 0}
parallelismSelector::VERBO: 
parallelismSelector::VERBO: Analyzing Loop "for.body61" (LoopId 35):
parallelismSelector::VERBO:         LoopId: 36, TC: 111, IL: {1: 16}, IIMem: {1: 0.5}, IIDep 0
parallelismSelector::VERBO:         	unroll 1 Cycles: 1776
parallelismSelector::VERBO:         Overall latency for nested loop (LoopId 36): 1776
parallelismSelector::VERBO:     MARegionScheduler::finalize():
parallelismSelector::VERBO:        - LoopId: 35
parallelismSelector::VERBO:          - EndCycles: for.end99 -> {1: 1776}
parallelismSelector::VERBO:          - EndCycles: for.end90 -> {1: 1776}
parallelismSelector::VERBO:          - EndCycles: for.body61 -> {1: 1}
parallelismSelector::VERBO:        - MaxEndCycle: {1: 1776}
parallelismSelector::VERBO:        - Critical path: for.end99, for.body65, for.end90, for.body61
parallelismSelector::VERBO:     hasRAW: 0
parallelismSelector::VERBO:        - IIMem: {1: 0}, OwnedIIMem: {1: 0}, NestedIIMem: {1: 0}
parallelismSelector::VERBO: 
parallelismSelector::VERBO: Analyzing Loop "for.body57" (LoopId 34):
parallelismSelector::VERBO:         LoopId: 35, TC: 111, IL: {1: 1776}, IIMem: {1: 0}, IIDep 0
parallelismSelector::VERBO:         	unroll 1 Cycles: 197136
parallelismSelector::VERBO:         Overall latency for nested loop (LoopId 35): 197136
parallelismSelector::VERBO:     MARegionScheduler::finalize():
parallelismSelector::VERBO:        - LoopId: 34
parallelismSelector::VERBO:          - EndCycles: for.body57 -> {1: 1}
parallelismSelector::VERBO:          - EndCycles: for.end99 -> {1: 197136}
parallelismSelector::VERBO:          - EndCycles: for.end102 -> {1: 197136}
parallelismSelector::VERBO:        - MaxEndCycle: {1: 197136}
parallelismSelector::VERBO:        - Critical path: for.body57, for.end99, for.end102, for.body61
parallelismSelector::VERBO:     hasRAW: 0
parallelismSelector::VERBO:        - IIMem: {1: 0}, OwnedIIMem: {1: 0}, NestedIIMem: {1: 0}
parallelismSelector::VERBO: 
parallelismSelector::VERBO: Analyzing Function "Outline_T5_F211_R75_Loop" (FunctionId 214):
parallelismSelector::VERBO:         LoopId: 34, TC: 32, IL: {1: 197136}, IIMem: {1: 0}, IIDep 0
parallelismSelector::VERBO:         	unroll 1 Cycles: 6308352
parallelismSelector::VERBO:         Overall latency for nested loop (LoopId 34): 6308352
parallelismSelector::VERBO:     MARegionScheduler::finalize():
parallelismSelector::VERBO:        - Function: Outline_T5_F211_R75_Loop
parallelismSelector::VERBO:          - EndCycles: for.end102 -> {1: 6308353}
parallelismSelector::VERBO:          - EndCycles: for.end105 -> {1: 6308353}
parallelismSelector::VERBO:          - EndCycles: newFuncRoot -> {1: 1}
parallelismSelector::VERBO:        - MaxEndCycle: {1: 6308353}
parallelismSelector::VERBO:        - Critical path: for.body57, for.end102, for.end105, newFuncRoot
parallelismSelector::VERBO: 
parallelismSelector::VERBO: [LatencyEstimationVisitor] CallSite: CS(4 F=215) (53->38)(54->33)(55->34)(56->39)
parallelismSelector::VERBO: [LatencyEstimationVisitor] Equivalence table
                             Object with value: 53 is mapped to the object with value: 38
                             Object with value: 54 is mapped to the object with value: 33
                             Object with value: 55 is mapped to the object with value: 34
                             Object with value: 56 is mapped to the object with value: 39
                            
parallelismSelector::VERBO: Analyzing Loop "for.body130" (LoopId 33):
parallelismSelector::VERBO:     MARegionScheduler::finalize():
parallelismSelector::VERBO:        - LoopId: 33
parallelismSelector::VERBO:          - EndCycles: for.body130 -> {1: 9}
parallelismSelector::VERBO:        - MaxEndCycle: {1: 9}
parallelismSelector::VERBO:        - Critical path: for.body130
parallelismSelector::VERBO:     hasRAW: 1
parallelismSelector::VERBO:     Recurrence: Circuit=12:0 -> 12:13 -> 12:0
parallelismSelector::VERBO:       distance=4
parallelismSelector::VERBO:        - IIMem: {1: 1}, OwnedIIMem: {1: 1}, NestedIIMem: {1: 0}
parallelismSelector::VERBO: 
parallelismSelector::VERBO: Analyzing Loop "for.body126" (LoopId 32):
parallelismSelector::VERBO:         LoopId: 33, TC: 3, IL: {1: 9}, IIMem: {1: 1}, IIDep 4
parallelismSelector::VERBO:         	unroll 1 Cycles: 27
parallelismSelector::VERBO:         Overall latency for nested loop (LoopId 33): 27
parallelismSelector::VERBO:     MARegionScheduler::finalize():
parallelismSelector::VERBO:        - LoopId: 32
parallelismSelector::VERBO:          - EndCycles: for.end151 -> {1: 27}
parallelismSelector::VERBO:          - EndCycles: for.body130 -> {1: 27}
parallelismSelector::VERBO:          - EndCycles: for.body126 -> {1: 1}
parallelismSelector::VERBO:        - MaxEndCycle: {1: 27}
parallelismSelector::VERBO:        - Critical path: for.end151, for.body130, for.body126
parallelismSelector::VERBO:     hasRAW: 1
parallelismSelector::VERBO:     Recurrence: Circuit=10:0 -> 12:0 -> 12:13 -> 11:0 -> 10:0
parallelismSelector::VERBO:       distance=4
parallelismSelector::VERBO:        - IIMem: {1: 0}, OwnedIIMem: {1: 0}, NestedIIMem: {1: 0}
parallelismSelector::VERBO: 
parallelismSelector::VERBO: Analyzing Loop "for.body122" (LoopId 31):
parallelismSelector::VERBO:         LoopId: 32, TC: 3, IL: {1: 27}, IIMem: {1: 0}, IIDep 4
parallelismSelector::VERBO:         	unroll 1 Cycles: 81
parallelismSelector::VERBO:         Overall latency for nested loop (LoopId 32): 81
parallelismSelector::VERBO:     MARegionScheduler::finalize():
parallelismSelector::VERBO:        - LoopId: 31
parallelismSelector::VERBO:          - EndCycles: for.end154 -> {1: 81}
parallelismSelector::VERBO:          - EndCycles: for.end151 -> {1: 81}
parallelismSelector::VERBO:          - EndCycles: for.body122 -> {1: 1}
parallelismSelector::VERBO:        - MaxEndCycle: {1: 81}
parallelismSelector::VERBO:        - Critical path: for.end154, for.end151, for.body126, for.body122
parallelismSelector::VERBO:     hasRAW: 1
parallelismSelector::VERBO:     Recurrence: Circuit=8:0 -> 10:0 -> 12:0 -> 12:13 -> 11:0 -> 9:0 -> 8:0
parallelismSelector::VERBO:       distance=4
parallelismSelector::VERBO:        - IIMem: {1: 0}, OwnedIIMem: {1: 0}, NestedIIMem: {1: 0}
parallelismSelector::VERBO: 
parallelismSelector::VERBO: Analyzing Loop "for.body117" (LoopId 30):
parallelismSelector::VERBO:         LoopId: 31, TC: 32, IL: {1: 81}, IIMem: {1: 0}, IIDep 4
parallelismSelector::VERBO:         	unroll 1 Cycles: 2592
parallelismSelector::VERBO:         Overall latency for nested loop (LoopId 31): 2592
parallelismSelector::VERBO:     MARegionScheduler::finalize():
parallelismSelector::VERBO:        - LoopId: 30
parallelismSelector::VERBO:          - EndCycles: cond.end165 -> {1: 2598}
parallelismSelector::VERBO:          - EndCycles: for.end154 -> {1: 2592}
parallelismSelector::VERBO:          - EndCycles: cond.true163 -> {1: 2597}
parallelismSelector::VERBO:          - EndCycles: cond.false164 -> {1: 2597}
parallelismSelector::VERBO:          - EndCycles: for.end157 -> {1: 2596}
parallelismSelector::VERBO:          - EndCycles: for.body117 -> {1: 1}
parallelismSelector::VERBO:        - MaxEndCycle: {1: 2598}
parallelismSelector::VERBO:        - Critical path: cond.end165, for.end154, cond.true163, cond.false164, for.end157, for.body122, for.body117
parallelismSelector::VERBO:     hasRAW: 0
parallelismSelector::VERBO:        - IIMem: {1: 0.5}, OwnedIIMem: {1: 0.5}, NestedIIMem: {1: 0}
parallelismSelector::VERBO: 
parallelismSelector::VERBO: Analyzing Loop "for.body113" (LoopId 29):
parallelismSelector::VERBO:         LoopId: 30, TC: 109, IL: {1: 2598}, IIMem: {1: 0.5}, IIDep 0
parallelismSelector::VERBO:         	unroll 1 Cycles: 283182
parallelismSelector::VERBO:         Overall latency for nested loop (LoopId 30): 283182
parallelismSelector::VERBO:     MARegionScheduler::finalize():
parallelismSelector::VERBO:        - LoopId: 29
parallelismSelector::VERBO:          - EndCycles: cond.end165 -> {1: 283182}
parallelismSelector::VERBO:          - EndCycles: for.end175 -> {1: 283182}
parallelismSelector::VERBO:          - EndCycles: for.body113 -> {1: 1}
parallelismSelector::VERBO:        - MaxEndCycle: {1: 283182}
parallelismSelector::VERBO:        - Critical path: cond.end165, for.end175, for.body113, for.body117
parallelismSelector::VERBO:     hasRAW: 0
parallelismSelector::VERBO:        - IIMem: {1: 0}, OwnedIIMem: {1: 0}, NestedIIMem: {1: 0}
parallelismSelector::VERBO: 
parallelismSelector::VERBO: Analyzing Loop "for.body109" (LoopId 28):
parallelismSelector::VERBO:         LoopId: 29, TC: 109, IL: {1: 283182}, IIMem: {1: 0}, IIDep 0
parallelismSelector::VERBO:         	unroll 1 Cycles: 30866838
parallelismSelector::VERBO:         Overall latency for nested loop (LoopId 29): 30866838
parallelismSelector::VERBO:     MARegionScheduler::finalize():
parallelismSelector::VERBO:        - LoopId: 28
parallelismSelector::VERBO:          - EndCycles: for.end175 -> {1: 30866839}
parallelismSelector::VERBO:          - EndCycles: for.end178 -> {1: 30866839}
parallelismSelector::VERBO:          - EndCycles: for.body109 -> {1: 2}
parallelismSelector::VERBO:        - MaxEndCycle: {1: 30866839}
parallelismSelector::VERBO:        - Critical path: for.end175, for.end178, for.body113, for.body109
parallelismSelector::VERBO:     hasRAW: 0
parallelismSelector::VERBO:        - IIMem: {1: 1}, OwnedIIMem: {1: 1}, NestedIIMem: {1: 0}
parallelismSelector::VERBO: 
parallelismSelector::VERBO: Analyzing Function "Outline_T6_F211_R138_Loop" (FunctionId 215):
parallelismSelector::VERBO:         LoopId: 28, TC: 64, IL: {1: 30866839}, IIMem: {1: 1}, IIDep 0
parallelismSelector::VERBO:         	unroll 1 Cycles: 1975477696
parallelismSelector::VERBO:         Overall latency for nested loop (LoopId 28): 1975477696
parallelismSelector::VERBO:     MARegionScheduler::finalize():
parallelismSelector::VERBO:        - Function: Outline_T6_F211_R138_Loop
parallelismSelector::VERBO:          - EndCycles: newFuncRoot -> {1: 1}
parallelismSelector::VERBO:          - EndCycles: for.end181 -> {1: 1975477697}
parallelismSelector::VERBO:          - EndCycles: for.end178 -> {1: 1975477697}
parallelismSelector::VERBO:        - MaxEndCycle: {1: 1975477697}
parallelismSelector::VERBO:        - Critical path: newFuncRoot, for.end181, for.end178, for.body109
parallelismSelector::VERBO: 
parallelismSelector::VERBO: [LatencyEstimationVisitor] CallSite: CS(5 F=216) (57->40)(58->39)
parallelismSelector::VERBO: [LatencyEstimationVisitor] Equivalence table
                             Object with value: 57 is mapped to the object with value: 40
                             Object with value: 58 is mapped to the object with value: 39
                            
parallelismSelector::VERBO: Analyzing Loop "for.body202" (LoopId 27):
parallelismSelector::VERBO:     MARegionScheduler::finalize():
parallelismSelector::VERBO:        - LoopId: 27
parallelismSelector::VERBO:          - EndCycles: if.then219 -> {1: 3}
parallelismSelector::VERBO:          - EndCycles: for.body202 -> {1: 2}
parallelismSelector::VERBO:          - EndCycles: if.end220 -> {1: 4}
parallelismSelector::VERBO:          - EndCycles: lor.lhs.false217 -> {1: 2}
parallelismSelector::VERBO:          - EndCycles: land.lhs.true215 -> {1: 2}
parallelismSelector::VERBO:        - MaxEndCycle: {1: 4}
parallelismSelector::VERBO:        - Critical path: if.then219, for.body202, if.end220, lor.lhs.false217, land.lhs.true215
parallelismSelector::VERBO:     hasRAW: 1
parallelismSelector::VERBO:     Recurrence: Circuit=10:1 -> 13:0 -> 10:1
parallelismSelector::VERBO:       distance=1
parallelismSelector::VERBO:        - IIMem: {1: 0.5}, OwnedIIMem: {1: 0.5}, NestedIIMem: {1: 0}
parallelismSelector::VERBO: 
parallelismSelector::VERBO: Analyzing Loop "for.body198" (LoopId 26):
parallelismSelector::VERBO:         LoopId: 27, TC: 2, IL: {1: 4}, IIMem: {1: 0.5}, IIDep 1
parallelismSelector::VERBO:         	unroll 1 Cycles: 8
parallelismSelector::VERBO:         Overall latency for nested loop (LoopId 27): 8
parallelismSelector::VERBO:     MARegionScheduler::finalize():
parallelismSelector::VERBO:        - LoopId: 26
parallelismSelector::VERBO:          - EndCycles: for.body198 -> {1: 1}
parallelismSelector::VERBO:          - EndCycles: for.end223 -> {1: 8}
parallelismSelector::VERBO:          - EndCycles: if.end220 -> {1: 8}
parallelismSelector::VERBO:        - MaxEndCycle: {1: 8}
parallelismSelector::VERBO:        - Critical path: for.body198, for.end223, for.body202, if.end220
parallelismSelector::VERBO:     hasRAW: 1
parallelismSelector::VERBO:     Recurrence: Circuit=8:1 -> 10:1 -> 13:0 -> 9:0 -> 8:1
parallelismSelector::VERBO:       distance=1
parallelismSelector::VERBO:        - IIMem: {1: 0}, OwnedIIMem: {1: 0}, NestedIIMem: {1: 0}
parallelismSelector::VERBO: 
parallelismSelector::VERBO: Analyzing Loop "for.body193" (LoopId 25):
parallelismSelector::VERBO:         LoopId: 26, TC: 2, IL: {1: 8}, IIMem: {1: 0}, IIDep 1
parallelismSelector::VERBO:         	unroll 1 Cycles: 16
parallelismSelector::VERBO:         Overall latency for nested loop (LoopId 26): 16
parallelismSelector::VERBO:     MARegionScheduler::finalize():
parallelismSelector::VERBO:        - LoopId: 25
parallelismSelector::VERBO:          - EndCycles: for.body193 -> {1: 1}
parallelismSelector::VERBO:          - EndCycles: for.end226 -> {1: 16}
parallelismSelector::VERBO:          - EndCycles: for.end223 -> {1: 16}
parallelismSelector::VERBO:        - MaxEndCycle: {1: 16}
parallelismSelector::VERBO:        - Critical path: for.body193, for.end226, for.body198, for.end223
parallelismSelector::VERBO:     hasRAW: 0
parallelismSelector::VERBO:        - IIMem: {1: 0.5}, OwnedIIMem: {1: 0.5}, NestedIIMem: {1: 0}
parallelismSelector::VERBO: 
parallelismSelector::VERBO: Analyzing Loop "for.body189" (LoopId 24):
parallelismSelector::VERBO:         LoopId: 25, TC: 54, IL: {1: 16}, IIMem: {1: 0.5}, IIDep 0
parallelismSelector::VERBO:         	unroll 1 Cycles: 864
parallelismSelector::VERBO:         Overall latency for nested loop (LoopId 25): 864
parallelismSelector::VERBO:     MARegionScheduler::finalize():
parallelismSelector::VERBO:        - LoopId: 24
parallelismSelector::VERBO:          - EndCycles: for.body189 -> {1: 1}
parallelismSelector::VERBO:          - EndCycles: for.end235 -> {1: 864}
parallelismSelector::VERBO:          - EndCycles: for.end226 -> {1: 864}
parallelismSelector::VERBO:        - MaxEndCycle: {1: 864}
parallelismSelector::VERBO:        - Critical path: for.body189, for.end235, for.body193, for.end226
parallelismSelector::VERBO:     hasRAW: 0
parallelismSelector::VERBO:        - IIMem: {1: 0}, OwnedIIMem: {1: 0}, NestedIIMem: {1: 0}
parallelismSelector::VERBO: 
parallelismSelector::VERBO: Analyzing Loop "for.body185" (LoopId 23):
parallelismSelector::VERBO:         LoopId: 24, TC: 54, IL: {1: 864}, IIMem: {1: 0}, IIDep 0
parallelismSelector::VERBO:         	unroll 1 Cycles: 46656
parallelismSelector::VERBO:         Overall latency for nested loop (LoopId 24): 46656
parallelismSelector::VERBO:     MARegionScheduler::finalize():
parallelismSelector::VERBO:        - LoopId: 23
parallelismSelector::VERBO:          - EndCycles: for.body185 -> {1: 1}
parallelismSelector::VERBO:          - EndCycles: for.end238 -> {1: 46656}
parallelismSelector::VERBO:          - EndCycles: for.end235 -> {1: 46656}
parallelismSelector::VERBO:        - MaxEndCycle: {1: 46656}
parallelismSelector::VERBO:        - Critical path: for.body185, for.end238, for.body189, for.end235
parallelismSelector::VERBO:     hasRAW: 0
parallelismSelector::VERBO:        - IIMem: {1: 0}, OwnedIIMem: {1: 0}, NestedIIMem: {1: 0}
parallelismSelector::VERBO: 
parallelismSelector::VERBO: Analyzing Function "Outline_T7_F211_R210_Loop" (FunctionId 216):
parallelismSelector::VERBO:         LoopId: 23, TC: 64, IL: {1: 46656}, IIMem: {1: 0}, IIDep 0
parallelismSelector::VERBO:         	unroll 1 Cycles: 2985984
parallelismSelector::VERBO:         Overall latency for nested loop (LoopId 23): 2985984
parallelismSelector::VERBO:     MARegionScheduler::finalize():
parallelismSelector::VERBO:        - Function: Outline_T7_F211_R210_Loop
parallelismSelector::VERBO:          - EndCycles: newFuncRoot -> {1: 1}
parallelismSelector::VERBO:          - EndCycles: for.end241 -> {1: 2985985}
parallelismSelector::VERBO:          - EndCycles: for.end238 -> {1: 2985985}
parallelismSelector::VERBO:        - MaxEndCycle: {1: 2985985}
parallelismSelector::VERBO:        - Critical path: newFuncRoot, for.end241, for.body185, for.end238
parallelismSelector::VERBO: 
parallelismSelector::VERBO: [LatencyEstimationVisitor] CallSite: CS(6 F=217) (59->41)(60->40)
parallelismSelector::VERBO: [LatencyEstimationVisitor] Equivalence table
                             Object with value: 59 is mapped to the object with value: 41
                             Object with value: 60 is mapped to the object with value: 40
                            
parallelismSelector::VERBO: Analyzing Loop "for.body254" (LoopId 22):
parallelismSelector::VERBO:     MARegionScheduler::finalize():
parallelismSelector::VERBO:        - LoopId: 22
parallelismSelector::VERBO:          - EndCycles: for.body254 -> {1: 6}
parallelismSelector::VERBO:        - MaxEndCycle: {1: 6}
parallelismSelector::VERBO:        - Critical path: for.body254
parallelismSelector::VERBO:     hasRAW: 1
parallelismSelector::VERBO:     Recurrence: Circuit=6:1 -> 6:8 -> 6:1
parallelismSelector::VERBO:       distance=4
parallelismSelector::VERBO:        - IIMem: {1: 0.5}, OwnedIIMem: {1: 0.5}, NestedIIMem: {1: 0}
parallelismSelector::VERBO: 
parallelismSelector::VERBO: Analyzing Loop "for.body250" (LoopId 21):
parallelismSelector::VERBO:         LoopId: 22, TC: 54, IL: {1: 6}, IIMem: {1: 0.5}, IIDep 4
parallelismSelector::VERBO:         	unroll 1 Cycles: 324
parallelismSelector::VERBO:         Overall latency for nested loop (LoopId 22): 324
parallelismSelector::VERBO:     MARegionScheduler::finalize():
parallelismSelector::VERBO:        - LoopId: 21
parallelismSelector::VERBO:          - EndCycles: for.end264 -> {1: 324}
parallelismSelector::VERBO:          - EndCycles: for.body254 -> {1: 324}
parallelismSelector::VERBO:          - EndCycles: for.body250 -> {1: 1}
parallelismSelector::VERBO:        - MaxEndCycle: {1: 324}
parallelismSelector::VERBO:        - Critical path: for.end264, for.body254, for.body250
parallelismSelector::VERBO:     hasRAW: 1
parallelismSelector::VERBO:     Recurrence: Circuit=4:1 -> 6:1 -> 6:8 -> 5:0 -> 4:1
parallelismSelector::VERBO:       distance=4
parallelismSelector::VERBO:        - IIMem: {1: 0}, OwnedIIMem: {1: 0}, NestedIIMem: {1: 0}
parallelismSelector::VERBO: 
parallelismSelector::VERBO: Analyzing Loop "for.body245" (LoopId 20):
parallelismSelector::VERBO:         LoopId: 21, TC: 54, IL: {1: 324}, IIMem: {1: 0}, IIDep 4
parallelismSelector::VERBO:         	unroll 1 Cycles: 17496
parallelismSelector::VERBO:         Overall latency for nested loop (LoopId 21): 17496
parallelismSelector::VERBO:     MARegionScheduler::finalize():
parallelismSelector::VERBO:        - LoopId: 20
parallelismSelector::VERBO:          - EndCycles: for.end264 -> {1: 17496}
parallelismSelector::VERBO:          - EndCycles: for.end267 -> {1: 17507}
parallelismSelector::VERBO:          - EndCycles: for.body245 -> {1: 1}
parallelismSelector::VERBO:        - MaxEndCycle: {1: 17507}
parallelismSelector::VERBO:        - Critical path: for.end264, for.end267, for.body250, for.body245
parallelismSelector::VERBO:     hasRAW: 0
parallelismSelector::VERBO:        - IIMem: {1: 0.5}, OwnedIIMem: {1: 0.5}, NestedIIMem: {1: 0}
parallelismSelector::VERBO: 
parallelismSelector::VERBO: Analyzing Function "Outline_T8_F211_R273_Loop" (FunctionId 217):
parallelismSelector::VERBO:         LoopId: 20, TC: 64, IL: {1: 17507}, IIMem: {1: 0.5}, IIDep 0
parallelismSelector::VERBO:         	unroll 1 Cycles: 1120448
parallelismSelector::VERBO:         Overall latency for nested loop (LoopId 20): 1120448
parallelismSelector::VERBO:     MARegionScheduler::finalize():
parallelismSelector::VERBO:        - Function: Outline_T8_F211_R273_Loop
parallelismSelector::VERBO:          - EndCycles: for.end267 -> {1: 1120449}
parallelismSelector::VERBO:          - EndCycles: newFuncRoot -> {1: 1}
parallelismSelector::VERBO:          - EndCycles: for.end272 -> {1: 1120449}
parallelismSelector::VERBO:        - MaxEndCycle: {1: 1120449}
parallelismSelector::VERBO:        - Critical path: for.end267, newFuncRoot, for.end272, for.body245
parallelismSelector::VERBO: 
parallelismSelector::VERBO: [LatencyEstimationVisitor] CallSite: CS(7 F=218) (61->36)(62->30)(63->41)(64->35)
parallelismSelector::VERBO: [LatencyEstimationVisitor] Equivalence table
                             Object with value: 61 is mapped to the object with value: 36
                             Object with value: 62 is mapped to the object with value: 30
                             Object with value: 63 is mapped to the object with value: 41
                             Object with value: 64 is mapped to the object with value: 35
                            
parallelismSelector::VERBO: Analyzing Loop "for.body281" (LoopId 19):
parallelismSelector::VERBO:     MARegionScheduler::finalize():
parallelismSelector::VERBO:        - LoopId: 19
parallelismSelector::VERBO:          - EndCycles: for.body281 -> {1: 9}
parallelismSelector::VERBO:        - MaxEndCycle: {1: 9}
parallelismSelector::VERBO:        - Critical path: for.body281
parallelismSelector::VERBO:     hasRAW: 1
parallelismSelector::VERBO:     Recurrence: Circuit=4:1 -> 4:11 -> 4:1
parallelismSelector::VERBO:       distance=4
parallelismSelector::VERBO:        - IIMem: {1: 1}, OwnedIIMem: {1: 1}, NestedIIMem: {1: 0}
parallelismSelector::VERBO: 
parallelismSelector::VERBO: Analyzing Loop "for.body276" (LoopId 18):
parallelismSelector::VERBO:         LoopId: 19, TC: 64, IL: {1: 9}, IIMem: {1: 1}, IIDep 4
parallelismSelector::VERBO:         	unroll 1 Cycles: 576
parallelismSelector::VERBO:         Overall latency for nested loop (LoopId 19): 576
parallelismSelector::VERBO:     MARegionScheduler::finalize():
parallelismSelector::VERBO:        - LoopId: 18
parallelismSelector::VERBO:          - EndCycles: for.body281 -> {1: 576}
parallelismSelector::VERBO:          - EndCycles: for.body276 -> {1: 1}
parallelismSelector::VERBO:          - EndCycles: for.end292 -> {1: 581}
parallelismSelector::VERBO:        - MaxEndCycle: {1: 581}
parallelismSelector::VERBO:        - Critical path: for.body281, for.body276, for.end292
parallelismSelector::VERBO:     hasRAW: 0
parallelismSelector::VERBO:        - IIMem: {1: 1}, OwnedIIMem: {1: 1}, NestedIIMem: {1: 0}
parallelismSelector::VERBO: 
parallelismSelector::VERBO: Analyzing Function "Outline_T9_F211_R308_Loop" (FunctionId 218):
parallelismSelector::VERBO:         LoopId: 18, TC: 101, IL: {1: 581}, IIMem: {1: 1}, IIDep 0
parallelismSelector::VERBO:         	unroll 1 Cycles: 58681
parallelismSelector::VERBO:         Overall latency for nested loop (LoopId 18): 58681
parallelismSelector::VERBO:     MARegionScheduler::finalize():
parallelismSelector::VERBO:        - Function: Outline_T9_F211_R308_Loop
parallelismSelector::VERBO:          - EndCycles: newFuncRoot -> {1: 1}
parallelismSelector::VERBO:          - EndCycles: for.end300 -> {1: 58682}
parallelismSelector::VERBO:          - EndCycles: for.end292 -> {1: 58682}
parallelismSelector::VERBO:        - MaxEndCycle: {1: 58682}
parallelismSelector::VERBO:        - Critical path: newFuncRoot, for.end300, for.body276, for.end292
parallelismSelector::VERBO: 
parallelismSelector::VERBO: Analyzing Function "full_cnn" (FunctionId 211):
parallelismSelector::VERBO:     MARegionScheduler::finalize():
parallelismSelector::VERBO:        - Function: _Z8full_cnnPA224_A3_fPfPA3_A3_A32_fS2_PA3_A32_A64_fS2_PA101_fS2_
parallelismSelector::VERBO:          - EndCycles: codeRepl3 -> {1: 2374481009}
parallelismSelector::VERBO:          - EndCycles: codeRepl4 -> {1: 2377466995}
parallelismSelector::VERBO:          - EndCycles: codeRepl5 -> {1: 2378587445}
parallelismSelector::VERBO:          - EndCycles: codeRepl6 -> {1: 2378646128}
parallelismSelector::VERBO:          - EndCycles: for.end300_iso75 -> {1: 2378646128}
parallelismSelector::VERBO:          - EndCycles: entry -> {1: 1}
parallelismSelector::VERBO:          - EndCycles: codeRepl -> {1: 11}
parallelismSelector::VERBO:          - EndCycles: codeRepl1 -> {1: 392694957}
parallelismSelector::VERBO:          - EndCycles: codeRepl2 -> {1: 399003311}
parallelismSelector::VERBO:        - MaxEndCycle: {1: 2378646128}
parallelismSelector::VERBO:        - Critical path: codeRepl3, codeRepl4, codeRepl5, codeRepl6, for.end300_iso75, entry, codeRepl, codeRepl1, codeRepl2
parallelismSelector::VERBO: 
parallelismSelector::VERBO: Filling in latencies and intervals per loop...
parallelismSelector::VERBO:     Initiation Interval:
parallelismSelector::VERBO:     LoopId: 44, TC: 3, IL: {1: 9}, IIMem: {1: 1}, IIDep 4
parallelismSelector::VERBO:     	unroll 1 Cycles: 9
parallelismSelector::VERBO:     Latency:
parallelismSelector::VERBO:     LoopId: 44, TC: 3, IL: {1: 9}, IIMem: {1: 1}, IIDep 4
parallelismSelector::VERBO:     	unroll 1 Cycles: 27
parallelismSelector::VERBO:     Mem Interval:
parallelismSelector::VERBO:     Interval:
parallelismSelector::VERBO:     Initiation Interval:
parallelismSelector::VERBO:     LoopId: 43, TC: 3, IL: {1: 27}, IIMem: {1: 0}, IIDep 4
parallelismSelector::VERBO:     	unroll 1 Cycles: 27
parallelismSelector::VERBO:     Latency:
parallelismSelector::VERBO:     LoopId: 43, TC: 3, IL: {1: 27}, IIMem: {1: 0}, IIDep 4
parallelismSelector::VERBO:     	unroll 1 Cycles: 81
parallelismSelector::VERBO:     Mem Interval:
parallelismSelector::VERBO:     Interval:
parallelismSelector::VERBO:     Initiation Interval:
parallelismSelector::VERBO:     LoopId: 42, TC: 3, IL: {1: 81}, IIMem: {1: 0}, IIDep 4
parallelismSelector::VERBO:     	unroll 1 Cycles: 81
parallelismSelector::VERBO:     Latency:
parallelismSelector::VERBO:     LoopId: 42, TC: 3, IL: {1: 81}, IIMem: {1: 0}, IIDep 4
parallelismSelector::VERBO:     	unroll 1 Cycles: 243
parallelismSelector::VERBO:     Mem Interval:
parallelismSelector::VERBO:     Interval:
parallelismSelector::VERBO:     Initiation Interval:
parallelismSelector::VERBO:     LoopId: 41, TC: 222, IL: {1: 249}, IIMem: {1: 0.5}, IIDep 0
parallelismSelector::VERBO:     	unroll 1 Cycles: 249
parallelismSelector::VERBO:     Latency:
parallelismSelector::VERBO:     LoopId: 41, TC: 222, IL: {1: 249}, IIMem: {1: 0.5}, IIDep 0
parallelismSelector::VERBO:     	unroll 1 Cycles: 55278
parallelismSelector::VERBO:     Mem Interval:
parallelismSelector::VERBO:     Interval:
parallelismSelector::VERBO:     Initiation Interval:
parallelismSelector::VERBO:     LoopId: 40, TC: 222, IL: {1: 55278}, IIMem: {1: 0}, IIDep 0
parallelismSelector::VERBO:     	unroll 1 Cycles: 55278
parallelismSelector::VERBO:     Latency:
parallelismSelector::VERBO:     LoopId: 40, TC: 222, IL: {1: 55278}, IIMem: {1: 0}, IIDep 0
parallelismSelector::VERBO:     	unroll 1 Cycles: 12271716
parallelismSelector::VERBO:     Mem Interval:
parallelismSelector::VERBO:     Interval:
parallelismSelector::VERBO:     Initiation Interval:
parallelismSelector::VERBO:     LoopId: 39, TC: 32, IL: {1: 12271717}, IIMem: {1: 1}, IIDep 0
parallelismSelector::VERBO:     	unroll 1 Cycles: 12271717
parallelismSelector::VERBO:     Latency:
parallelismSelector::VERBO:     LoopId: 39, TC: 32, IL: {1: 12271717}, IIMem: {1: 1}, IIDep 0
parallelismSelector::VERBO:     	unroll 1 Cycles: 392694944
parallelismSelector::VERBO:     Mem Interval:
parallelismSelector::VERBO:     Interval:
parallelismSelector::VERBO:     Initiation Interval:
parallelismSelector::VERBO:     LoopId: 38, TC: 2, IL: {1: 4}, IIMem: {1: 0.5}, IIDep 1
parallelismSelector::VERBO:     	unroll 1 Cycles: 4
parallelismSelector::VERBO:     Latency:
parallelismSelector::VERBO:     LoopId: 38, TC: 2, IL: {1: 4}, IIMem: {1: 0.5}, IIDep 1
parallelismSelector::VERBO:     	unroll 1 Cycles: 8
parallelismSelector::VERBO:     Mem Interval:
parallelismSelector::VERBO:     Interval:
parallelismSelector::VERBO:     Initiation Interval:
parallelismSelector::VERBO:     LoopId: 37, TC: 2, IL: {1: 8}, IIMem: {1: 0}, IIDep 1
parallelismSelector::VERBO:     	unroll 1 Cycles: 8
parallelismSelector::VERBO:     Latency:
parallelismSelector::VERBO:     LoopId: 37, TC: 2, IL: {1: 8}, IIMem: {1: 0}, IIDep 1
parallelismSelector::VERBO:     	unroll 1 Cycles: 16
parallelismSelector::VERBO:     Mem Interval:
parallelismSelector::VERBO:     Interval:
parallelismSelector::VERBO:     Initiation Interval:
parallelismSelector::VERBO:     LoopId: 36, TC: 111, IL: {1: 16}, IIMem: {1: 0.5}, IIDep 0
parallelismSelector::VERBO:     	unroll 1 Cycles: 16
parallelismSelector::VERBO:     Latency:
parallelismSelector::VERBO:     LoopId: 36, TC: 111, IL: {1: 16}, IIMem: {1: 0.5}, IIDep 0
parallelismSelector::VERBO:     	unroll 1 Cycles: 1776
parallelismSelector::VERBO:     Mem Interval:
parallelismSelector::VERBO:     Interval:
parallelismSelector::VERBO:     Initiation Interval:
parallelismSelector::VERBO:     LoopId: 35, TC: 111, IL: {1: 1776}, IIMem: {1: 0}, IIDep 0
parallelismSelector::VERBO:     	unroll 1 Cycles: 1776
parallelismSelector::VERBO:     Latency:
parallelismSelector::VERBO:     LoopId: 35, TC: 111, IL: {1: 1776}, IIMem: {1: 0}, IIDep 0
parallelismSelector::VERBO:     	unroll 1 Cycles: 197136
parallelismSelector::VERBO:     Mem Interval:
parallelismSelector::VERBO:     Interval:
parallelismSelector::VERBO:     Initiation Interval:
parallelismSelector::VERBO:     LoopId: 34, TC: 32, IL: {1: 197136}, IIMem: {1: 0}, IIDep 0
parallelismSelector::VERBO:     	unroll 1 Cycles: 197136
parallelismSelector::VERBO:     Latency:
parallelismSelector::VERBO:     LoopId: 34, TC: 32, IL: {1: 197136}, IIMem: {1: 0}, IIDep 0
parallelismSelector::VERBO:     	unroll 1 Cycles: 6308352
parallelismSelector::VERBO:     Mem Interval:
parallelismSelector::VERBO:     Interval:
parallelismSelector::VERBO:     Initiation Interval:
parallelismSelector::VERBO:     LoopId: 33, TC: 3, IL: {1: 9}, IIMem: {1: 1}, IIDep 4
parallelismSelector::VERBO:     	unroll 1 Cycles: 9
parallelismSelector::VERBO:     Latency:
parallelismSelector::VERBO:     LoopId: 33, TC: 3, IL: {1: 9}, IIMem: {1: 1}, IIDep 4
parallelismSelector::VERBO:     	unroll 1 Cycles: 27
parallelismSelector::VERBO:     Mem Interval:
parallelismSelector::VERBO:     Interval:
parallelismSelector::VERBO:     Initiation Interval:
parallelismSelector::VERBO:     LoopId: 32, TC: 3, IL: {1: 27}, IIMem: {1: 0}, IIDep 4
parallelismSelector::VERBO:     	unroll 1 Cycles: 27
parallelismSelector::VERBO:     Latency:
parallelismSelector::VERBO:     LoopId: 32, TC: 3, IL: {1: 27}, IIMem: {1: 0}, IIDep 4
parallelismSelector::VERBO:     	unroll 1 Cycles: 81
parallelismSelector::VERBO:     Mem Interval:
parallelismSelector::VERBO:     Interval:
parallelismSelector::VERBO:     Initiation Interval:
parallelismSelector::VERBO:     LoopId: 31, TC: 32, IL: {1: 81}, IIMem: {1: 0}, IIDep 4
parallelismSelector::VERBO:     	unroll 1 Cycles: 81
parallelismSelector::VERBO:     Latency:
parallelismSelector::VERBO:     LoopId: 31, TC: 32, IL: {1: 81}, IIMem: {1: 0}, IIDep 4
parallelismSelector::VERBO:     	unroll 1 Cycles: 2592
parallelismSelector::VERBO:     Mem Interval:
parallelismSelector::VERBO:     Interval:
parallelismSelector::VERBO:     Initiation Interval:
parallelismSelector::VERBO:     LoopId: 30, TC: 109, IL: {1: 2598}, IIMem: {1: 0.5}, IIDep 0
parallelismSelector::VERBO:     	unroll 1 Cycles: 2598
parallelismSelector::VERBO:     Latency:
parallelismSelector::VERBO:     LoopId: 30, TC: 109, IL: {1: 2598}, IIMem: {1: 0.5}, IIDep 0
parallelismSelector::VERBO:     	unroll 1 Cycles: 283182
parallelismSelector::VERBO:     Mem Interval:
parallelismSelector::VERBO:     Interval:
parallelismSelector::VERBO:     Initiation Interval:
parallelismSelector::VERBO:     LoopId: 29, TC: 109, IL: {1: 283182}, IIMem: {1: 0}, IIDep 0
parallelismSelector::VERBO:     	unroll 1 Cycles: 283182
parallelismSelector::VERBO:     Latency:
parallelismSelector::VERBO:     LoopId: 29, TC: 109, IL: {1: 283182}, IIMem: {1: 0}, IIDep 0
parallelismSelector::VERBO:     	unroll 1 Cycles: 30866838
parallelismSelector::VERBO:     Mem Interval:
parallelismSelector::VERBO:     Interval:
parallelismSelector::VERBO:     Initiation Interval:
parallelismSelector::VERBO:     LoopId: 28, TC: 64, IL: {1: 30866839}, IIMem: {1: 1}, IIDep 0
parallelismSelector::VERBO:     	unroll 1 Cycles: 30866839
parallelismSelector::VERBO:     Latency:
parallelismSelector::VERBO:     LoopId: 28, TC: 64, IL: {1: 30866839}, IIMem: {1: 1}, IIDep 0
parallelismSelector::VERBO:     	unroll 1 Cycles: 1975477696
parallelismSelector::VERBO:     Mem Interval:
parallelismSelector::VERBO:     Interval:
parallelismSelector::VERBO:     Initiation Interval:
parallelismSelector::VERBO:     LoopId: 27, TC: 2, IL: {1: 4}, IIMem: {1: 0.5}, IIDep 1
parallelismSelector::VERBO:     	unroll 1 Cycles: 4
parallelismSelector::VERBO:     Latency:
parallelismSelector::VERBO:     LoopId: 27, TC: 2, IL: {1: 4}, IIMem: {1: 0.5}, IIDep 1
parallelismSelector::VERBO:     	unroll 1 Cycles: 8
parallelismSelector::VERBO:     Mem Interval:
parallelismSelector::VERBO:     Interval:
parallelismSelector::VERBO:     Initiation Interval:
parallelismSelector::VERBO:     LoopId: 26, TC: 2, IL: {1: 8}, IIMem: {1: 0}, IIDep 1
parallelismSelector::VERBO:     	unroll 1 Cycles: 8
parallelismSelector::VERBO:     Latency:
parallelismSelector::VERBO:     LoopId: 26, TC: 2, IL: {1: 8}, IIMem: {1: 0}, IIDep 1
parallelismSelector::VERBO:     	unroll 1 Cycles: 16
parallelismSelector::VERBO:     Mem Interval:
parallelismSelector::VERBO:     Interval:
parallelismSelector::VERBO:     Initiation Interval:
parallelismSelector::VERBO:     LoopId: 25, TC: 54, IL: {1: 16}, IIMem: {1: 0.5}, IIDep 0
parallelismSelector::VERBO:     	unroll 1 Cycles: 16
parallelismSelector::VERBO:     Latency:
parallelismSelector::VERBO:     LoopId: 25, TC: 54, IL: {1: 16}, IIMem: {1: 0.5}, IIDep 0
parallelismSelector::VERBO:     	unroll 1 Cycles: 864
parallelismSelector::VERBO:     Mem Interval:
parallelismSelector::VERBO:     Interval:
parallelismSelector::VERBO:     Initiation Interval:
parallelismSelector::VERBO:     LoopId: 24, TC: 54, IL: {1: 864}, IIMem: {1: 0}, IIDep 0
parallelismSelector::VERBO:     	unroll 1 Cycles: 864
parallelismSelector::VERBO:     Latency:
parallelismSelector::VERBO:     LoopId: 24, TC: 54, IL: {1: 864}, IIMem: {1: 0}, IIDep 0
parallelismSelector::VERBO:     	unroll 1 Cycles: 46656
parallelismSelector::VERBO:     Mem Interval:
parallelismSelector::VERBO:     Interval:
parallelismSelector::VERBO:     Initiation Interval:
parallelismSelector::VERBO:     LoopId: 23, TC: 64, IL: {1: 46656}, IIMem: {1: 0}, IIDep 0
parallelismSelector::VERBO:     	unroll 1 Cycles: 46656
parallelismSelector::VERBO:     Latency:
parallelismSelector::VERBO:     LoopId: 23, TC: 64, IL: {1: 46656}, IIMem: {1: 0}, IIDep 0
parallelismSelector::VERBO:     	unroll 1 Cycles: 2985984
parallelismSelector::VERBO:     Mem Interval:
parallelismSelector::VERBO:     Interval:
parallelismSelector::VERBO:     Initiation Interval:
parallelismSelector::VERBO:     LoopId: 22, TC: 54, IL: {1: 6}, IIMem: {1: 0.5}, IIDep 4
parallelismSelector::VERBO:     	unroll 1 Cycles: 6
parallelismSelector::VERBO:     Latency:
parallelismSelector::VERBO:     LoopId: 22, TC: 54, IL: {1: 6}, IIMem: {1: 0.5}, IIDep 4
parallelismSelector::VERBO:     	unroll 1 Cycles: 324
parallelismSelector::VERBO:     Mem Interval:
parallelismSelector::VERBO:     Interval:
parallelismSelector::VERBO:     Initiation Interval:
parallelismSelector::VERBO:     LoopId: 21, TC: 54, IL: {1: 324}, IIMem: {1: 0}, IIDep 4
parallelismSelector::VERBO:     	unroll 1 Cycles: 324
parallelismSelector::VERBO:     Latency:
parallelismSelector::VERBO:     LoopId: 21, TC: 54, IL: {1: 324}, IIMem: {1: 0}, IIDep 4
parallelismSelector::VERBO:     	unroll 1 Cycles: 17496
parallelismSelector::VERBO:     Mem Interval:
parallelismSelector::VERBO:     Interval:
parallelismSelector::VERBO:     Initiation Interval:
parallelismSelector::VERBO:     LoopId: 20, TC: 64, IL: {1: 17507}, IIMem: {1: 0.5}, IIDep 0
parallelismSelector::VERBO:     	unroll 1 Cycles: 17507
parallelismSelector::VERBO:     Latency:
parallelismSelector::VERBO:     LoopId: 20, TC: 64, IL: {1: 17507}, IIMem: {1: 0.5}, IIDep 0
parallelismSelector::VERBO:     	unroll 1 Cycles: 1120448
parallelismSelector::VERBO:     Mem Interval:
parallelismSelector::VERBO:     Interval:
parallelismSelector::VERBO:     Initiation Interval:
parallelismSelector::VERBO:     LoopId: 19, TC: 64, IL: {1: 9}, IIMem: {1: 1}, IIDep 4
parallelismSelector::VERBO:     	unroll 1 Cycles: 9
parallelismSelector::VERBO:     Latency:
parallelismSelector::VERBO:     LoopId: 19, TC: 64, IL: {1: 9}, IIMem: {1: 1}, IIDep 4
parallelismSelector::VERBO:     	unroll 1 Cycles: 576
parallelismSelector::VERBO:     Mem Interval:
parallelismSelector::VERBO:     Interval:
parallelismSelector::VERBO:     Initiation Interval:
parallelismSelector::VERBO:     LoopId: 18, TC: 101, IL: {1: 581}, IIMem: {1: 1}, IIDep 0
parallelismSelector::VERBO:     	unroll 1 Cycles: 581
parallelismSelector::VERBO:     Latency:
parallelismSelector::VERBO:     LoopId: 18, TC: 101, IL: {1: 581}, IIMem: {1: 1}, IIDep 0
parallelismSelector::VERBO:     	unroll 1 Cycles: 58681
parallelismSelector::VERBO:     Mem Interval:
parallelismSelector::VERBO:     Interval:
parallelismSelector::VERBO: [AreaEstimationVisitor] Func: _Z8full_cnnPA224_A3_fPfPA3_A3_A32_fS2_PA3_A32_A64_fS2_PA101_fS2_ : 211
parallelismSelector::VERBO: [AreaEstimationVisitor] CallSite: CS(1 F=212) (42->37)(43->38)(44->39)(45->40)(46->41)
parallelismSelector::VERBO:   New Equivalence table
                             Object with value: 42 is mapped to the object with value: 37
                             Object with value: 43 is mapped to the object with value: 38
                             Object with value: 44 is mapped to the object with value: 39
                             Object with value: 45 is mapped to the object with value: 40
                             Object with value: 46 is mapped to the object with value: 41
                            
parallelismSelector::VERBO: [AreaEstimationVisitor] Func: Outline_T3_F211_R2_Atomic : 212
parallelismSelector::VERBO: [Finalize] Self shareable area: LUTs: 0 FFs: 0 DSPs: 0 BRAMs: 0
parallelismSelector::VERBO: [AreaEstimationVisitor] Total shareable area: LUTs: 0 FFs: 0 DSPs: 0 BRAMs: 0 Total unshareable area: LUTs: 0 FFs: 0 DSPs: 0 BRAMs: 0
parallelismSelector::VERBO: [AreaEstimationVisitor] Self shareable area: LUTs: 0 FFs: 0 DSPs: 0 BRAMs: 0 Self unshareable area: LUTs: 0 FFs: 0 DSPs: 0 BRAMs: 0
parallelismSelector::VERBO: [AreaEstimationVisitor] CallSite: CS(2 F=213) (47->29)(48->31)(49->32)(50->37)
parallelismSelector::VERBO:   New Equivalence table
                             Object with value: 47 is mapped to the object with value: 29
                             Object with value: 48 is mapped to the object with value: 31
                             Object with value: 49 is mapped to the object with value: 32
                             Object with value: 50 is mapped to the object with value: 37
                            
parallelismSelector::VERBO: [AreaEstimationVisitor] Func: Outline_T4_F211_R3_Loop : 213
parallelismSelector::VERBO: [AreaEstimationVisitor] Loop: 39
parallelismSelector::VERBO: [AreaEstimationVisitor] Loop: 40
parallelismSelector::VERBO: [AreaEstimationVisitor] Loop: 41
parallelismSelector::VERBO: [AreaEstimationVisitor] Loop: 42
parallelismSelector::VERBO: [AreaEstimationVisitor] Loop: 43
parallelismSelector::VERBO: [AreaEstimationVisitor] Loop: 44
parallelismSelector::VERBO: [Finalize] Self shareable area: LUTs: 759 FFs: 357 DSPs: 5 BRAMs: 0
parallelismSelector::VERBO: [Finalize] ParallelOperationNumPerLoop: {44: 1}
parallelismSelector::VERBO: [Finalize] Contribution of this loop to shareable area: LUTs: 759 FFs: 357 DSPs: 5 BRAMs: 0
parallelismSelector::VERBO: [AreaEstimationVisitor] Total shareable area: LUTs: 759 FFs: 357 DSPs: 5 BRAMs: 0 Total unshareable area: LUTs: 92 FFs: 0 DSPs: 0 BRAMs: 0
parallelismSelector::VERBO: [AreaEstimationVisitor] Self shareable area: LUTs: 759 FFs: 357 DSPs: 5 BRAMs: 0 Self unshareable area: LUTs: 44 FFs: 0 DSPs: 0 BRAMs: 0
parallelismSelector::VERBO: [visitNestedHeader] Adding nested shareable area from loop(id) 44 LUTs: 759 FFs: 357 DSPs: 5 BRAMs: 0
parallelismSelector::VERBO: [Finalize] Self shareable area: LUTs: 0 FFs: 0 DSPs: 0 BRAMs: 0
parallelismSelector::VERBO: [Finalize] ParallelOperationNumPerLoop: {}
parallelismSelector::VERBO: [Finalize] Contribution of this loop to shareable area: LUTs: 0 FFs: 0 DSPs: 0 BRAMs: 0
parallelismSelector::VERBO: [AreaEstimationVisitor] Total shareable area: LUTs: 759 FFs: 357 DSPs: 5 BRAMs: 0 Total unshareable area: LUTs: 136 FFs: 0 DSPs: 0 BRAMs: 0
parallelismSelector::VERBO: [AreaEstimationVisitor] Self shareable area: LUTs: 0 FFs: 0 DSPs: 0 BRAMs: 0 Self unshareable area: LUTs: 44 FFs: 0 DSPs: 0 BRAMs: 0
parallelismSelector::VERBO: [visitNestedHeader] Adding nested shareable area from loop(id) 43 LUTs: 759 FFs: 357 DSPs: 5 BRAMs: 0
parallelismSelector::VERBO: [Finalize] Self shareable area: LUTs: 0 FFs: 0 DSPs: 0 BRAMs: 0
parallelismSelector::VERBO: [Finalize] ParallelOperationNumPerLoop: {}
parallelismSelector::VERBO: [Finalize] Contribution of this loop to shareable area: LUTs: 0 FFs: 0 DSPs: 0 BRAMs: 0
parallelismSelector::VERBO: [AreaEstimationVisitor] Total shareable area: LUTs: 759 FFs: 357 DSPs: 5 BRAMs: 0 Total unshareable area: LUTs: 148 FFs: 0 DSPs: 0 BRAMs: 0
parallelismSelector::VERBO: [AreaEstimationVisitor] Self shareable area: LUTs: 0 FFs: 0 DSPs: 0 BRAMs: 0 Self unshareable area: LUTs: 12 FFs: 0 DSPs: 0 BRAMs: 0
parallelismSelector::VERBO: [visitNestedHeader] Adding nested shareable area from loop(id) 42 LUTs: 759 FFs: 357 DSPs: 5 BRAMs: 0
parallelismSelector::VERBO: [Finalize] Self shareable area: LUTs: 416 FFs: 210 DSPs: 2 BRAMs: 0
parallelismSelector::VERBO: [Finalize] ParallelOperationNumPerLoop: {41: 1}
parallelismSelector::VERBO: [Finalize] Contribution of this loop to shareable area: LUTs: 416 FFs: 210 DSPs: 2 BRAMs: 0
parallelismSelector::VERBO: [AreaEstimationVisitor] Total shareable area: LUTs: 1175 FFs: 567 DSPs: 7 BRAMs: 0 Total unshareable area: LUTs: 232 FFs: 6 DSPs: 0 BRAMs: 0
parallelismSelector::VERBO: [AreaEstimationVisitor] Self shareable area: LUTs: 416 FFs: 210 DSPs: 2 BRAMs: 0 Self unshareable area: LUTs: 56 FFs: 6 DSPs: 0 BRAMs: 0
parallelismSelector::VERBO: [visitNestedHeader] Adding nested shareable area from loop(id) 41 LUTs: 1175 FFs: 567 DSPs: 7 BRAMs: 0
parallelismSelector::VERBO: [Finalize] Self shareable area: LUTs: 0 FFs: 0 DSPs: 0 BRAMs: 0
parallelismSelector::VERBO: [Finalize] ParallelOperationNumPerLoop: {}
parallelismSelector::VERBO: [Finalize] Contribution of this loop to shareable area: LUTs: 0 FFs: 0 DSPs: 0 BRAMs: 0
parallelismSelector::VERBO: [AreaEstimationVisitor] Total shareable area: LUTs: 1175 FFs: 567 DSPs: 7 BRAMs: 0 Total unshareable area: LUTs: 244 FFs: 6 DSPs: 0 BRAMs: 0
parallelismSelector::VERBO: [AreaEstimationVisitor] Self shareable area: LUTs: 0 FFs: 0 DSPs: 0 BRAMs: 0 Self unshareable area: LUTs: 12 FFs: 0 DSPs: 0 BRAMs: 0
parallelismSelector::VERBO: [visitNestedHeader] Adding nested shareable area from loop(id) 40 LUTs: 1175 FFs: 567 DSPs: 7 BRAMs: 0
parallelismSelector::VERBO: [Finalize] Self shareable area: LUTs: 0 FFs: 0 DSPs: 0 BRAMs: 0
parallelismSelector::VERBO: [Finalize] ParallelOperationNumPerLoop: {39: 1}
parallelismSelector::VERBO: [Finalize] Contribution of this loop to shareable area: LUTs: 0 FFs: 0 DSPs: 0 BRAMs: 0
parallelismSelector::VERBO: [AreaEstimationVisitor] Total shareable area: LUTs: 1175 FFs: 567 DSPs: 7 BRAMs: 0 Total unshareable area: LUTs: 280 FFs: 6 DSPs: 0 BRAMs: 0
parallelismSelector::VERBO: [AreaEstimationVisitor] Self shareable area: LUTs: 0 FFs: 0 DSPs: 0 BRAMs: 0 Self unshareable area: LUTs: 12 FFs: 0 DSPs: 0 BRAMs: 0
parallelismSelector::VERBO: [Finalize] Self shareable area: LUTs: 0 FFs: 0 DSPs: 0 BRAMs: 0
parallelismSelector::VERBO: [AreaEstimationVisitor] Total shareable area: LUTs: 1175 FFs: 567 DSPs: 7 BRAMs: 0 Total unshareable area: LUTs: 280 FFs: 6 DSPs: 0 BRAMs: 0
parallelismSelector::VERBO: [AreaEstimationVisitor] Self shareable area: LUTs: 0 FFs: 0 DSPs: 0 BRAMs: 0 Self unshareable area: LUTs: 0 FFs: 0 DSPs: 0 BRAMs: 0
parallelismSelector::VERBO: [AreaEstimationVisitor] CallSite: CS(3 F=214) (51->38)(52->37)
parallelismSelector::VERBO:   New Equivalence table
                             Object with value: 51 is mapped to the object with value: 38
                             Object with value: 52 is mapped to the object with value: 37
                            
parallelismSelector::VERBO: [AreaEstimationVisitor] Func: Outline_T5_F211_R75_Loop : 214
parallelismSelector::VERBO: [AreaEstimationVisitor] Loop: 34
parallelismSelector::VERBO: [AreaEstimationVisitor] Loop: 35
parallelismSelector::VERBO: [AreaEstimationVisitor] Loop: 36
parallelismSelector::VERBO: [AreaEstimationVisitor] Loop: 37
parallelismSelector::VERBO: [AreaEstimationVisitor] Loop: 38
parallelismSelector::VERBO: [Finalize] Self shareable area: LUTs: 0 FFs: 0 DSPs: 0 BRAMs: 0
parallelismSelector::VERBO: [Finalize] ParallelOperationNumPerLoop: {38: 1}
parallelismSelector::VERBO: [Finalize] Contribution of this loop to shareable area: LUTs: 0 FFs: 0 DSPs: 0 BRAMs: 0
parallelismSelector::VERBO: [AreaEstimationVisitor] Total shareable area: LUTs: 0 FFs: 0 DSPs: 0 BRAMs: 0 Total unshareable area: LUTs: 128 FFs: 6 DSPs: 0 BRAMs: 0
parallelismSelector::VERBO: [AreaEstimationVisitor] Self shareable area: LUTs: 0 FFs: 0 DSPs: 0 BRAMs: 0 Self unshareable area: LUTs: 100 FFs: 6 DSPs: 0 BRAMs: 0
parallelismSelector::VERBO: [visitNestedHeader] Adding nested shareable area from loop(id) 38 LUTs: 0 FFs: 0 DSPs: 0 BRAMs: 0
parallelismSelector::VERBO: [Finalize] Self shareable area: LUTs: 0 FFs: 0 DSPs: 0 BRAMs: 0
parallelismSelector::VERBO: [Finalize] ParallelOperationNumPerLoop: {}
parallelismSelector::VERBO: [Finalize] Contribution of this loop to shareable area: LUTs: 0 FFs: 0 DSPs: 0 BRAMs: 0
parallelismSelector::VERBO: [AreaEstimationVisitor] Total shareable area: LUTs: 0 FFs: 0 DSPs: 0 BRAMs: 0 Total unshareable area: LUTs: 172 FFs: 6 DSPs: 0 BRAMs: 0
parallelismSelector::VERBO: [AreaEstimationVisitor] Self shareable area: LUTs: 0 FFs: 0 DSPs: 0 BRAMs: 0 Self unshareable area: LUTs: 44 FFs: 0 DSPs: 0 BRAMs: 0
parallelismSelector::VERBO: [visitNestedHeader] Adding nested shareable area from loop(id) 37 LUTs: 0 FFs: 0 DSPs: 0 BRAMs: 0
parallelismSelector::VERBO: [Finalize] Self shareable area: LUTs: 0 FFs: 0 DSPs: 0 BRAMs: 0
parallelismSelector::VERBO: [Finalize] ParallelOperationNumPerLoop: {36: 1}
parallelismSelector::VERBO: [Finalize] Contribution of this loop to shareable area: LUTs: 0 FFs: 0 DSPs: 0 BRAMs: 0
parallelismSelector::VERBO: [AreaEstimationVisitor] Total shareable area: LUTs: 0 FFs: 0 DSPs: 0 BRAMs: 0 Total unshareable area: LUTs: 212 FFs: 6 DSPs: 0 BRAMs: 0
parallelismSelector::VERBO: [AreaEstimationVisitor] Self shareable area: LUTs: 0 FFs: 0 DSPs: 0 BRAMs: 0 Self unshareable area: LUTs: 12 FFs: 0 DSPs: 0 BRAMs: 0
parallelismSelector::VERBO: [visitNestedHeader] Adding nested shareable area from loop(id) 36 LUTs: 0 FFs: 0 DSPs: 0 BRAMs: 0
parallelismSelector::VERBO: [Finalize] Self shareable area: LUTs: 0 FFs: 0 DSPs: 0 BRAMs: 0
parallelismSelector::VERBO: [Finalize] ParallelOperationNumPerLoop: {}
parallelismSelector::VERBO: [Finalize] Contribution of this loop to shareable area: LUTs: 0 FFs: 0 DSPs: 0 BRAMs: 0
parallelismSelector::VERBO: [AreaEstimationVisitor] Total shareable area: LUTs: 0 FFs: 0 DSPs: 0 BRAMs: 0 Total unshareable area: LUTs: 224 FFs: 6 DSPs: 0 BRAMs: 0
parallelismSelector::VERBO: [AreaEstimationVisitor] Self shareable area: LUTs: 0 FFs: 0 DSPs: 0 BRAMs: 0 Self unshareable area: LUTs: 12 FFs: 0 DSPs: 0 BRAMs: 0
parallelismSelector::VERBO: [visitNestedHeader] Adding nested shareable area from loop(id) 35 LUTs: 0 FFs: 0 DSPs: 0 BRAMs: 0
parallelismSelector::VERBO: [Finalize] Self shareable area: LUTs: 0 FFs: 0 DSPs: 0 BRAMs: 0
parallelismSelector::VERBO: [Finalize] ParallelOperationNumPerLoop: {}
parallelismSelector::VERBO: [Finalize] Contribution of this loop to shareable area: LUTs: 0 FFs: 0 DSPs: 0 BRAMs: 0
parallelismSelector::VERBO: [AreaEstimationVisitor] Total shareable area: LUTs: 0 FFs: 0 DSPs: 0 BRAMs: 0 Total unshareable area: LUTs: 236 FFs: 6 DSPs: 0 BRAMs: 0
parallelismSelector::VERBO: [AreaEstimationVisitor] Self shareable area: LUTs: 0 FFs: 0 DSPs: 0 BRAMs: 0 Self unshareable area: LUTs: 12 FFs: 0 DSPs: 0 BRAMs: 0
parallelismSelector::VERBO: [Finalize] Self shareable area: LUTs: 0 FFs: 0 DSPs: 0 BRAMs: 0
parallelismSelector::VERBO: [AreaEstimationVisitor] Total shareable area: LUTs: 0 FFs: 0 DSPs: 0 BRAMs: 0 Total unshareable area: LUTs: 236 FFs: 6 DSPs: 0 BRAMs: 0
parallelismSelector::VERBO: [AreaEstimationVisitor] Self shareable area: LUTs: 0 FFs: 0 DSPs: 0 BRAMs: 0 Self unshareable area: LUTs: 0 FFs: 0 DSPs: 0 BRAMs: 0
parallelismSelector::VERBO: [AreaEstimationVisitor] CallSite: CS(4 F=215) (53->38)(54->33)(55->34)(56->39)
parallelismSelector::VERBO:   New Equivalence table
                             Object with value: 53 is mapped to the object with value: 38
                             Object with value: 54 is mapped to the object with value: 33
                             Object with value: 55 is mapped to the object with value: 34
                             Object with value: 56 is mapped to the object with value: 39
                            
parallelismSelector::VERBO: [AreaEstimationVisitor] Func: Outline_T6_F211_R138_Loop : 215
parallelismSelector::VERBO: [AreaEstimationVisitor] Loop: 28
parallelismSelector::VERBO: [AreaEstimationVisitor] Loop: 29
parallelismSelector::VERBO: [AreaEstimationVisitor] Loop: 30
parallelismSelector::VERBO: [AreaEstimationVisitor] Loop: 31
parallelismSelector::VERBO: [AreaEstimationVisitor] Loop: 32
parallelismSelector::VERBO: [AreaEstimationVisitor] Loop: 33
parallelismSelector::VERBO: [Finalize] Self shareable area: LUTs: 759 FFs: 357 DSPs: 5 BRAMs: 0
parallelismSelector::VERBO: [Finalize] ParallelOperationNumPerLoop: {33: 1}
parallelismSelector::VERBO: [Finalize] Contribution of this loop to shareable area: LUTs: 759 FFs: 357 DSPs: 5 BRAMs: 0
parallelismSelector::VERBO: [AreaEstimationVisitor] Total shareable area: LUTs: 759 FFs: 357 DSPs: 5 BRAMs: 0 Total unshareable area: LUTs: 96 FFs: 0 DSPs: 0 BRAMs: 0
parallelismSelector::VERBO: [AreaEstimationVisitor] Self shareable area: LUTs: 759 FFs: 357 DSPs: 5 BRAMs: 0 Self unshareable area: LUTs: 44 FFs: 0 DSPs: 0 BRAMs: 0
parallelismSelector::VERBO: [visitNestedHeader] Adding nested shareable area from loop(id) 33 LUTs: 759 FFs: 357 DSPs: 5 BRAMs: 0
parallelismSelector::VERBO: [Finalize] Self shareable area: LUTs: 0 FFs: 0 DSPs: 0 BRAMs: 0
parallelismSelector::VERBO: [Finalize] ParallelOperationNumPerLoop: {}
parallelismSelector::VERBO: [Finalize] Contribution of this loop to shareable area: LUTs: 0 FFs: 0 DSPs: 0 BRAMs: 0
parallelismSelector::VERBO: [AreaEstimationVisitor] Total shareable area: LUTs: 759 FFs: 357 DSPs: 5 BRAMs: 0 Total unshareable area: LUTs: 140 FFs: 0 DSPs: 0 BRAMs: 0
parallelismSelector::VERBO: [AreaEstimationVisitor] Self shareable area: LUTs: 0 FFs: 0 DSPs: 0 BRAMs: 0 Self unshareable area: LUTs: 44 FFs: 0 DSPs: 0 BRAMs: 0
parallelismSelector::VERBO: [visitNestedHeader] Adding nested shareable area from loop(id) 32 LUTs: 759 FFs: 357 DSPs: 5 BRAMs: 0
parallelismSelector::VERBO: [Finalize] Self shareable area: LUTs: 0 FFs: 0 DSPs: 0 BRAMs: 0
parallelismSelector::VERBO: [Finalize] ParallelOperationNumPerLoop: {}
parallelismSelector::VERBO: [Finalize] Contribution of this loop to shareable area: LUTs: 0 FFs: 0 DSPs: 0 BRAMs: 0
parallelismSelector::VERBO: [AreaEstimationVisitor] Total shareable area: LUTs: 759 FFs: 357 DSPs: 5 BRAMs: 0 Total unshareable area: LUTs: 152 FFs: 0 DSPs: 0 BRAMs: 0
parallelismSelector::VERBO: [AreaEstimationVisitor] Self shareable area: LUTs: 0 FFs: 0 DSPs: 0 BRAMs: 0 Self unshareable area: LUTs: 12 FFs: 0 DSPs: 0 BRAMs: 0
parallelismSelector::VERBO: [visitNestedHeader] Adding nested shareable area from loop(id) 31 LUTs: 759 FFs: 357 DSPs: 5 BRAMs: 0
parallelismSelector::VERBO: [Finalize] Self shareable area: LUTs: 416 FFs: 210 DSPs: 2 BRAMs: 0
parallelismSelector::VERBO: [Finalize] ParallelOperationNumPerLoop: {30: 1}
parallelismSelector::VERBO: [Finalize] Contribution of this loop to shareable area: LUTs: 416 FFs: 210 DSPs: 2 BRAMs: 0
parallelismSelector::VERBO: [AreaEstimationVisitor] Total shareable area: LUTs: 1175 FFs: 567 DSPs: 7 BRAMs: 0 Total unshareable area: LUTs: 236 FFs: 6 DSPs: 0 BRAMs: 0
parallelismSelector::VERBO: [AreaEstimationVisitor] Self shareable area: LUTs: 416 FFs: 210 DSPs: 2 BRAMs: 0 Self unshareable area: LUTs: 56 FFs: 6 DSPs: 0 BRAMs: 0
parallelismSelector::VERBO: [visitNestedHeader] Adding nested shareable area from loop(id) 30 LUTs: 1175 FFs: 567 DSPs: 7 BRAMs: 0
parallelismSelector::VERBO: [Finalize] Self shareable area: LUTs: 0 FFs: 0 DSPs: 0 BRAMs: 0
parallelismSelector::VERBO: [Finalize] ParallelOperationNumPerLoop: {}
parallelismSelector::VERBO: [Finalize] Contribution of this loop to shareable area: LUTs: 0 FFs: 0 DSPs: 0 BRAMs: 0
parallelismSelector::VERBO: [AreaEstimationVisitor] Total shareable area: LUTs: 1175 FFs: 567 DSPs: 7 BRAMs: 0 Total unshareable area: LUTs: 248 FFs: 6 DSPs: 0 BRAMs: 0
parallelismSelector::VERBO: [AreaEstimationVisitor] Self shareable area: LUTs: 0 FFs: 0 DSPs: 0 BRAMs: 0 Self unshareable area: LUTs: 12 FFs: 0 DSPs: 0 BRAMs: 0
parallelismSelector::VERBO: [visitNestedHeader] Adding nested shareable area from loop(id) 29 LUTs: 1175 FFs: 567 DSPs: 7 BRAMs: 0
parallelismSelector::VERBO: [Finalize] Self shareable area: LUTs: 0 FFs: 0 DSPs: 0 BRAMs: 0
parallelismSelector::VERBO: [Finalize] ParallelOperationNumPerLoop: {28: 1}
parallelismSelector::VERBO: [Finalize] Contribution of this loop to shareable area: LUTs: 0 FFs: 0 DSPs: 0 BRAMs: 0
parallelismSelector::VERBO: [AreaEstimationVisitor] Total shareable area: LUTs: 1175 FFs: 567 DSPs: 7 BRAMs: 0 Total unshareable area: LUTs: 284 FFs: 6 DSPs: 0 BRAMs: 0
parallelismSelector::VERBO: [AreaEstimationVisitor] Self shareable area: LUTs: 0 FFs: 0 DSPs: 0 BRAMs: 0 Self unshareable area: LUTs: 12 FFs: 0 DSPs: 0 BRAMs: 0
parallelismSelector::VERBO: [Finalize] Self shareable area: LUTs: 0 FFs: 0 DSPs: 0 BRAMs: 0
parallelismSelector::VERBO: [AreaEstimationVisitor] Total shareable area: LUTs: 1175 FFs: 567 DSPs: 7 BRAMs: 0 Total unshareable area: LUTs: 284 FFs: 6 DSPs: 0 BRAMs: 0
parallelismSelector::VERBO: [AreaEstimationVisitor] Self shareable area: LUTs: 0 FFs: 0 DSPs: 0 BRAMs: 0 Self unshareable area: LUTs: 0 FFs: 0 DSPs: 0 BRAMs: 0
parallelismSelector::VERBO: [AreaEstimationVisitor] CallSite: CS(5 F=216) (57->40)(58->39)
parallelismSelector::VERBO:   New Equivalence table
                             Object with value: 57 is mapped to the object with value: 40
                             Object with value: 58 is mapped to the object with value: 39
                            
parallelismSelector::VERBO: [AreaEstimationVisitor] Func: Outline_T7_F211_R210_Loop : 216
parallelismSelector::VERBO: [AreaEstimationVisitor] Loop: 23
parallelismSelector::VERBO: [AreaEstimationVisitor] Loop: 24
parallelismSelector::VERBO: [AreaEstimationVisitor] Loop: 25
parallelismSelector::VERBO: [AreaEstimationVisitor] Loop: 26
parallelismSelector::VERBO: [AreaEstimationVisitor] Loop: 27
parallelismSelector::VERBO: [Finalize] Self shareable area: LUTs: 0 FFs: 0 DSPs: 0 BRAMs: 0
parallelismSelector::VERBO: [Finalize] ParallelOperationNumPerLoop: {27: 1}
parallelismSelector::VERBO: [Finalize] Contribution of this loop to shareable area: LUTs: 0 FFs: 0 DSPs: 0 BRAMs: 0
parallelismSelector::VERBO: [AreaEstimationVisitor] Total shareable area: LUTs: 0 FFs: 0 DSPs: 0 BRAMs: 0 Total unshareable area: LUTs: 128 FFs: 6 DSPs: 0 BRAMs: 0
parallelismSelector::VERBO: [AreaEstimationVisitor] Self shareable area: LUTs: 0 FFs: 0 DSPs: 0 BRAMs: 0 Self unshareable area: LUTs: 100 FFs: 6 DSPs: 0 BRAMs: 0
parallelismSelector::VERBO: [visitNestedHeader] Adding nested shareable area from loop(id) 27 LUTs: 0 FFs: 0 DSPs: 0 BRAMs: 0
parallelismSelector::VERBO: [Finalize] Self shareable area: LUTs: 0 FFs: 0 DSPs: 0 BRAMs: 0
parallelismSelector::VERBO: [Finalize] ParallelOperationNumPerLoop: {}
parallelismSelector::VERBO: [Finalize] Contribution of this loop to shareable area: LUTs: 0 FFs: 0 DSPs: 0 BRAMs: 0
parallelismSelector::VERBO: [AreaEstimationVisitor] Total shareable area: LUTs: 0 FFs: 0 DSPs: 0 BRAMs: 0 Total unshareable area: LUTs: 172 FFs: 6 DSPs: 0 BRAMs: 0
parallelismSelector::VERBO: [AreaEstimationVisitor] Self shareable area: LUTs: 0 FFs: 0 DSPs: 0 BRAMs: 0 Self unshareable area: LUTs: 44 FFs: 0 DSPs: 0 BRAMs: 0
parallelismSelector::VERBO: [visitNestedHeader] Adding nested shareable area from loop(id) 26 LUTs: 0 FFs: 0 DSPs: 0 BRAMs: 0
parallelismSelector::VERBO: [Finalize] Self shareable area: LUTs: 0 FFs: 0 DSPs: 0 BRAMs: 0
parallelismSelector::VERBO: [Finalize] ParallelOperationNumPerLoop: {25: 1}
parallelismSelector::VERBO: [Finalize] Contribution of this loop to shareable area: LUTs: 0 FFs: 0 DSPs: 0 BRAMs: 0
parallelismSelector::VERBO: [AreaEstimationVisitor] Total shareable area: LUTs: 0 FFs: 0 DSPs: 0 BRAMs: 0 Total unshareable area: LUTs: 212 FFs: 6 DSPs: 0 BRAMs: 0
parallelismSelector::VERBO: [AreaEstimationVisitor] Self shareable area: LUTs: 0 FFs: 0 DSPs: 0 BRAMs: 0 Self unshareable area: LUTs: 12 FFs: 0 DSPs: 0 BRAMs: 0
parallelismSelector::VERBO: [visitNestedHeader] Adding nested shareable area from loop(id) 25 LUTs: 0 FFs: 0 DSPs: 0 BRAMs: 0
parallelismSelector::VERBO: [Finalize] Self shareable area: LUTs: 0 FFs: 0 DSPs: 0 BRAMs: 0
parallelismSelector::VERBO: [Finalize] ParallelOperationNumPerLoop: {}
parallelismSelector::VERBO: [Finalize] Contribution of this loop to shareable area: LUTs: 0 FFs: 0 DSPs: 0 BRAMs: 0
parallelismSelector::VERBO: [AreaEstimationVisitor] Total shareable area: LUTs: 0 FFs: 0 DSPs: 0 BRAMs: 0 Total unshareable area: LUTs: 224 FFs: 6 DSPs: 0 BRAMs: 0
parallelismSelector::VERBO: [AreaEstimationVisitor] Self shareable area: LUTs: 0 FFs: 0 DSPs: 0 BRAMs: 0 Self unshareable area: LUTs: 12 FFs: 0 DSPs: 0 BRAMs: 0
parallelismSelector::VERBO: [visitNestedHeader] Adding nested shareable area from loop(id) 24 LUTs: 0 FFs: 0 DSPs: 0 BRAMs: 0
parallelismSelector::VERBO: [Finalize] Self shareable area: LUTs: 0 FFs: 0 DSPs: 0 BRAMs: 0
parallelismSelector::VERBO: [Finalize] ParallelOperationNumPerLoop: {}
parallelismSelector::VERBO: [Finalize] Contribution of this loop to shareable area: LUTs: 0 FFs: 0 DSPs: 0 BRAMs: 0
parallelismSelector::VERBO: [AreaEstimationVisitor] Total shareable area: LUTs: 0 FFs: 0 DSPs: 0 BRAMs: 0 Total unshareable area: LUTs: 236 FFs: 6 DSPs: 0 BRAMs: 0
parallelismSelector::VERBO: [AreaEstimationVisitor] Self shareable area: LUTs: 0 FFs: 0 DSPs: 0 BRAMs: 0 Self unshareable area: LUTs: 12 FFs: 0 DSPs: 0 BRAMs: 0
parallelismSelector::VERBO: [Finalize] Self shareable area: LUTs: 0 FFs: 0 DSPs: 0 BRAMs: 0
parallelismSelector::VERBO: [AreaEstimationVisitor] Total shareable area: LUTs: 0 FFs: 0 DSPs: 0 BRAMs: 0 Total unshareable area: LUTs: 236 FFs: 6 DSPs: 0 BRAMs: 0
parallelismSelector::VERBO: [AreaEstimationVisitor] Self shareable area: LUTs: 0 FFs: 0 DSPs: 0 BRAMs: 0 Self unshareable area: LUTs: 0 FFs: 0 DSPs: 0 BRAMs: 0
parallelismSelector::VERBO: [AreaEstimationVisitor] CallSite: CS(6 F=217) (59->41)(60->40)
parallelismSelector::VERBO:   New Equivalence table
                             Object with value: 59 is mapped to the object with value: 41
                             Object with value: 60 is mapped to the object with value: 40
                            
parallelismSelector::VERBO: [AreaEstimationVisitor] Func: Outline_T8_F211_R273_Loop : 217
parallelismSelector::VERBO: [AreaEstimationVisitor] Loop: 20
parallelismSelector::VERBO: [AreaEstimationVisitor] Loop: 21
parallelismSelector::VERBO: [AreaEstimationVisitor] Loop: 22
parallelismSelector::VERBO: [Finalize] Self shareable area: LUTs: 416 FFs: 210 DSPs: 2 BRAMs: 0
parallelismSelector::VERBO: [Finalize] ParallelOperationNumPerLoop: {22: 1}
parallelismSelector::VERBO: [Finalize] Contribution of this loop to shareable area: LUTs: 416 FFs: 210 DSPs: 2 BRAMs: 0
parallelismSelector::VERBO: [AreaEstimationVisitor] Total shareable area: LUTs: 416 FFs: 210 DSPs: 2 BRAMs: 0 Total unshareable area: LUTs: 40 FFs: 0 DSPs: 0 BRAMs: 0
parallelismSelector::VERBO: [AreaEstimationVisitor] Self shareable area: LUTs: 416 FFs: 210 DSPs: 2 BRAMs: 0 Self unshareable area: LUTs: 12 FFs: 0 DSPs: 0 BRAMs: 0
parallelismSelector::VERBO: [visitNestedHeader] Adding nested shareable area from loop(id) 22 LUTs: 416 FFs: 210 DSPs: 2 BRAMs: 0
parallelismSelector::VERBO: [Finalize] Self shareable area: LUTs: 0 FFs: 0 DSPs: 0 BRAMs: 0
parallelismSelector::VERBO: [Finalize] ParallelOperationNumPerLoop: {}
parallelismSelector::VERBO: [Finalize] Contribution of this loop to shareable area: LUTs: 0 FFs: 0 DSPs: 0 BRAMs: 0
parallelismSelector::VERBO: [AreaEstimationVisitor] Total shareable area: LUTs: 416 FFs: 210 DSPs: 2 BRAMs: 0 Total unshareable area: LUTs: 52 FFs: 0 DSPs: 0 BRAMs: 0
parallelismSelector::VERBO: [AreaEstimationVisitor] Self shareable area: LUTs: 0 FFs: 0 DSPs: 0 BRAMs: 0 Self unshareable area: LUTs: 12 FFs: 0 DSPs: 0 BRAMs: 0
parallelismSelector::VERBO: [visitNestedHeader] Adding nested shareable area from loop(id) 21 LUTs: 416 FFs: 210 DSPs: 2 BRAMs: 0
parallelismSelector::VERBO: [Finalize] Self shareable area: LUTs: 53 FFs: 12 DSPs: 0 BRAMs: 0
parallelismSelector::VERBO: [Finalize] ParallelOperationNumPerLoop: {20: 1}
parallelismSelector::VERBO: [Finalize] Contribution of this loop to shareable area: LUTs: 53 FFs: 12 DSPs: 0 BRAMs: 0
parallelismSelector::VERBO: [AreaEstimationVisitor] Total shareable area: LUTs: 469 FFs: 222 DSPs: 2 BRAMs: 0 Total unshareable area: LUTs: 92 FFs: 0 DSPs: 0 BRAMs: 0
parallelismSelector::VERBO: [AreaEstimationVisitor] Self shareable area: LUTs: 53 FFs: 12 DSPs: 0 BRAMs: 0 Self unshareable area: LUTs: 12 FFs: 0 DSPs: 0 BRAMs: 0
parallelismSelector::VERBO: [Finalize] Self shareable area: LUTs: 0 FFs: 0 DSPs: 0 BRAMs: 0
parallelismSelector::VERBO: [AreaEstimationVisitor] Total shareable area: LUTs: 469 FFs: 222 DSPs: 2 BRAMs: 0 Total unshareable area: LUTs: 92 FFs: 0 DSPs: 0 BRAMs: 0
parallelismSelector::VERBO: [AreaEstimationVisitor] Self shareable area: LUTs: 0 FFs: 0 DSPs: 0 BRAMs: 0 Self unshareable area: LUTs: 0 FFs: 0 DSPs: 0 BRAMs: 0
parallelismSelector::VERBO: [AreaEstimationVisitor] CallSite: CS(7 F=218) (61->36)(62->30)(63->41)(64->35)
parallelismSelector::VERBO:   New Equivalence table
                             Object with value: 61 is mapped to the object with value: 36
                             Object with value: 62 is mapped to the object with value: 30
                             Object with value: 63 is mapped to the object with value: 41
                             Object with value: 64 is mapped to the object with value: 35
                            
parallelismSelector::VERBO: [AreaEstimationVisitor] Func: Outline_T9_F211_R308_Loop : 218
parallelismSelector::VERBO: [AreaEstimationVisitor] Loop: 18
parallelismSelector::VERBO: [AreaEstimationVisitor] Loop: 19
parallelismSelector::VERBO: [Finalize] Self shareable area: LUTs: 759 FFs: 357 DSPs: 5 BRAMs: 0
parallelismSelector::VERBO: [Finalize] ParallelOperationNumPerLoop: {19: 1}
parallelismSelector::VERBO: [Finalize] Contribution of this loop to shareable area: LUTs: 759 FFs: 357 DSPs: 5 BRAMs: 0
parallelismSelector::VERBO: [AreaEstimationVisitor] Total shareable area: LUTs: 759 FFs: 357 DSPs: 5 BRAMs: 0 Total unshareable area: LUTs: 64 FFs: 0 DSPs: 0 BRAMs: 0
parallelismSelector::VERBO: [AreaEstimationVisitor] Self shareable area: LUTs: 759 FFs: 357 DSPs: 5 BRAMs: 0 Self unshareable area: LUTs: 12 FFs: 0 DSPs: 0 BRAMs: 0
parallelismSelector::VERBO: [visitNestedHeader] Adding nested shareable area from loop(id) 19 LUTs: 759 FFs: 357 DSPs: 5 BRAMs: 0
parallelismSelector::VERBO: [Finalize] Self shareable area: LUTs: 416 FFs: 210 DSPs: 2 BRAMs: 0
parallelismSelector::VERBO: [Finalize] ParallelOperationNumPerLoop: {18: 1}
parallelismSelector::VERBO: [Finalize] Contribution of this loop to shareable area: LUTs: 416 FFs: 210 DSPs: 2 BRAMs: 0
parallelismSelector::VERBO: [AreaEstimationVisitor] Total shareable area: LUTs: 1175 FFs: 567 DSPs: 7 BRAMs: 0 Total unshareable area: LUTs: 124 FFs: 0 DSPs: 0 BRAMs: 0
parallelismSelector::VERBO: [AreaEstimationVisitor] Self shareable area: LUTs: 416 FFs: 210 DSPs: 2 BRAMs: 0 Self unshareable area: LUTs: 12 FFs: 0 DSPs: 0 BRAMs: 0
parallelismSelector::VERBO: [Finalize] Self shareable area: LUTs: 0 FFs: 0 DSPs: 0 BRAMs: 0
parallelismSelector::VERBO: [AreaEstimationVisitor] Total shareable area: LUTs: 1175 FFs: 567 DSPs: 7 BRAMs: 0 Total unshareable area: LUTs: 124 FFs: 0 DSPs: 0 BRAMs: 0
parallelismSelector::VERBO: [AreaEstimationVisitor] Self shareable area: LUTs: 0 FFs: 0 DSPs: 0 BRAMs: 0 Self unshareable area: LUTs: 0 FFs: 0 DSPs: 0 BRAMs: 0
parallelismSelector::VERBO: [Finalize] Self shareable area: LUTs: 0 FFs: 0 DSPs: 0 BRAMs: 0
parallelismSelector::VERBO: [AreaEstimationVisitor] Total shareable area: LUTs: 0 FFs: 0 DSPs: 0 BRAMs: 0 Total unshareable area: LUTs: 0 FFs: 0 DSPs: 0 BRAMs: 0
parallelismSelector::VERBO: [AreaEstimationVisitor] Self shareable area: LUTs: 0 FFs: 0 DSPs: 0 BRAMs: 0 Self unshareable area: LUTs: 0 FFs: 0 DSPs: 0 BRAMs: 0
parallelismSelector::VERBO: Calculate statically allocated area for variable ID 37
parallelismSelector::VERBO:     Array bits: 50466816. Elements: 1577088. Element bits: 32
parallelismSelector::VERBO:     Estimate statically allocated area assuming the BRAM resource type
parallelismSelector::VERBO:         Would allocate 2738 BRAMs according to the partition factor
parallelismSelector::VERBO: Calculate statically allocated area for variable ID 38
parallelismSelector::VERBO:     Array bits: 12616704. Elements: 394272. Element bits: 32
parallelismSelector::VERBO:     Estimate statically allocated area assuming the BRAM resource type
parallelismSelector::VERBO:         Would allocate 685 BRAMs according to the partition factor
parallelismSelector::VERBO: Calculate statically allocated area for variable ID 39
parallelismSelector::VERBO:     Array bits: 24332288. Elements: 760384. Element bits: 32
parallelismSelector::VERBO:     Estimate statically allocated area assuming the BRAM resource type
parallelismSelector::VERBO:         Would allocate 1321 BRAMs according to the partition factor
parallelismSelector::VERBO: Calculate statically allocated area for variable ID 40
parallelismSelector::VERBO:     Array bits: 5971968. Elements: 186624. Element bits: 32
parallelismSelector::VERBO:     Estimate statically allocated area assuming the BRAM resource type
parallelismSelector::VERBO:         Would allocate 324 BRAMs according to the partition factor
parallelismSelector::VERBO: Calculate statically allocated area for variable ID 41
parallelismSelector::VERBO:     Array bits: 2048. Elements: 64. Element bits: 32
parallelismSelector::VERBO:     Estimate statically allocated area assuming the BRAM resource type
parallelismSelector::VERBO:         Would allocate 1 BRAMs according to the partition factor
parallelismSelector::VERBO: Estimated metrics for the application:
parallelismSelector::VERBO: Loop with Id 18:
parallelismSelector::VERBO:     Trip count: 101 - 101
parallelismSelector::VERBO:     II: 581 - 581
parallelismSelector::VERBO:     IsPipelinedRegion: false
parallelismSelector::VERBO:     
parallelismSelector::VERBO: Loop with Id 19:
parallelismSelector::VERBO:     Circuit: { sum277.01 add289 }, Cycles: 4
parallelismSelector::VERBO:     Variable with Id 63 (gap_out):
parallelismSelector::VERBO:         II mem: 1 - 1
                                    NumAvailMemPorts: 2 - 2
                                    NumRequiredMemPorts: 1 - 1
parallelismSelector::VERBO:     Trip count: 64 - 64
parallelismSelector::VERBO:     II: 9 - 9
parallelismSelector::VERBO:     IsPipelinedRegion: false
parallelismSelector::VERBO:     
parallelismSelector::VERBO: Loop with Id 20:
parallelismSelector::VERBO:     Variable with Id 59 (gap_out):
parallelismSelector::VERBO:         II mem: 1 - 1
                                    NumAvailMemPorts: 2 - 2
                                    NumRequiredMemPorts: 1 - 1
parallelismSelector::VERBO:     Trip count: 64 - 64
parallelismSelector::VERBO:     II: 17507 - 17507
parallelismSelector::VERBO:     IsPipelinedRegion: false
parallelismSelector::VERBO:     
parallelismSelector::VERBO: Loop with Id 21:
parallelismSelector::VERBO:     Circuit: { sum246.03 sum246.11 add261 add261.lcssa }, Cycles: 4
parallelismSelector::VERBO:     Trip count: 54 - 54
parallelismSelector::VERBO:     II: 324 - 324
parallelismSelector::VERBO:     IsPipelinedRegion: false
parallelismSelector::VERBO:     
parallelismSelector::VERBO: Loop with Id 22:
parallelismSelector::VERBO:     Circuit: { sum246.11 add261 }, Cycles: 4
parallelismSelector::VERBO:     Variable with Id 60 (pool2_out):
parallelismSelector::VERBO:         II mem: 1 - 1
                                    NumAvailMemPorts: 2 - 2
                                    NumRequiredMemPorts: 1 - 1
parallelismSelector::VERBO:     Trip count: 54 - 54
parallelismSelector::VERBO:     II: 6 - 6
parallelismSelector::VERBO:     IsPipelinedRegion: false
parallelismSelector::VERBO:     
parallelismSelector::VERBO: Loop with Id 23:
parallelismSelector::VERBO:     Trip count: 64 - 64
parallelismSelector::VERBO:     II: 46656 - 46656
parallelismSelector::VERBO:     IsPipelinedRegion: false
parallelismSelector::VERBO:     
parallelismSelector::VERBO: Loop with Id 24:
parallelismSelector::VERBO:     Trip count: 54 - 54
parallelismSelector::VERBO:     II: 864 - 864
parallelismSelector::VERBO:     IsPipelinedRegion: false
parallelismSelector::VERBO:     
parallelismSelector::VERBO: Loop with Id 25:
parallelismSelector::VERBO:     Variable with Id 57 (pool2_out):
parallelismSelector::VERBO:         II mem: 1 - 1
                                    NumAvailMemPorts: 2 - 2
                                    NumRequiredMemPorts: 1 - 1
parallelismSelector::VERBO:     Trip count: 54 - 54
parallelismSelector::VERBO:     II: 16 - 16
parallelismSelector::VERBO:     IsPipelinedRegion: false
parallelismSelector::VERBO:     
parallelismSelector::VERBO: Loop with Id 26:
parallelismSelector::VERBO:     Circuit: { m194.06 m194.11 m194.2 m194.2.lcssa }, Cycles: 1
parallelismSelector::VERBO:     Trip count: 2 - 2
parallelismSelector::VERBO:     II: 8 - 8
parallelismSelector::VERBO:     IsPipelinedRegion: false
parallelismSelector::VERBO:     
parallelismSelector::VERBO: Loop with Id 27:
parallelismSelector::VERBO:     Circuit: { m194.11 m194.2 }, Cycles: 1
parallelismSelector::VERBO:     Variable with Id 58 (conv2_out):
parallelismSelector::VERBO:         II mem: 1 - 1
                                    NumAvailMemPorts: 2 - 2
                                    NumRequiredMemPorts: 1 - 1
parallelismSelector::VERBO:     Trip count: 2 - 2
parallelismSelector::VERBO:     II: 4 - 4
parallelismSelector::VERBO:     IsPipelinedRegion: false
parallelismSelector::VERBO:     
parallelismSelector::VERBO: Loop with Id 28:
parallelismSelector::VERBO:     Trip count: 64 - 64
parallelismSelector::VERBO:     II: 30866839 - 30866839
parallelismSelector::VERBO:     IsPipelinedRegion: false
parallelismSelector::VERBO:     
parallelismSelector::VERBO: Loop with Id 29:
parallelismSelector::VERBO:     Trip count: 109 - 109
parallelismSelector::VERBO:     II: 283182 - 283182
parallelismSelector::VERBO:     IsPipelinedRegion: false
parallelismSelector::VERBO:     
parallelismSelector::VERBO: Loop with Id 30:
parallelismSelector::VERBO:     Variable with Id 56 (conv2_out):
parallelismSelector::VERBO:         II mem: 1 - 1
                                    NumAvailMemPorts: 2 - 2
                                    NumRequiredMemPorts: 1 - 1
parallelismSelector::VERBO:     Trip count: 109 - 109
parallelismSelector::VERBO:     II: 2598 - 2598
parallelismSelector::VERBO:     IsPipelinedRegion: false
parallelismSelector::VERBO:     
parallelismSelector::VERBO: Loop with Id 31:
parallelismSelector::VERBO:     Circuit: { sum118.06 sum118.14 sum118.22 add148 add148.lcssa add148.lcssa.lcssa }, Cycles: 4
parallelismSelector::VERBO:     Trip count: 32 - 32
parallelismSelector::VERBO:     II: 81 - 81
parallelismSelector::VERBO:     IsPipelinedRegion: false
parallelismSelector::VERBO:     
parallelismSelector::VERBO: Loop with Id 32:
parallelismSelector::VERBO:     Circuit: { sum118.14 sum118.22 add148 add148.lcssa }, Cycles: 4
parallelismSelector::VERBO:     Trip count: 3 - 3
parallelismSelector::VERBO:     II: 27 - 27
parallelismSelector::VERBO:     IsPipelinedRegion: false
parallelismSelector::VERBO:     
parallelismSelector::VERBO: Loop with Id 33:
parallelismSelector::VERBO:     Circuit: { sum118.22 add148 }, Cycles: 4
parallelismSelector::VERBO:     Variable with Id 53 (pool1_out):
parallelismSelector::VERBO:         II mem: 1 - 1
                                    NumAvailMemPorts: 2 - 2
                                    NumRequiredMemPorts: 1 - 1
parallelismSelector::VERBO:     Trip count: 3 - 3
parallelismSelector::VERBO:     II: 9 - 9
parallelismSelector::VERBO:     IsPipelinedRegion: false
parallelismSelector::VERBO:     
parallelismSelector::VERBO: Loop with Id 34:
parallelismSelector::VERBO:     Trip count: 32 - 32
parallelismSelector::VERBO:     II: 197136 - 197136
parallelismSelector::VERBO:     IsPipelinedRegion: false
parallelismSelector::VERBO:     
parallelismSelector::VERBO: Loop with Id 35:
parallelismSelector::VERBO:     Trip count: 111 - 111
parallelismSelector::VERBO:     II: 1776 - 1776
parallelismSelector::VERBO:     IsPipelinedRegion: false
parallelismSelector::VERBO:     
parallelismSelector::VERBO: Loop with Id 36:
parallelismSelector::VERBO:     Variable with Id 51 (pool1_out):
parallelismSelector::VERBO:         II mem: 1 - 1
                                    NumAvailMemPorts: 2 - 2
                                    NumRequiredMemPorts: 1 - 1
parallelismSelector::VERBO:     Trip count: 111 - 111
parallelismSelector::VERBO:     II: 16 - 16
parallelismSelector::VERBO:     IsPipelinedRegion: false
parallelismSelector::VERBO:     
parallelismSelector::VERBO: Loop with Id 37:
parallelismSelector::VERBO:     Circuit: { m.07 m.15 m.2 m.2.lcssa }, Cycles: 1
parallelismSelector::VERBO:     Trip count: 2 - 2
parallelismSelector::VERBO:     II: 8 - 8
parallelismSelector::VERBO:     IsPipelinedRegion: false
parallelismSelector::VERBO:     
parallelismSelector::VERBO: Loop with Id 38:
parallelismSelector::VERBO:     Circuit: { m.15 m.2 }, Cycles: 1
parallelismSelector::VERBO:     Variable with Id 52 (conv1_out):
parallelismSelector::VERBO:         II mem: 1 - 1
                                    NumAvailMemPorts: 2 - 2
                                    NumRequiredMemPorts: 1 - 1
parallelismSelector::VERBO:     Trip count: 2 - 2
parallelismSelector::VERBO:     II: 4 - 4
parallelismSelector::VERBO:     IsPipelinedRegion: false
parallelismSelector::VERBO:     
parallelismSelector::VERBO: Loop with Id 39:
parallelismSelector::VERBO:     Trip count: 32 - 32
parallelismSelector::VERBO:     II: 12271717 - 12271717
parallelismSelector::VERBO:     IsPipelinedRegion: false
parallelismSelector::VERBO:     
parallelismSelector::VERBO: Loop with Id 40:
parallelismSelector::VERBO:     Trip count: 222 - 222
parallelismSelector::VERBO:     II: 55278 - 55278
parallelismSelector::VERBO:     IsPipelinedRegion: false
parallelismSelector::VERBO:     
parallelismSelector::VERBO: Loop with Id 41:
parallelismSelector::VERBO:     Variable with Id 50 (conv1_out):
parallelismSelector::VERBO:         II mem: 1 - 1
                                    NumAvailMemPorts: 2 - 2
                                    NumRequiredMemPorts: 1 - 1
parallelismSelector::VERBO:     Trip count: 222 - 222
parallelismSelector::VERBO:     II: 249 - 249
parallelismSelector::VERBO:     IsPipelinedRegion: false
parallelismSelector::VERBO:     
parallelismSelector::VERBO: Loop with Id 42:
parallelismSelector::VERBO:     Circuit: { sum.06 sum.14 sum.22 add29 add29.lcssa add29.lcssa.lcssa }, Cycles: 4
parallelismSelector::VERBO:     Trip count: 3 - 3
parallelismSelector::VERBO:     II: 81 - 81
parallelismSelector::VERBO:     IsPipelinedRegion: false
parallelismSelector::VERBO:     
parallelismSelector::VERBO: Loop with Id 43:
parallelismSelector::VERBO:     Circuit: { sum.14 sum.22 add29 add29.lcssa }, Cycles: 4
parallelismSelector::VERBO:     Trip count: 3 - 3
parallelismSelector::VERBO:     II: 27 - 27
parallelismSelector::VERBO:     IsPipelinedRegion: false
parallelismSelector::VERBO:     
parallelismSelector::VERBO: Loop with Id 44:
parallelismSelector::VERBO:     Circuit: { sum.22 add29 }, Cycles: 4
parallelismSelector::VERBO:     Trip count: 3 - 3
parallelismSelector::VERBO:     II: 9 - 9
parallelismSelector::VERBO:     IsPipelinedRegion: false
parallelismSelector::VERBO:     
parallelismSelector::VERBO: Function with Id 211:
parallelismSelector::VERBO:     Interval: 2378646129 - 2378646129
                                Latency: 2378646128 - 2378646128
parallelismSelector::VERBO: Function with Id 212:
parallelismSelector::VERBO:     Interval: 10 - 10
                                Latency: 9 - 9
parallelismSelector::VERBO: Function with Id 213:
parallelismSelector::VERBO:     Interval: 392694946 - 392694946
                                Latency: 392694945 - 392694945
parallelismSelector::VERBO: Function with Id 214:
parallelismSelector::VERBO:     Interval: 6308354 - 6308354
                                Latency: 6308353 - 6308353
parallelismSelector::VERBO: Function with Id 215:
parallelismSelector::VERBO:     Interval: 1975477698 - 1975477698
                                Latency: 1975477697 - 1975477697
parallelismSelector::VERBO: Function with Id 216:
parallelismSelector::VERBO:     Interval: 2985986 - 2985986
                                Latency: 2985985 - 2985985
parallelismSelector::VERBO: Function with Id 217:
parallelismSelector::VERBO:     Interval: 1120450 - 1120450
                                Latency: 1120449 - 1120449
parallelismSelector::VERBO: Function with Id 218:
parallelismSelector::VERBO:     Interval: 58683 - 58683
                                Latency: 58682 - 58682
